event_index,onset,duration,epoch_index,quality,high_amplitude,flat_channels,peak_to_peak_uv,label,subject,run,partition,trial_id,prediction,fold,subset
0,4.3,4.1,0,ok,False,,62.0,0,51,4,development,S051R04E00,0,0,train
1,12.5,4.1,1,ok,False,,192.0,1,51,4,development,S051R04E01,1,0,train
2,20.7,4.1,2,ok,False,,59.0,1,51,4,development,S051R04E02,0,0,train
3,28.9,4.1,3,ok,False,,198.99999999999997,0,51,4,development,S051R04E03,0,0,train
4,37.1,4.1,4,ok,False,,76.0,1,51,4,development,S051R04E04,1,0,train
5,45.3,4.1,5,ok,False,,56.0,0,51,4,development,S051R04E05,0,0,train
6,53.5,4.1,6,ok,False,,76.0,1,51,4,development,S051R04E06,0,0,train
7,61.7,4.1,7,ok,False,,61.999999999999986,0,51,4,development,S051R04E07,0,0,train
8,69.9,4.1,8,high_amplitude,True,,226.0,1,51,4,development,S051R04E08,1,0,train
9,78.1,4.1,9,ok,False,,56.0,0,51,4,development,S051R04E09,0,0,train
10,86.3,4.1,10,high_amplitude,True,,225.0,1,51,4,development,S051R04E10,0,0,train
11,94.5,4.1,11,ok,False,,68.0,0,51,4,development,S051R04E11,0,0,train
12,102.7,4.1,12,ok,False,,84.0,1,51,4,development,S051R04E12,1,0,train
13,110.9,4.1,13,ok,False,,77.0,0,51,4,development,S051R04E13,0,0,train
14,119.1,4.0,14,ok,False,,88.0,0,51,4,development,S051R04E14,0,0,train
0,4.3,4.1,15,ok,False,,153.0,1,51,8,development,S051R08E00,1,0,train
1,12.5,4.1,16,ok,False,,55.99999999999999,0,51,8,development,S051R08E01,0,0,train
2,20.7,4.1,17,ok,False,,59.0,1,51,8,development,S051R08E02,1,0,train
3,28.9,4.1,18,ok,False,,68.0,0,51,8,development,S051R08E03,1,0,train
4,37.1,4.1,19,ok,False,,67.99999999999999,1,51,8,development,S051R08E04,0,0,train
5,45.3,4.1,20,ok,False,,46.0,0,51,8,development,S051R08E05,1,0,train
6,53.5,4.1,21,ok,False,,52.00000000000001,0,51,8,development,S051R08E06,1,0,train
7,61.7,4.1,22,ok,False,,160.99999999999997,1,51,8,development,S051R08E07,1,0,train
8,69.9,4.1,23,high_amplitude,True,,263.0,1,51,8,development,S051R08E08,0,0,train
9,78.1,4.1,24,ok,False,,181.0,0,51,8,development,S051R08E09,1,0,train
10,86.3,4.1,25,ok,False,,139.0,1,51,8,development,S051R08E10,0,0,train
11,94.5,4.1,26,high_amplitude,True,,258.0,0,51,8,development,S051R08E11,1,0,train
12,102.7,4.1,27,ok,False,,50.99999999999999,1,51,8,development,S051R08E12,1,0,train
13,110.9,4.1,28,ok,False,,55.0,0,51,8,development,S051R08E13,1,0,train
14,119.1,4.0,29,high_amplitude,True,,205.0,0,51,8,development,S051R08E14,0,0,train
0,4.3,4.1,30,ok,False,,51.0,1,51,12,development,S051R12E00,0,0,train
1,12.5,4.1,31,ok,False,,40.99999999999999,0,51,12,development,S051R12E01,0,0,train
2,20.7,4.1,32,ok,False,,70.0,1,51,12,development,S051R12E02,1,0,train
3,28.9,4.1,33,ok,False,,94.0,0,51,12,development,S051R12E03,0,0,train
4,37.1,4.1,34,ok,False,,84.0,0,51,12,development,S051R12E04,1,0,train
5,45.3,4.1,35,ok,False,,93.0,1,51,12,development,S051R12E05,1,0,train
6,53.5,4.1,36,ok,False,,49.0,0,51,12,development,S051R12E06,1,0,train
7,61.7,4.1,37,ok,False,,48.0,1,51,12,development,S051R12E07,1,0,train
8,69.9,4.1,38,ok,False,,88.0,1,51,12,development,S051R12E08,1,0,train
9,78.1,4.1,39,high_amplitude,True,,212.99999999999997,0,51,12,development,S051R12E09,0,0,train
10,86.3,4.1,40,ok,False,,45.0,0,51,12,development,S051R12E10,0,0,train
11,94.5,4.1,41,ok,False,,70.00000000000001,1,51,12,development,S051R12E11,1,0,train
12,102.7,4.1,42,ok,False,,54.99999999999999,1,51,12,development,S051R12E12,1,0,train
13,110.9,4.1,43,ok,False,,61.0,0,51,12,development,S051R12E13,0,0,train
14,119.1,4.0,44,ok,False,,39.0,0,51,12,development,S051R12E14,1,0,train
0,4.3,4.1,45,high_amplitude,True,,252.0,1,64,4,development,S064R04E00,0,0,train
1,12.5,4.1,46,high_amplitude,True,,236.0,0,64,4,development,S064R04E01,1,0,train
2,20.7,4.1,47,ok,False,,150.99999999999997,1,64,4,development,S064R04E02,0,0,train
3,28.9,4.1,48,ok,False,,189.0,0,64,4,development,S064R04E03,0,0,train
4,37.1,4.1,49,ok,False,,157.0,0,64,4,development,S064R04E04,1,0,train
5,45.3,4.1,50,high_amplitude,True,,245.0,1,64,4,development,S064R04E05,1,0,train
6,53.5,4.1,51,high_amplitude,True,,243.0,0,64,4,development,S064R04E06,1,0,train
7,61.7,4.1,52,high_amplitude,True,,250.0,1,64,4,development,S064R04E07,1,0,train
8,69.9,4.1,53,ok,False,,140.0,1,64,4,development,S064R04E08,1,0,train
9,78.1,4.1,54,high_amplitude,True,,228.0,0,64,4,development,S064R04E09,0,0,train
10,86.3,4.1,55,high_amplitude,True,,206.0,0,64,4,development,S064R04E10,0,0,train
11,94.5,4.1,56,high_amplitude,True,,252.99999999999997,1,64,4,development,S064R04E11,1,0,train
12,102.7,4.1,57,high_amplitude,True,,252.99999999999997,1,64,4,development,S064R04E12,1,0,train
13,110.9,4.1,58,high_amplitude,True,,250.99999999999997,0,64,4,development,S064R04E13,0,0,train
14,119.1,4.0,59,high_amplitude,True,,206.00000000000003,0,64,4,development,S064R04E14,0,0,train
0,4.3,4.1,60,high_amplitude,True,,254.0,1,64,8,development,S064R08E00,1,0,train
1,12.5,4.1,61,ok,False,,75.0,0,64,8,development,S064R08E01,1,0,train
2,20.7,4.1,62,high_amplitude,True,,210.0,1,64,8,development,S064R08E02,1,0,train
3,28.9,4.1,63,high_amplitude,True,,218.0,0,64,8,development,S064R08E03,1,0,train
4,37.1,4.1,64,high_amplitude,True,,205.0,1,64,8,development,S064R08E04,1,0,train
5,45.3,4.1,65,ok,False,,73.0,0,64,8,development,S064R08E05,0,0,train
6,53.5,4.1,66,high_amplitude,True,,225.0,1,64,8,development,S064R08E06,1,0,train
7,61.7,4.1,67,high_amplitude,True,,248.99999999999997,0,64,8,development,S064R08E07,1,0,train
8,69.9,4.1,68,ok,False,,192.0,1,64,8,development,S064R08E08,1,0,train
9,78.1,4.1,69,ok,False,,128.0,0,64,8,development,S064R08E09,1,0,train
10,86.3,4.1,70,high_amplitude,True,,218.0,1,64,8,development,S064R08E10,1,0,train
11,94.5,4.1,71,high_amplitude,True,,219.0,0,64,8,development,S064R08E11,0,0,train
12,102.7,4.1,72,high_amplitude,True,,230.99999999999997,0,64,8,development,S064R08E12,0,0,train
13,110.9,4.1,73,high_amplitude,True,,232.0,1,64,8,development,S064R08E13,0,0,train
14,119.1,4.0,74,high_amplitude,True,,239.0,0,64,8,development,S064R08E14,1,0,train
0,4.2,4.1,75,high_amplitude,True,,232.0,1,64,12,development,S064R12E00,1,0,train
1,12.4,4.1,76,high_amplitude,True,,237.0,0,64,12,development,S064R12E01,1,0,train
2,20.6,4.1,77,ok,False,,78.0,1,64,12,development,S064R12E02,1,0,train
3,28.8,4.1,78,high_amplitude,True,,219.99999999999997,0,64,12,development,S064R12E03,1,0,train
4,37.0,4.1,79,high_amplitude,True,,228.0,1,64,12,development,S064R12E04,1,0,train
5,45.2,4.1,80,ok,False,,167.0,0,64,12,development,S064R12E05,0,0,train
6,53.4,4.1,81,ok,False,,166.0,1,64,12,development,S064R12E06,0,0,train
7,61.6,4.1,82,ok,False,,97.0,0,64,12,development,S064R12E07,0,0,train
8,69.8,4.1,83,ok,False,,190.0,1,64,12,development,S064R12E08,1,0,train
9,78.0,4.1,84,ok,False,,80.0,0,64,12,development,S064R12E09,0,0,train
10,86.2,4.1,85,ok,False,,198.0,0,64,12,development,S064R12E10,0,0,train
11,94.4,4.1,86,high_amplitude,True,,204.0,1,64,12,development,S064R12E11,1,0,train
12,102.6,4.1,87,ok,False,,95.0,0,64,12,development,S064R12E12,0,0,train
13,110.8,4.1,88,ok,False,,197.0,1,64,12,development,S064R12E13,1,0,train
14,119.0,4.0,89,high_amplitude,True,,206.0,1,64,12,development,S064R12E14,1,0,train
0,4.3,4.1,126,high_amplitude,True,,201.0,1,74,4,development,S074R04E00,1,0,train
1,12.5,4.1,127,ok,False,,122.0,0,74,4,development,S074R04E01,1,0,train
2,20.7,4.1,128,ok,False,,111.0,0,74,4,development,S074R04E02,1,0,train
3,28.9,4.1,129,ok,False,,112.0,1,74,4,development,S074R04E03,1,0,train
4,37.1,4.1,130,ok,False,,181.99999999999997,1,74,4,development,S074R04E04,0,0,train
5,45.3,4.1,131,ok,False,,109.0,0,74,4,development,S074R04E05,0,0,train
6,53.5,4.1,132,ok,False,,102.0,1,74,4,development,S074R04E06,0,0,train
7,61.7,4.1,133,ok,False,,93.0,0,74,4,development,S074R04E07,0,0,train
8,69.9,4.1,134,ok,False,,122.0,1,74,4,development,S074R04E08,1,0,train
9,78.1,4.1,135,ok,False,,97.0,0,74,4,development,S074R04E09,0,0,train
10,86.3,4.1,136,ok,False,,96.0,1,74,4,development,S074R04E10,1,0,train
11,94.5,4.1,137,ok,False,,113.0,0,74,4,development,S074R04E11,0,0,train
12,102.7,4.1,138,ok,False,,98.0,0,74,4,development,S074R04E12,0,0,train
13,110.9,4.1,139,ok,False,,114.0,1,74,4,development,S074R04E13,1,0,train
14,119.1,4.0,140,ok,False,,120.0,0,74,4,development,S074R04E14,1,0,train
0,4.2,4.1,141,ok,False,,132.99999999999997,1,74,8,development,S074R08E00,0,0,train
1,12.4,4.1,142,ok,False,,129.0,0,74,8,development,S074R08E01,0,0,train
2,20.6,4.1,143,ok,False,,100.0,1,74,8,development,S074R08E02,1,0,train
3,28.8,4.1,144,ok,False,,139.0,0,74,8,development,S074R08E03,0,0,train
4,37.0,4.1,145,ok,False,,137.0,1,74,8,development,S074R08E04,1,0,train
5,45.2,4.1,146,high_amplitude,True,,205.0,0,74,8,development,S074R08E05,0,0,train
6,53.4,4.1,147,ok,False,,140.99999999999997,0,74,8,development,S074R08E06,0,0,train
7,61.6,4.1,148,ok,False,,127.0,1,74,8,development,S074R08E07,0,0,train
8,69.8,4.1,149,ok,False,,143.0,1,74,8,development,S074R08E08,0,0,train
9,78.0,4.1,150,ok,False,,119.0,0,74,8,development,S074R08E09,0,0,train
10,86.2,4.1,151,ok,False,,121.0,0,74,8,development,S074R08E10,0,0,train
11,94.4,4.1,152,ok,False,,157.0,1,74,8,development,S074R08E11,1,0,train
12,102.6,4.1,153,ok,False,,93.0,1,74,8,development,S074R08E12,1,0,train
13,110.8,4.1,154,ok,False,,115.0,0,74,8,development,S074R08E13,1,0,train
14,119.0,4.0,155,ok,False,,147.0,0,74,8,development,S074R08E14,0,0,train
0,4.2,4.1,156,ok,False,,159.0,1,74,12,development,S074R12E00,0,0,train
1,12.4,4.1,157,ok,False,,157.0,0,74,12,development,S074R12E01,0,0,train
2,20.6,4.1,158,ok,False,,126.0,0,74,12,development,S074R12E02,1,0,train
3,28.8,4.1,159,ok,False,,140.0,1,74,12,development,S074R12E03,1,0,train
4,37.0,4.1,160,ok,False,,123.0,0,74,12,development,S074R12E04,0,0,train
5,45.2,4.1,161,ok,False,,188.0,1,74,12,development,S074R12E05,1,0,train
6,53.4,4.1,162,ok,False,,132.99999999999997,0,74,12,development,S074R12E06,1,0,train
7,61.6,4.1,163,ok,False,,143.0,1,74,12,development,S074R12E07,1,0,train
8,69.8,4.1,164,ok,False,,117.0,1,74,12,development,S074R12E08,1,0,train
9,78.0,4.1,165,ok,False,,189.0,0,74,12,development,S074R12E09,0,0,train
10,86.2,4.1,166,ok,False,,121.0,1,74,12,development,S074R12E10,0,0,train
11,94.4,4.1,167,ok,False,,126.0,0,74,12,development,S074R12E11,1,0,train
12,102.6,4.1,168,ok,False,,167.0,1,74,12,development,S074R12E12,0,0,train
13,110.8,4.1,169,ok,False,,167.0,0,74,12,development,S074R12E13,0,0,train
14,119.0,4.0,170,ok,False,,167.0,0,74,12,development,S074R12E14,0,0,train
0,4.1,4.1,171,high_amplitude,True,,451.0,0,15,4,development,S015R04E00,1,0,train
1,12.3,4.1,172,high_amplitude,True,,411.0,1,15,4,development,S015R04E01,1,0,train
2,20.5,4.1,173,high_amplitude,True,,492.99999999999994,0,15,4,development,S015R04E02,0,0,train
3,28.7,4.1,174,high_amplitude,True,,463.0,1,15,4,development,S015R04E03,1,0,train
4,36.9,4.1,175,high_amplitude,True,,419.0,1,15,4,development,S015R04E04,1,0,train
5,45.1,4.1,176,high_amplitude,True,,463.0,0,15,4,development,S015R04E05,0,0,train
6,53.3,4.1,177,high_amplitude,True,,341.0,0,15,4,development,S015R04E06,0,0,train
7,61.5,4.1,178,high_amplitude,True,,359.99999999999994,1,15,4,development,S015R04E07,1,0,train
8,69.7,4.1,179,high_amplitude,True,,387.0,0,15,4,development,S015R04E08,0,0,train
9,77.9,4.1,180,high_amplitude,True,,349.0,1,15,4,development,S015R04E09,1,0,train
10,86.1,4.1,181,high_amplitude,True,,359.99999999999994,1,15,4,development,S015R04E10,1,0,train
11,94.3,4.1,182,high_amplitude,True,,372.99999999999994,0,15,4,development,S015R04E11,0,0,train
12,102.5,4.1,183,high_amplitude,True,,327.99999999999994,1,15,4,development,S015R04E12,1,0,train
13,110.7,4.1,184,high_amplitude,True,,338.0,0,15,4,development,S015R04E13,0,0,train
14,118.9,4.1,185,high_amplitude,True,,318.00000000000006,1,15,4,development,S015R04E14,1,0,train
0,4.1,4.1,186,high_amplitude,True,,307.0,1,15,8,development,S015R08E00,1,0,train
1,12.3,4.1,187,high_amplitude,True,,335.0,0,15,8,development,S015R08E01,0,0,train
2,20.5,4.1,188,high_amplitude,True,,327.0,1,15,8,development,S015R08E02,1,0,train
3,28.7,4.1,189,high_amplitude,True,,296.99999999999994,0,15,8,development,S015R08E03,0,0,train
4,36.9,4.1,190,high_amplitude,True,,323.99999999999994,0,15,8,development,S015R08E04,0,0,train
5,45.1,4.1,191,high_amplitude,True,,420.99999999999994,1,15,8,development,S015R08E05,1,0,train
6,53.3,4.1,192,high_amplitude,True,,383.0,1,15,8,development,S015R08E06,0,0,train
7,61.5,4.1,193,high_amplitude,True,,434.0,0,15,8,development,S015R08E07,0,0,train
8,69.7,4.1,194,high_amplitude,True,,376.99999999999994,1,15,8,development,S015R08E08,1,0,train
9,77.9,4.1,195,high_amplitude,True,,358.99999999999994,0,15,8,development,S015R08E09,0,0,train
10,86.1,4.1,196,high_amplitude,True,,363.0,0,15,8,development,S015R08E10,1,0,train
11,94.3,4.1,197,high_amplitude,True,,303.0,1,15,8,development,S015R08E11,1,0,train
12,102.5,4.1,198,high_amplitude,True,,338.0,0,15,8,development,S015R08E12,0,0,train
13,110.7,4.1,199,high_amplitude,True,,304.0,1,15,8,development,S015R08E13,1,0,train
14,118.9,4.1,200,high_amplitude,True,,314.0,0,15,8,development,S015R08E14,1,0,train
0,4.1,4.1,201,high_amplitude,True,,312.0,1,15,12,development,S015R12E00,0,0,train
1,12.3,4.1,202,high_amplitude,True,,250.99999999999997,0,15,12,development,S015R12E01,0,0,train
2,20.5,4.1,203,high_amplitude,True,,276.0,1,15,12,development,S015R12E02,1,0,train
3,28.7,4.1,204,high_amplitude,True,,301.99999999999994,0,15,12,development,S015R12E03,0,0,train
4,36.9,4.1,205,high_amplitude,True,,517.0,0,15,12,development,S015R12E04,1,0,train
5,45.1,4.1,206,high_amplitude,True,,239.99999999999997,1,15,12,development,S015R12E05,1,0,train
6,53.3,4.1,207,high_amplitude,True,,294.0,1,15,12,development,S015R12E06,1,0,train
7,61.5,4.1,208,high_amplitude,True,,290.0,0,15,12,development,S015R12E07,1,0,train
8,69.7,4.1,209,high_amplitude,True,,398.0,1,15,12,development,S015R12E08,1,0,train
9,77.9,4.1,210,high_amplitude,True,,486.0,0,15,12,development,S015R12E09,1,0,train
10,86.1,4.1,211,high_amplitude,True,,445.0,0,15,12,development,S015R12E10,0,0,train
11,94.3,4.1,212,high_amplitude,True,,330.0,1,15,12,development,S015R12E11,1,0,train
12,102.5,4.1,213,high_amplitude,True,,313.0,0,15,12,development,S015R12E12,1,0,train
13,110.7,4.1,214,high_amplitude,True,,281.99999999999994,1,15,12,development,S015R12E13,1,0,train
14,118.9,4.1,215,high_amplitude,True,,271.0,0,15,12,development,S015R12E14,1,0,train
0,4.1,4.1,216,ok,False,,195.0,0,42,4,development,S042R04E00,0,0,train
1,12.3,4.1,217,high_amplitude,True,,207.0,1,42,4,development,S042R04E01,1,0,train
2,20.5,4.1,218,ok,False,,144.0,0,42,4,development,S042R04E02,0,0,train
3,28.7,4.1,219,ok,False,,121.0,1,42,4,development,S042R04E03,0,0,train
4,36.9,4.1,220,ok,False,,127.0,0,42,4,development,S042R04E04,0,0,train
5,45.1,4.1,221,ok,False,,192.99999999999997,1,42,4,development,S042R04E05,1,0,train
6,53.3,4.1,222,high_amplitude,True,,208.99999999999997,0,42,4,development,S042R04E06,0,0,train
7,61.5,4.1,223,high_amplitude,True,,228.0,1,42,4,development,S042R04E07,1,0,train
8,69.7,4.1,224,high_amplitude,True,,203.99999999999997,0,42,4,development,S042R04E08,0,0,train
9,77.9,4.1,225,high_amplitude,True,,204.0,1,42,4,development,S042R04E09,0,0,train
10,86.1,4.1,226,ok,False,,104.0,1,42,4,development,S042R04E10,1,0,train
11,94.3,4.1,227,ok,False,,170.99999999999997,0,42,4,development,S042R04E11,0,0,train
12,102.5,4.1,228,ok,False,,132.99999999999997,0,42,4,development,S042R04E12,1,0,train
13,110.7,4.1,229,ok,False,,149.0,1,42,4,development,S042R04E13,0,0,train
14,118.9,4.1,230,ok,False,,179.0,1,42,4,development,S042R04E14,1,0,train
0,4.1,4.1,231,high_amplitude,True,,213.99999999999997,0,42,8,development,S042R08E00,0,0,train
1,12.3,4.1,232,ok,False,,116.0,1,42,8,development,S042R08E01,1,0,train
2,20.5,4.1,233,ok,False,,150.0,0,42,8,development,S042R08E02,0,0,train
3,28.7,4.1,234,ok,False,,86.0,1,42,8,development,S042R08E03,1,0,train
4,36.9,4.1,235,ok,False,,142.99999999999997,0,42,8,development,S042R08E04,0,0,train
5,45.1,4.1,236,ok,False,,181.0,1,42,8,development,S042R08E05,1,0,train
6,53.3,4.1,237,high_amplitude,True,,204.0,0,42,8,development,S042R08E06,0,0,train
7,61.5,4.1,238,ok,False,,110.0,1,42,8,development,S042R08E07,1,0,train
8,69.7,4.1,239,ok,False,,136.0,0,42,8,development,S042R08E08,0,0,train
9,77.9,4.1,240,ok,False,,166.0,1,42,8,development,S042R08E09,1,0,train
10,86.1,4.1,241,ok,False,,183.99999999999997,0,42,8,development,S042R08E10,0,0,train
11,94.3,4.1,242,high_amplitude,True,,208.0,1,42,8,development,S042R08E11,1,0,train
12,102.5,4.1,243,ok,False,,108.0,1,42,8,development,S042R08E12,1,0,train
13,110.7,4.1,244,ok,False,,118.0,0,42,8,development,S042R08E13,0,0,train
14,118.9,4.1,245,ok,False,,124.0,0,42,8,development,S042R08E14,0,0,train
0,4.1,4.1,246,ok,False,,106.0,1,42,12,development,S042R12E00,1,0,train
1,12.3,4.1,247,ok,False,,109.0,0,42,12,development,S042R12E01,0,0,train
2,20.5,4.1,248,ok,False,,109.0,1,42,12,development,S042R12E02,0,0,train
3,28.7,4.1,249,high_amplitude,True,,223.0,0,42,12,development,S042R12E03,0,0,train
4,36.9,4.1,250,ok,False,,113.0,0,42,12,development,S042R12E04,0,0,train
5,45.1,4.1,251,ok,False,,118.0,1,42,12,development,S042R12E05,1,0,train
6,53.3,4.1,252,ok,False,,196.0,0,42,12,development,S042R12E06,0,0,train
7,61.5,4.1,253,ok,False,,151.99999999999997,1,42,12,development,S042R12E07,1,0,train
8,69.7,4.1,254,ok,False,,99.0,1,42,12,development,S042R12E08,1,0,train
9,77.9,4.1,255,ok,False,,108.0,0,42,12,development,S042R12E09,1,0,train
10,86.1,4.1,256,ok,False,,129.0,1,42,12,development,S042R12E10,1,0,train
11,94.3,4.1,257,ok,False,,128.0,0,42,12,development,S042R12E11,0,0,train
12,102.5,4.1,258,ok,False,,116.0,1,42,12,development,S042R12E12,1,0,train
13,110.7,4.1,259,ok,False,,110.0,0,42,12,development,S042R12E13,1,0,train
14,118.9,4.1,260,ok,False,,144.0,1,42,12,development,S042R12E14,1,0,train
0,4.1,4.1,261,high_amplitude,True,,272.99999999999994,1,36,4,development,S036R04E00,0,0,train
1,12.3,4.1,262,high_amplitude,True,,345.99999999999994,0,36,4,development,S036R04E01,1,0,train
2,20.5,4.1,263,high_amplitude,True,,1042.0,1,36,4,development,S036R04E02,0,0,train
3,28.7,4.1,264,high_amplitude,True,,497.99999999999994,0,36,4,development,S036R04E03,0,0,train
4,36.9,4.1,265,high_amplitude,True,,513.9999999999999,0,36,4,development,S036R04E04,0,0,train
5,45.1,4.1,266,high_amplitude,True,,416.00000000000006,1,36,4,development,S036R04E05,0,0,train
6,53.3,4.1,267,high_amplitude,True,,279.0,1,36,4,development,S036R04E06,0,0,train
7,61.5,4.1,268,high_amplitude,True,,378.0,0,36,4,development,S036R04E07,0,0,train
8,69.7,4.1,269,high_amplitude,True,,517.0,0,36,4,development,S036R04E08,1,0,train
9,77.9,4.1,270,high_amplitude,True,,294.0,1,36,4,development,S036R04E09,0,0,train
10,86.1,4.1,271,high_amplitude,True,,401.0,0,36,4,development,S036R04E10,0,0,train
11,94.3,4.1,272,high_amplitude,True,,339.0,1,36,4,development,S036R04E11,0,0,train
12,102.5,4.1,273,high_amplitude,True,,296.0,0,36,4,development,S036R04E12,1,0,train
13,110.7,4.1,274,high_amplitude,True,,577.0,1,36,4,development,S036R04E13,0,0,train
14,118.9,4.1,275,high_amplitude,True,,534.0,0,36,4,development,S036R04E14,0,0,train
0,4.1,4.1,276,high_amplitude,True,,343.0,0,36,8,development,S036R08E00,0,0,train
1,12.3,4.1,277,high_amplitude,True,,320.0,1,36,8,development,S036R08E01,0,0,train
2,20.5,4.1,278,high_amplitude,True,,420.0,1,36,8,development,S036R08E02,0,0,train
3,28.7,4.1,279,high_amplitude,True,,807.9999999999999,0,36,8,development,S036R08E03,1,0,train
4,36.9,4.1,280,high_amplitude,True,,655.0,0,36,8,development,S036R08E04,0,0,train
5,45.1,4.1,281,high_amplitude,True,,625.0,1,36,8,development,S036R08E05,1,0,train
6,53.3,4.1,282,high_amplitude,True,,841.0,0,36,8,development,S036R08E06,1,0,train
7,61.5,4.1,283,high_amplitude,True,,1044.0,1,36,8,development,S036R08E07,0,0,train
8,69.7,4.1,284,high_amplitude,True,,1112.9999999999998,1,36,8,development,S036R08E08,1,0,train
9,77.9,4.1,285,high_amplitude,True,,1049.0,0,36,8,development,S036R08E09,1,0,train
10,86.1,4.1,286,high_amplitude,True,,501.99999999999994,1,36,8,development,S036R08E10,1,0,train
11,94.3,4.1,287,high_amplitude,True,,426.99999999999994,0,36,8,development,S036R08E11,0,0,train
12,102.5,4.1,288,high_amplitude,True,,747.0,1,36,8,development,S036R08E12,0,0,train
13,110.7,4.1,289,high_amplitude,True,,365.99999999999994,0,36,8,development,S036R08E13,0,0,train
14,118.9,4.1,290,high_amplitude,True,,398.0,1,36,8,development,S036R08E14,0,0,train
0,4.1,4.1,291,high_amplitude,True,,359.0,0,36,12,development,S036R12E00,1,0,train
1,12.3,4.1,292,high_amplitude,True,,763.0,1,36,12,development,S036R12E01,1,0,train
2,20.5,4.1,293,high_amplitude,True,,1082.0,1,36,12,development,S036R12E02,1,0,train
3,28.7,4.1,294,high_amplitude,True,,639.0,0,36,12,development,S036R12E03,0,0,train
4,36.9,4.1,295,high_amplitude,True,,812.9999999999999,1,36,12,development,S036R12E04,0,0,train
5,45.1,4.1,296,high_amplitude,True,,1056.0,0,36,12,development,S036R12E05,1,0,train
6,53.3,4.1,297,high_amplitude,True,,1112.9999999999998,0,36,12,development,S036R12E06,0,0,train
7,61.5,4.1,298,high_amplitude,True,,811.0,1,36,12,development,S036R12E07,1,0,train
8,69.7,4.1,299,high_amplitude,True,,761.0,1,36,12,development,S036R12E08,1,0,train
9,77.9,4.1,300,high_amplitude,True,,904.0,0,36,12,development,S036R12E09,0,0,train
10,86.1,4.1,301,high_amplitude,True,,792.9999999999999,1,36,12,development,S036R12E10,0,0,train
11,94.3,4.1,302,high_amplitude,True,,776.0,0,36,12,development,S036R12E11,1,0,train
12,102.5,4.1,303,high_amplitude,True,,794.9999999999999,0,36,12,development,S036R12E12,1,0,train
13,110.7,4.1,304,high_amplitude,True,,730.0,1,36,12,development,S036R12E13,1,0,train
14,118.9,4.1,305,high_amplitude,True,,1088.0,0,36,12,development,S036R12E14,1,0,train
0,4.1,4.1,306,high_amplitude,True,,910.0,1,70,4,development,S070R04E00,0,0,train
1,12.3,4.1,307,high_amplitude,True,,821.0,0,70,4,development,S070R04E01,1,0,train
2,20.5,4.1,308,high_amplitude,True,,518.9999999999999,1,70,4,development,S070R04E02,1,0,train
3,28.7,4.1,309,high_amplitude,True,,718.0,0,70,4,development,S070R04E03,1,0,train
4,36.9,4.1,310,high_amplitude,True,,822.0,0,70,4,development,S070R04E04,0,0,train
5,45.1,4.1,311,high_amplitude,True,,722.0,1,70,4,development,S070R04E05,0,0,train
6,53.3,4.1,312,high_amplitude,True,,634.9999999999999,1,70,4,development,S070R04E06,0,0,train
7,61.5,4.1,313,high_amplitude,True,,816.9999999999999,0,70,4,development,S070R04E07,0,0,train
8,69.7,4.1,314,high_amplitude,True,,861.9999999999999,0,70,4,development,S070R04E08,0,0,train
9,77.9,4.1,315,high_amplitude,True,,797.0,1,70,4,development,S070R04E09,0,0,train
10,86.1,4.1,316,high_amplitude,True,,783.0000000000001,0,70,4,development,S070R04E10,0,0,train
11,94.3,4.1,317,high_amplitude,True,,426.99999999999994,1,70,4,development,S070R04E11,0,0,train
12,102.5,4.1,318,high_amplitude,True,,655.9999999999999,1,70,4,development,S070R04E12,1,0,train
13,110.7,4.1,319,high_amplitude,True,,727.9999999999999,0,70,4,development,S070R04E13,0,0,train
14,118.9,4.1,320,high_amplitude,True,,745.0,1,70,4,development,S070R04E14,1,0,train
0,4.1,4.1,321,high_amplitude,True,,902.0,1,70,8,development,S070R08E00,0,0,train
1,12.3,4.1,322,high_amplitude,True,,647.0,0,70,8,development,S070R08E01,0,0,train
2,20.5,4.1,323,high_amplitude,True,,408.99999999999994,0,70,8,development,S070R08E02,1,0,train
3,28.7,4.1,324,high_amplitude,True,,902.0,1,70,8,development,S070R08E03,1,0,train
4,36.9,4.1,325,high_amplitude,True,,452.99999999999994,1,70,8,development,S070R08E04,0,0,train
5,45.1,4.1,326,high_amplitude,True,,793.0,0,70,8,development,S070R08E05,1,0,train
6,53.3,4.1,327,high_amplitude,True,,761.0,1,70,8,development,S070R08E06,1,0,train
7,61.5,4.1,328,high_amplitude,True,,907.0,0,70,8,development,S070R08E07,0,0,train
8,69.7,4.1,329,high_amplitude,True,,412.99999999999994,1,70,8,development,S070R08E08,1,0,train
9,77.9,4.1,330,high_amplitude,True,,708.0,0,70,8,development,S070R08E09,0,0,train
10,86.1,4.1,331,high_amplitude,True,,500.99999999999994,1,70,8,development,S070R08E10,1,0,train
11,94.3,4.1,332,high_amplitude,True,,834.0,0,70,8,development,S070R08E11,1,0,train
12,102.5,4.1,333,high_amplitude,True,,799.0,0,70,8,development,S070R08E12,1,0,train
13,110.7,4.1,334,high_amplitude,True,,759.0,1,70,8,development,S070R08E13,1,0,train
14,118.9,4.1,335,high_amplitude,True,,683.0,0,70,8,development,S070R08E14,0,0,train
0,4.1,4.1,336,high_amplitude,True,,348.0,1,70,12,development,S070R12E00,0,0,train
1,12.3,4.1,337,high_amplitude,True,,410.0,0,70,12,development,S070R12E01,0,0,train
2,20.5,4.1,338,high_amplitude,True,,372.0,0,70,12,development,S070R12E02,0,0,train
3,28.7,4.1,339,high_amplitude,True,,368.99999999999994,1,70,12,development,S070R12E03,0,0,train
4,36.9,4.1,340,high_amplitude,True,,401.0,0,70,12,development,S070R12E04,0,0,train
5,45.1,4.1,341,high_amplitude,True,,387.0,1,70,12,development,S070R12E05,0,0,train
6,53.3,4.1,342,high_amplitude,True,,322.0,0,70,12,development,S070R12E06,0,0,train
7,61.5,4.1,343,high_amplitude,True,,383.99999999999994,1,70,12,development,S070R12E07,1,0,train
8,69.7,4.1,344,high_amplitude,True,,518.0,0,70,12,development,S070R12E08,0,0,train
9,77.9,4.1,345,high_amplitude,True,,443.0,1,70,12,development,S070R12E09,0,0,train
10,86.1,4.1,346,high_amplitude,True,,514.9999999999999,0,70,12,development,S070R12E10,0,0,train
11,94.3,4.1,347,high_amplitude,True,,419.0,1,70,12,development,S070R12E11,1,0,train
12,102.5,4.1,348,high_amplitude,True,,892.9999999999999,0,70,12,development,S070R12E12,1,0,train
13,110.7,4.1,349,high_amplitude,True,,606.0,1,70,12,development,S070R12E13,1,0,train
14,118.9,4.1,350,high_amplitude,True,,374.0,1,70,12,development,S070R12E14,1,0,train
0,4.1,4.1,396,high_amplitude,True,,921.0,0,75,4,development,S075R04E00,0,0,train
1,12.3,4.1,397,high_amplitude,True,,726.0,1,75,4,development,S075R04E01,1,0,train
2,20.5,4.1,398,high_amplitude,True,,768.0,1,75,4,development,S075R04E02,0,0,train
3,28.7,4.1,399,high_amplitude,True,,701.9999999999999,0,75,4,development,S075R04E03,0,0,train
4,36.9,4.1,400,high_amplitude,True,,765.0,1,75,4,development,S075R04E04,0,0,train
5,45.1,4.1,401,high_amplitude,True,,686.9999999999999,0,75,4,development,S075R04E05,0,0,train
6,53.3,4.1,402,high_amplitude,True,,672.0,1,75,4,development,S075R04E06,1,0,train
7,61.5,4.1,403,high_amplitude,True,,633.0,0,75,4,development,S075R04E07,0,0,train
8,69.7,4.1,404,high_amplitude,True,,706.0,1,75,4,development,S075R04E08,0,0,train
9,77.9,4.1,405,high_amplitude,True,,955.0,0,75,4,development,S075R04E09,0,0,train
10,86.1,4.1,406,high_amplitude,True,,683.9999999999999,0,75,4,development,S075R04E10,0,0,train
11,94.3,4.1,407,high_amplitude,True,,910.0,1,75,4,development,S075R04E11,0,0,train
12,102.5,4.1,408,high_amplitude,True,,1117.0,1,75,4,development,S075R04E12,0,0,train
13,110.7,4.1,409,high_amplitude,True,,1019.0,0,75,4,development,S075R04E13,0,0,train
14,118.9,4.1,410,high_amplitude,True,,652.9999999999999,1,75,4,development,S075R04E14,0,0,train
0,4.1,4.1,411,high_amplitude,True,,525.0,0,75,8,development,S075R08E00,1,0,train
1,12.3,4.1,412,high_amplitude,True,,1043.0,1,75,8,development,S075R08E01,1,0,train
2,20.5,4.1,413,high_amplitude,True,,931.0,0,75,8,development,S075R08E02,0,0,train
3,28.7,4.1,414,high_amplitude,True,,1055.0,1,75,8,development,S075R08E03,1,0,train
4,36.9,4.1,415,high_amplitude,True,,616.0,1,75,8,development,S075R08E04,1,0,train
5,45.1,4.1,416,high_amplitude,True,,868.0000000000001,0,75,8,development,S075R08E05,0,0,train
6,53.3,4.1,417,high_amplitude,True,,966.0,0,75,8,development,S075R08E06,0,0,train
7,61.5,4.1,418,high_amplitude,True,,1115.9999999999998,1,75,8,development,S075R08E07,1,0,train
8,69.7,4.1,419,high_amplitude,True,,998.0,1,75,8,development,S075R08E08,1,0,train
9,77.9,4.1,420,high_amplitude,True,,925.0,0,75,8,development,S075R08E09,0,0,train
10,86.1,4.1,421,high_amplitude,True,,904.0,1,75,8,development,S075R08E10,1,0,train
11,94.3,4.1,422,high_amplitude,True,,892.9999999999999,0,75,8,development,S075R08E11,0,0,train
12,102.5,4.1,423,high_amplitude,True,,1108.9999999999998,1,75,8,development,S075R08E12,1,0,train
13,110.7,4.1,424,high_amplitude,True,,993.0,0,75,8,development,S075R08E13,0,0,train
14,118.9,4.1,425,high_amplitude,True,,991.0,1,75,8,development,S075R08E14,1,0,train
0,4.1,4.1,426,high_amplitude,True,,998.0,0,75,12,development,S075R12E00,0,0,train
1,12.3,4.1,427,high_amplitude,True,,921.0,1,75,12,development,S075R12E01,1,0,train
2,20.5,4.1,428,high_amplitude,True,,996.0,0,75,12,development,S075R12E02,0,0,train
3,28.7,4.1,429,high_amplitude,True,,917.0,1,75,12,development,S075R12E03,1,0,train
4,36.9,4.1,430,high_amplitude,True,,1059.0,1,75,12,development,S075R12E04,1,0,train
5,45.1,4.1,431,high_amplitude,True,,928.0,0,75,12,development,S075R12E05,1,0,train
6,53.3,4.1,432,high_amplitude,True,,851.9999999999999,0,75,12,development,S075R12E06,0,0,train
7,61.5,4.1,433,high_amplitude,True,,1096.0,1,75,12,development,S075R12E07,1,0,train
8,69.7,4.1,434,high_amplitude,True,,1002.0,0,75,12,development,S075R12E08,0,0,train
9,77.9,4.1,435,high_amplitude,True,,989.0,1,75,12,development,S075R12E09,1,0,train
10,86.1,4.1,436,high_amplitude,True,,975.0,0,75,12,development,S075R12E10,0,0,train
11,94.3,4.1,437,high_amplitude,True,,1005.0,1,75,12,development,S075R12E11,1,0,train
12,102.5,4.1,438,high_amplitude,True,,1010.0,0,75,12,development,S075R12E12,0,0,train
13,110.7,4.1,439,high_amplitude,True,,1122.9999999999998,1,75,12,development,S075R12E13,1,0,train
14,118.9,4.1,440,high_amplitude,True,,877.0,0,75,12,development,S075R12E14,0,0,train
0,4.1,4.1,441,ok,False,,83.0,0,20,4,development,S020R04E00,0,0,train
1,12.3,4.1,442,ok,False,,101.0,1,20,4,development,S020R04E01,1,0,train
2,20.5,4.1,443,ok,False,,80.0,1,20,4,development,S020R04E02,0,0,train
3,28.7,4.1,444,ok,False,,80.99999999999999,0,20,4,development,S020R04E03,0,0,train
4,36.9,4.1,445,ok,False,,79.0,1,20,4,development,S020R04E04,1,0,train
5,45.1,4.1,446,ok,False,,88.0,0,20,4,development,S020R04E05,0,0,train
6,53.3,4.1,447,high_amplitude,True,,260.99999999999994,0,20,4,development,S020R04E06,0,0,train
7,61.5,4.1,448,ok,False,,113.0,1,20,4,development,S020R04E07,1,0,train
8,69.7,4.1,449,ok,False,,190.0,0,20,4,development,S020R04E08,1,0,train
9,77.9,4.1,450,ok,False,,102.0,1,20,4,development,S020R04E09,1,0,train
10,86.1,4.1,451,high_amplitude,True,,256.99999999999994,1,20,4,development,S020R04E10,0,0,train
11,94.3,4.1,452,ok,False,,142.99999999999997,0,20,4,development,S020R04E11,0,0,train
12,102.5,4.1,453,high_amplitude,True,,254.0,1,20,4,development,S020R04E12,1,0,train
13,110.7,4.1,454,ok,False,,158.0,0,20,4,development,S020R04E13,0,0,train
14,118.9,4.1,455,ok,False,,130.0,1,20,4,development,S020R04E14,1,0,train
0,4.1,4.1,456,ok,False,,91.0,1,20,8,development,S020R08E00,0,0,train
1,12.3,4.1,457,ok,False,,79.0,0,20,8,development,S020R08E01,0,0,train
2,20.5,4.1,458,ok,False,,121.0,1,20,8,development,S020R08E02,1,0,train
3,28.7,4.1,459,high_amplitude,True,,241.99999999999997,0,20,8,development,S020R08E03,0,0,train
4,36.9,4.1,460,ok,False,,89.0,0,20,8,development,S020R08E04,1,0,train
5,45.1,4.1,461,ok,False,,75.0,1,20,8,development,S020R08E05,1,0,train
6,53.3,4.1,462,ok,False,,170.0,0,20,8,development,S020R08E06,0,0,train
7,61.5,4.1,463,ok,False,,88.0,1,20,8,development,S020R08E07,1,0,train
8,69.7,4.1,464,high_amplitude,True,,241.0,0,20,8,development,S020R08E08,0,0,train
9,77.9,4.1,465,high_amplitude,True,,228.99999999999997,1,20,8,development,S020R08E09,1,0,train
10,86.1,4.1,466,high_amplitude,True,,224.0,1,20,8,development,S020R08E10,0,0,train
11,94.3,4.1,467,high_amplitude,True,,233.0,0,20,8,development,S020R08E11,0,0,train
12,102.5,4.1,468,ok,False,,84.00000000000001,1,20,8,development,S020R08E12,1,0,train
13,110.7,4.1,469,ok,False,,76.0,0,20,8,development,S020R08E13,0,0,train
14,118.9,4.1,470,high_amplitude,True,,227.99999999999997,0,20,8,development,S020R08E14,0,0,train
0,4.1,4.1,471,ok,False,,189.99999999999997,1,20,12,development,S020R12E00,1,0,train
1,12.3,4.1,472,ok,False,,83.0,0,20,12,development,S020R12E01,0,0,train
2,20.5,4.1,473,ok,False,,84.0,1,20,12,development,S020R12E02,1,0,train
3,28.7,4.1,474,ok,False,,139.0,0,20,12,development,S020R12E03,0,0,train
4,36.9,4.1,475,ok,False,,84.0,1,20,12,development,S020R12E04,1,0,train
5,45.1,4.1,476,ok,False,,97.0,0,20,12,development,S020R12E05,1,0,train
6,53.3,4.1,477,ok,False,,96.0,0,20,12,development,S020R12E06,0,0,train
7,61.5,4.1,478,ok,False,,95.0,1,20,12,development,S020R12E07,1,0,train
8,69.7,4.1,479,ok,False,,94.0,0,20,12,development,S020R12E08,0,0,train
9,77.9,4.1,480,high_amplitude,True,,240.0,1,20,12,development,S020R12E09,1,0,train
10,86.1,4.1,481,ok,False,,93.0,1,20,12,development,S020R12E10,1,0,train
11,94.3,4.1,482,ok,False,,84.99999999999999,0,20,12,development,S020R12E11,0,0,train
12,102.5,4.1,483,ok,False,,80.99999999999999,1,20,12,development,S020R12E12,1,0,train
13,110.7,4.1,484,ok,False,,100.0,0,20,12,development,S020R12E13,0,0,train
14,118.9,4.1,485,ok,False,,87.0,0,20,12,development,S020R12E14,0,0,train
0,4.1,4.1,486,high_amplitude,True,,505.99999999999994,0,10,4,development,S010R04E00,0,0,train
1,12.3,4.1,487,high_amplitude,True,,359.0,1,10,4,development,S010R04E01,0,0,train
2,20.5,4.1,488,high_amplitude,True,,665.9999999999999,0,10,4,development,S010R04E02,0,0,train
3,28.7,4.1,489,high_amplitude,True,,343.0,1,10,4,development,S010R04E03,0,0,train
4,36.9,4.1,490,high_amplitude,True,,1052.0,0,10,4,development,S010R04E04,1,0,train
5,45.1,4.1,491,high_amplitude,True,,899.0,1,10,4,development,S010R04E05,1,0,train
6,53.3,4.1,492,high_amplitude,True,,1044.0,1,10,4,development,S010R04E06,1,0,train
7,61.5,4.1,493,high_amplitude,True,,675.0,0,10,4,development,S010R04E07,0,0,train
8,69.7,4.1,494,high_amplitude,True,,940.0,1,10,4,development,S010R04E08,1,0,train
9,77.9,4.1,495,high_amplitude,True,,760.0,0,10,4,development,S010R04E09,0,0,train
10,86.1,4.1,496,high_amplitude,True,,904.0,1,10,4,development,S010R04E10,1,0,train
11,94.3,4.1,497,high_amplitude,True,,1066.9999999999998,0,10,4,development,S010R04E11,0,0,train
12,102.5,4.1,498,high_amplitude,True,,888.9999999999999,1,10,4,development,S010R04E12,1,0,train
13,110.7,4.1,499,high_amplitude,True,,624.9999999999999,0,10,4,development,S010R04E13,1,0,train
14,118.9,4.1,500,high_amplitude,True,,821.0,0,10,4,development,S010R04E14,0,0,train
0,4.1,4.1,501,high_amplitude,True,,999.0,1,10,8,development,S010R08E00,0,0,train
1,12.3,4.1,502,high_amplitude,True,,637.0,0,10,8,development,S010R08E01,0,0,train
2,20.5,4.1,503,high_amplitude,True,,305.99999999999994,0,10,8,development,S010R08E02,0,0,train
3,28.7,4.1,504,high_amplitude,True,,939.0,1,10,8,development,S010R08E03,1,0,train
4,36.9,4.1,505,high_amplitude,True,,1080.0,1,10,8,development,S010R08E04,1,0,train
5,45.1,4.1,506,high_amplitude,True,,1139.0,0,10,8,development,S010R08E05,1,0,train
6,53.3,4.1,507,high_amplitude,True,,786.9999999999999,1,10,8,development,S010R08E06,0,0,train
7,61.5,4.1,508,high_amplitude,True,,530.0,0,10,8,development,S010R08E07,1,0,train
8,69.7,4.1,509,high_amplitude,True,,979.0,1,10,8,development,S010R08E08,0,0,train
9,77.9,4.1,510,high_amplitude,True,,1096.0,0,10,8,development,S010R08E09,1,0,train
10,86.1,4.1,511,high_amplitude,True,,722.0,1,10,8,development,S010R08E10,1,0,train
11,94.3,4.1,512,high_amplitude,True,,739.0,0,10,8,development,S010R08E11,0,0,train
12,102.5,4.1,513,high_amplitude,True,,1008.0,0,10,8,development,S010R08E12,0,0,train
13,110.7,4.1,514,high_amplitude,True,,727.9999999999999,1,10,8,development,S010R08E13,1,0,train
14,118.9,4.1,515,high_amplitude,True,,763.0,0,10,8,development,S010R08E14,0,0,train
0,4.1,4.1,516,high_amplitude,True,,679.9999999999999,0,10,12,development,S010R12E00,0,0,train
1,12.3,4.1,517,high_amplitude,True,,543.0,1,10,12,development,S010R12E01,0,0,train
2,20.5,4.1,518,high_amplitude,True,,792.0,1,10,12,development,S010R12E02,1,0,train
3,28.7,4.1,519,high_amplitude,True,,851.9999999999999,0,10,12,development,S010R12E03,0,0,train
4,36.9,4.1,520,high_amplitude,True,,916.0,1,10,12,development,S010R12E04,1,0,train
5,45.1,4.1,521,high_amplitude,True,,944.0,0,10,12,development,S010R12E05,0,0,train
6,53.3,4.1,522,high_amplitude,True,,789.0,0,10,12,development,S010R12E06,1,0,train
7,61.5,4.1,523,high_amplitude,True,,879.9999999999999,1,10,12,development,S010R12E07,0,0,train
8,69.7,4.1,524,high_amplitude,True,,812.0,0,10,12,development,S010R12E08,1,0,train
9,77.9,4.1,525,high_amplitude,True,,1002.0,1,10,12,development,S010R12E09,1,0,train
10,86.1,4.1,526,high_amplitude,True,,1096.9999999999998,0,10,12,development,S010R12E10,1,0,train
11,94.3,4.1,527,high_amplitude,True,,877.9999999999999,1,10,12,development,S010R12E11,1,0,train
12,102.5,4.1,528,high_amplitude,True,,951.0,1,10,12,development,S010R12E12,1,0,train
13,110.7,4.1,529,high_amplitude,True,,869.0,0,10,12,development,S010R12E13,1,0,train
14,118.9,4.1,530,high_amplitude,True,,820.0,0,10,12,development,S010R12E14,0,0,train
0,4.1,4.1,576,high_amplitude,True,,1163.0,0,91,4,development,S091R04E00,1,0,train
1,12.3,4.1,577,high_amplitude,True,,1171.0,1,91,4,development,S091R04E01,1,0,train
2,20.5,4.1,578,high_amplitude,True,,1184.0,0,91,4,development,S091R04E02,1,0,train
3,28.7,4.1,579,high_amplitude,True,,1167.0,1,91,4,development,S091R04E03,1,0,train
4,36.9,4.1,580,high_amplitude,True,,678.0,1,91,4,development,S091R04E04,0,0,train
5,45.1,4.1,581,high_amplitude,True,,1167.9999999999998,0,91,4,development,S091R04E05,0,0,train
6,53.3,4.1,582,high_amplitude,True,,1167.9999999999998,1,91,4,development,S091R04E06,1,0,train
7,61.5,4.1,583,high_amplitude,True,,372.99999999999994,0,91,4,development,S091R04E07,0,0,train
8,69.7,4.1,584,high_amplitude,True,,1191.0,0,91,4,development,S091R04E08,1,0,train
9,77.9,4.1,585,high_amplitude,True,,1173.0,1,91,4,development,S091R04E09,0,0,train
10,86.1,4.1,586,high_amplitude,True,,1180.0,0,91,4,development,S091R04E10,1,0,train
11,94.3,4.1,587,high_amplitude,True,,1183.0,1,91,4,development,S091R04E11,1,0,train
12,102.5,4.1,588,high_amplitude,True,,1196.0,1,91,4,development,S091R04E12,1,0,train
13,110.7,4.1,589,high_amplitude,True,,1171.9999999999998,0,91,4,development,S091R04E13,1,0,train
14,118.9,4.1,590,high_amplitude,True,,1200.9999999999998,0,91,4,development,S091R04E14,0,0,train
0,4.1,4.1,591,high_amplitude,True,,1176.0,0,91,8,development,S091R08E00,1,0,train
1,12.3,4.1,592,high_amplitude,True,,1166.0,1,91,8,development,S091R08E01,1,0,train
2,20.5,4.1,593,high_amplitude,True,,1184.9999999999998,1,91,8,development,S091R08E02,0,0,train
3,28.7,4.1,594,high_amplitude,True,,1176.0,0,91,8,development,S091R08E03,1,0,train
4,36.9,4.1,595,high_amplitude,True,,1187.9999999999998,0,91,8,development,S091R08E04,0,0,train
5,45.1,4.1,596,high_amplitude,True,,1171.0,1,91,8,development,S091R08E05,1,0,train
6,53.3,4.1,597,high_amplitude,True,,1171.0,1,91,8,development,S091R08E06,1,0,train
7,61.5,4.1,598,high_amplitude,True,,1179.0,0,91,8,development,S091R08E07,1,0,train
8,69.7,4.1,599,high_amplitude,True,,1164.0,0,91,8,development,S091R08E08,0,0,train
9,77.9,4.1,600,high_amplitude,True,,1160.0,1,91,8,development,S091R08E09,1,0,train
10,86.1,4.1,601,high_amplitude,True,,1203.0,1,91,8,development,S091R08E10,0,0,train
11,94.3,4.1,602,high_amplitude,True,,1174.0,0,91,8,development,S091R08E11,0,0,train
12,102.5,4.1,603,high_amplitude,True,,1170.0,1,91,8,development,S091R08E12,1,0,train
13,110.7,4.1,604,high_amplitude,True,,1180.0,0,91,8,development,S091R08E13,0,0,train
14,118.9,4.1,605,high_amplitude,True,,1171.0,1,91,8,development,S091R08E14,1,0,train
0,4.1,4.1,606,high_amplitude,True,,1187.0,1,91,12,development,S091R12E00,1,0,train
1,12.3,4.1,607,high_amplitude,True,,1190.0,0,91,12,development,S091R12E01,1,0,train
2,20.5,4.1,608,high_amplitude,True,,1182.0,1,91,12,development,S091R12E02,0,0,train
3,28.7,4.1,609,high_amplitude,True,,1204.0,0,91,12,development,S091R12E03,0,0,train
4,36.9,4.1,610,high_amplitude,True,,1184.9999999999998,0,91,12,development,S091R12E04,1,0,train
5,45.1,4.1,611,high_amplitude,True,,1171.0,1,91,12,development,S091R12E05,0,0,train
6,53.3,4.1,612,high_amplitude,True,,1193.0,1,91,12,development,S091R12E06,0,0,train
7,61.5,4.1,613,high_amplitude,True,,1190.0,0,91,12,development,S091R12E07,0,0,train
8,69.7,4.1,614,high_amplitude,True,,1193.9999999999998,0,91,12,development,S091R12E08,1,0,train
9,77.9,4.1,615,high_amplitude,True,,1179.0,1,91,12,development,S091R12E09,0,0,train
10,86.1,4.1,616,high_amplitude,True,,1202.0,0,91,12,development,S091R12E10,1,0,train
11,94.3,4.1,617,high_amplitude,True,,1192.0,1,91,12,development,S091R12E11,0,0,train
12,102.5,4.1,618,high_amplitude,True,,1186.0,1,91,12,development,S091R12E12,1,0,train
13,110.7,4.1,619,high_amplitude,True,,1184.0,0,91,12,development,S091R12E13,0,0,train
14,118.9,4.1,620,high_amplitude,True,,1214.0,1,91,12,development,S091R12E14,0,0,train
0,4.1,4.1,621,ok,False,,130.0,1,25,4,development,S025R04E00,0,0,train
1,12.3,4.1,622,ok,False,,156.0,0,25,4,development,S025R04E01,0,0,train
2,20.5,4.1,623,high_amplitude,True,,203.0,1,25,4,development,S025R04E02,0,0,train
3,28.7,4.1,624,high_amplitude,True,,248.99999999999997,0,25,4,development,S025R04E03,0,0,train
4,36.9,4.1,625,ok,False,,138.0,1,25,4,development,S025R04E04,1,0,train
5,45.1,4.1,626,ok,False,,192.99999999999997,0,25,4,development,S025R04E05,0,0,train
6,53.3,4.1,627,ok,False,,131.0,1,25,4,development,S025R04E06,1,0,train
7,61.5,4.1,628,ok,False,,165.0,0,25,4,development,S025R04E07,0,0,train
8,69.7,4.1,629,ok,False,,127.0,1,25,4,development,S025R04E08,0,0,train
9,77.9,4.1,630,ok,False,,114.0,0,25,4,development,S025R04E09,0,0,train
10,86.1,4.1,631,ok,False,,112.0,1,25,4,development,S025R04E10,1,0,train
11,94.3,4.1,632,ok,False,,114.0,0,25,4,development,S025R04E11,1,0,train
12,102.5,4.1,633,ok,False,,129.0,0,25,4,development,S025R04E12,0,0,train
13,110.7,4.1,634,ok,False,,137.0,1,25,4,development,S025R04E13,1,0,train
14,118.9,4.1,635,ok,False,,129.0,1,25,4,development,S025R04E14,0,0,train
0,4.1,4.1,636,high_amplitude,True,,226.0,0,25,8,development,S025R08E00,0,0,train
1,12.3,4.1,637,ok,False,,194.0,1,25,8,development,S025R08E01,0,0,train
2,20.5,4.1,638,ok,False,,192.0,1,25,8,development,S025R08E02,1,0,train
3,28.7,4.1,639,high_amplitude,True,,212.99999999999997,0,25,8,development,S025R08E03,0,0,train
4,36.9,4.1,640,ok,False,,185.0,0,25,8,development,S025R08E04,1,0,train
5,45.1,4.1,641,ok,False,,172.99999999999997,1,25,8,development,S025R08E05,1,0,train
6,53.3,4.1,642,ok,False,,138.0,1,25,8,development,S025R08E06,1,0,train
7,61.5,4.1,643,ok,False,,160.0,0,25,8,development,S025R08E07,1,0,train
8,69.7,4.1,644,ok,False,,192.99999999999997,0,25,8,development,S025R08E08,0,0,train
9,77.9,4.1,645,ok,False,,199.99999999999997,1,25,8,development,S025R08E09,1,0,train
10,86.1,4.1,646,ok,False,,132.0,0,25,8,development,S025R08E10,0,0,train
11,94.3,4.1,647,ok,False,,185.0,1,25,8,development,S025R08E11,1,0,train
12,102.5,4.1,648,ok,False,,149.0,1,25,8,development,S025R08E12,1,0,train
13,110.7,4.1,649,ok,False,,177.0,0,25,8,development,S025R08E13,0,0,train
14,118.9,4.1,650,ok,False,,141.0,1,25,8,development,S025R08E14,0,0,train
0,4.1,4.1,651,ok,False,,126.0,1,25,12,development,S025R12E00,1,0,train
1,12.3,4.1,652,ok,False,,101.0,0,25,12,development,S025R12E01,0,0,train
2,20.5,4.1,653,ok,False,,116.0,0,25,12,development,S025R12E02,0,0,train
3,28.7,4.1,654,ok,False,,112.0,1,25,12,development,S025R12E03,0,0,train
4,36.9,4.1,655,ok,False,,91.0,0,25,12,development,S025R12E04,0,0,train
5,45.1,4.1,656,ok,False,,117.0,1,25,12,development,S025R12E05,1,0,train
6,53.3,4.1,657,ok,False,,115.0,1,25,12,development,S025R12E06,1,0,train
7,61.5,4.1,658,ok,False,,95.0,0,25,12,development,S025R12E07,0,0,train
8,69.7,4.1,659,ok,False,,183.0,1,25,12,development,S025R12E08,1,0,train
9,77.9,4.1,660,ok,False,,98.0,0,25,12,development,S025R12E09,0,0,train
10,86.1,4.1,661,ok,False,,106.0,1,25,12,development,S025R12E10,1,0,train
11,94.3,4.1,662,ok,False,,104.0,0,25,12,development,S025R12E11,0,0,train
12,102.5,4.1,663,ok,False,,141.99999999999997,0,25,12,development,S025R12E12,0,0,train
13,110.7,4.1,664,ok,False,,122.0,1,25,12,development,S025R12E13,0,0,train
14,118.9,4.1,665,ok,False,,143.99999999999997,0,25,12,development,S025R12E14,0,0,train
0,4.1,4.1,666,high_amplitude,True,,500.99999999999994,0,11,4,development,S011R04E00,0,0,train
1,12.3,4.1,667,high_amplitude,True,,219.99999999999997,1,11,4,development,S011R04E01,1,0,train
2,20.5,4.1,668,high_amplitude,True,,285.0,0,11,4,development,S011R04E02,1,0,train
3,28.7,4.1,669,high_amplitude,True,,206.0,1,11,4,development,S011R04E03,0,0,train
4,36.9,4.1,670,ok,False,,167.0,0,11,4,development,S011R04E04,0,0,train
5,45.1,4.1,671,ok,False,,192.99999999999997,1,11,4,development,S011R04E05,1,0,train
6,53.3,4.1,672,high_amplitude,True,,262.0,1,11,4,development,S011R04E06,0,0,train
7,61.5,4.1,673,high_amplitude,True,,245.0,0,11,4,development,S011R04E07,0,0,train
8,69.7,4.1,674,high_amplitude,True,,203.0,1,11,4,development,S011R04E08,1,0,train
9,77.9,4.1,675,high_amplitude,True,,225.0,0,11,4,development,S011R04E09,1,0,train
10,86.1,4.1,676,high_amplitude,True,,361.99999999999994,0,11,4,development,S011R04E10,0,0,train
11,94.3,4.1,677,high_amplitude,True,,394.0,1,11,4,development,S011R04E11,0,0,train
12,102.5,4.1,678,high_amplitude,True,,490.9999999999999,1,11,4,development,S011R04E12,0,0,train
13,110.7,4.1,679,high_amplitude,True,,441.0,0,11,4,development,S011R04E13,1,0,train
14,118.9,4.1,680,high_amplitude,True,,228.0,0,11,4,development,S011R04E14,0,0,train
0,4.1,4.1,681,ok,False,,169.0,0,11,8,development,S011R08E00,0,0,train
1,12.3,4.1,682,ok,False,,154.0,1,11,8,development,S011R08E01,1,0,train
2,20.5,4.1,683,high_amplitude,True,,293.0,0,11,8,development,S011R08E02,0,0,train
3,28.7,4.1,684,ok,False,,174.0,1,11,8,development,S011R08E03,1,0,train
4,36.9,4.1,685,ok,False,,167.0,0,11,8,development,S011R08E04,0,0,train
5,45.1,4.1,686,ok,False,,181.99999999999997,1,11,8,development,S011R08E05,0,0,train
6,53.3,4.1,687,ok,False,,165.0,0,11,8,development,S011R08E06,0,0,train
7,61.5,4.1,688,high_amplitude,True,,215.0,1,11,8,development,S011R08E07,1,0,train
8,69.7,4.1,689,ok,False,,170.99999999999997,1,11,8,development,S011R08E08,1,0,train
9,77.9,4.1,690,ok,False,,179.0,0,11,8,development,S011R08E09,1,0,train
10,86.1,4.1,691,high_amplitude,True,,225.99999999999997,0,11,8,development,S011R08E10,0,0,train
11,94.3,4.1,692,high_amplitude,True,,212.0,1,11,8,development,S011R08E11,1,0,train
12,102.5,4.1,693,ok,False,,165.0,0,11,8,development,S011R08E12,1,0,train
13,110.7,4.1,694,ok,False,,193.0,1,11,8,development,S011R08E13,1,0,train
14,118.9,4.1,695,high_amplitude,True,,238.99999999999997,1,11,8,development,S011R08E14,1,0,train
0,4.1,4.1,696,ok,False,,155.0,0,11,12,development,S011R12E00,1,0,train
1,12.3,4.1,697,high_amplitude,True,,206.0,1,11,12,development,S011R12E01,1,0,train
2,20.5,4.1,698,ok,False,,186.0,0,11,12,development,S011R12E02,0,0,train
3,28.7,4.1,699,high_amplitude,True,,208.99999999999997,1,11,12,development,S011R12E03,1,0,train
4,36.9,4.1,700,ok,False,,197.00000000000003,1,11,12,development,S011R12E04,1,0,train
5,45.1,4.1,701,ok,False,,149.0,0,11,12,development,S011R12E05,0,0,train
6,53.3,4.1,702,ok,False,,170.0,1,11,12,development,S011R12E06,0,0,train
7,61.5,4.1,703,ok,False,,167.0,0,11,12,development,S011R12E07,0,0,train
8,69.7,4.1,704,ok,False,,140.0,1,11,12,development,S011R12E08,0,0,train
9,77.9,4.1,705,ok,False,,177.0,0,11,12,development,S011R12E09,0,0,train
10,86.1,4.1,706,high_amplitude,True,,216.0,0,11,12,development,S011R12E10,0,0,train
11,94.3,4.1,707,high_amplitude,True,,210.99999999999997,1,11,12,development,S011R12E11,1,0,train
12,102.5,4.1,708,high_amplitude,True,,274.0,1,11,12,development,S011R12E12,0,0,train
13,110.7,4.1,709,high_amplitude,True,,248.99999999999997,0,11,12,development,S011R12E13,0,0,train
14,118.9,4.1,710,ok,False,,166.0,0,11,12,development,S011R12E14,0,0,train
0,4.1,4.1,711,high_amplitude,True,,401.0,1,87,4,development,S087R04E00,1,0,train
1,12.3,4.1,712,high_amplitude,True,,289.0,0,87,4,development,S087R04E01,1,0,train
2,20.5,4.1,713,high_amplitude,True,,318.0,0,87,4,development,S087R04E02,0,0,train
3,28.7,4.1,714,high_amplitude,True,,472.99999999999994,1,87,4,development,S087R04E03,1,0,train
4,36.9,4.1,715,high_amplitude,True,,380.0,0,87,4,development,S087R04E04,1,0,train
5,45.1,4.1,716,high_amplitude,True,,428.0,1,87,4,development,S087R04E05,1,0,train
6,53.3,4.1,717,high_amplitude,True,,505.99999999999994,0,87,4,development,S087R04E06,0,0,train
7,61.5,4.1,718,high_amplitude,True,,746.9999999999999,1,87,4,development,S087R04E07,1,0,train
8,69.7,4.1,719,high_amplitude,True,,392.0,0,87,4,development,S087R04E08,1,0,train
9,77.9,4.1,720,high_amplitude,True,,815.0,1,87,4,development,S087R04E09,1,0,train
10,86.1,4.1,721,high_amplitude,True,,486.0,0,87,4,development,S087R04E10,1,0,train
11,94.3,4.1,722,high_amplitude,True,,330.0,1,87,4,development,S087R04E11,0,0,train
12,102.5,4.1,723,high_amplitude,True,,1050.0,0,87,4,development,S087R04E12,1,0,train
13,110.7,4.1,724,high_amplitude,True,,379.0,1,87,4,development,S087R04E13,1,0,train
14,118.9,4.1,725,high_amplitude,True,,548.0,0,87,4,development,S087R04E14,1,0,train
0,4.1,4.1,726,high_amplitude,True,,278.0,1,87,8,development,S087R08E00,1,0,train
1,12.3,4.1,727,high_amplitude,True,,358.0,0,87,8,development,S087R08E01,1,0,train
2,20.5,4.1,728,high_amplitude,True,,392.0,0,87,8,development,S087R08E02,0,0,train
3,28.7,4.1,729,high_amplitude,True,,384.0,1,87,8,development,S087R08E03,1,0,train
4,36.9,4.1,730,high_amplitude,True,,484.99999999999994,0,87,8,development,S087R08E04,0,0,train
5,45.1,4.1,731,high_amplitude,True,,352.0,1,87,8,development,S087R08E05,1,0,train
6,53.3,4.1,732,high_amplitude,True,,362.0,1,87,8,development,S087R08E06,1,0,train
7,61.5,4.1,733,high_amplitude,True,,383.0,0,87,8,development,S087R08E07,0,0,train
8,69.7,4.1,734,high_amplitude,True,,406.0,0,87,8,development,S087R08E08,0,0,train
9,77.9,4.1,735,high_amplitude,True,,381.0,1,87,8,development,S087R08E09,1,0,train
10,86.1,4.1,736,high_amplitude,True,,341.0,1,87,8,development,S087R08E10,0,0,train
11,94.3,4.1,737,high_amplitude,True,,450.0,0,87,8,development,S087R08E11,1,0,train
12,102.5,4.1,738,high_amplitude,True,,503.0,0,87,8,development,S087R08E12,1,0,train
13,110.7,4.1,739,high_amplitude,True,,457.99999999999994,1,87,8,development,S087R08E13,1,0,train
14,118.9,4.1,740,high_amplitude,True,,436.0,1,87,8,development,S087R08E14,1,0,train
0,4.1,4.1,741,high_amplitude,True,,336.00000000000006,1,87,12,development,S087R12E00,0,0,train
1,12.3,4.1,742,high_amplitude,True,,320.0,0,87,12,development,S087R12E01,0,0,train
2,20.5,4.1,743,high_amplitude,True,,345.0,1,87,12,development,S087R12E02,1,0,train
3,28.7,4.1,744,high_amplitude,True,,619.0,0,87,12,development,S087R12E03,0,0,train
4,36.9,4.1,745,high_amplitude,True,,334.0,0,87,12,development,S087R12E04,1,0,train
5,45.1,4.1,746,high_amplitude,True,,327.0,1,87,12,development,S087R12E05,1,0,train
6,53.3,4.1,747,high_amplitude,True,,910.0,0,87,12,development,S087R12E06,1,0,train
7,61.5,4.1,748,high_amplitude,True,,318.0,1,87,12,development,S087R12E07,1,0,train
8,69.7,4.1,749,high_amplitude,True,,355.0,1,87,12,development,S087R12E08,1,0,train
9,77.9,4.1,750,high_amplitude,True,,387.0,0,87,12,development,S087R12E09,1,0,train
10,86.1,4.1,751,high_amplitude,True,,375.0,1,87,12,development,S087R12E10,1,0,train
11,94.3,4.1,752,high_amplitude,True,,352.0,0,87,12,development,S087R12E11,0,0,train
12,102.5,4.1,753,high_amplitude,True,,567.0,1,87,12,development,S087R12E12,1,0,train
13,110.7,4.1,754,high_amplitude,True,,445.0,0,87,12,development,S087R12E13,0,0,train
14,118.9,4.1,755,high_amplitude,True,,388.0,1,87,12,development,S087R12E14,0,0,train
0,4.1,4.1,756,high_amplitude,True,,1167.9999999999998,0,97,4,development,S097R04E00,1,0,train
1,12.3,4.1,757,high_amplitude,True,,989.0,1,97,4,development,S097R04E01,0,0,train
2,20.5,4.1,758,high_amplitude,True,,1001.0,1,97,4,development,S097R04E02,0,0,train
3,28.7,4.1,759,high_amplitude,True,,243.0,0,97,4,development,S097R04E03,0,0,train
4,36.9,4.1,760,high_amplitude,True,,241.99999999999997,0,97,4,development,S097R04E04,1,0,train
5,45.1,4.1,761,high_amplitude,True,,942.0,1,97,4,development,S097R04E05,0,0,train
6,53.3,4.1,762,high_amplitude,True,,966.0,0,97,4,development,S097R04E06,0,0,train
7,61.5,4.1,763,high_amplitude,True,,975.0,1,97,4,development,S097R04E07,0,0,train
8,69.7,4.1,764,high_amplitude,True,,1010.0,0,97,4,development,S097R04E08,0,0,train
9,77.9,4.1,765,high_amplitude,True,,423.0,1,97,4,development,S097R04E09,1,0,train
10,86.1,4.1,766,high_amplitude,True,,222.99999999999997,1,97,4,development,S097R04E10,0,0,train
11,94.3,4.1,767,high_amplitude,True,,1004.0,0,97,4,development,S097R04E11,0,0,train
12,102.5,4.1,768,high_amplitude,True,,255.00000000000003,1,97,4,development,S097R04E12,1,0,train
13,110.7,4.1,769,high_amplitude,True,,926.0,0,97,4,development,S097R04E13,1,0,train
14,118.9,4.1,770,high_amplitude,True,,243.0,0,97,4,development,S097R04E14,1,0,train
0,4.1,4.1,771,high_amplitude,True,,1037.0,0,97,8,development,S097R08E00,0,0,train
1,12.3,4.1,772,high_amplitude,True,,1054.0,1,97,8,development,S097R08E01,0,0,train
2,20.5,4.1,773,high_amplitude,True,,1069.0,1,97,8,development,S097R08E02,1,0,train
3,28.7,4.1,774,high_amplitude,True,,1078.0,0,97,8,development,S097R08E03,1,0,train
4,36.9,4.1,775,high_amplitude,True,,997.0,1,97,8,development,S097R08E04,1,0,train
5,45.1,4.1,776,high_amplitude,True,,1102.9999999999998,0,97,8,development,S097R08E05,1,0,train
6,53.3,4.1,777,high_amplitude,True,,966.0,1,97,8,development,S097R08E06,1,0,train
7,61.5,4.1,778,high_amplitude,True,,900.0,0,97,8,development,S097R08E07,1,0,train
8,69.7,4.1,779,high_amplitude,True,,924.0,1,97,8,development,S097R08E08,0,0,train
9,77.9,4.1,780,high_amplitude,True,,1055.9999999999998,0,97,8,development,S097R08E09,0,0,train
10,86.1,4.1,781,high_amplitude,True,,1019.0,0,97,8,development,S097R08E10,1,0,train
11,94.3,4.1,782,high_amplitude,True,,905.0,1,97,8,development,S097R08E11,1,0,train
12,102.5,4.1,783,high_amplitude,True,,835.9999999999999,0,97,8,development,S097R08E12,0,0,train
13,110.7,4.1,784,high_amplitude,True,,825.9999999999999,1,97,8,development,S097R08E13,1,0,train
14,118.9,4.1,785,high_amplitude,True,,944.0,1,97,8,development,S097R08E14,1,0,train
0,4.1,4.1,786,high_amplitude,True,,1071.0,1,97,12,development,S097R12E00,0,0,train
1,12.3,4.1,787,high_amplitude,True,,1082.0,0,97,12,development,S097R12E01,0,0,train
2,20.5,4.1,788,high_amplitude,True,,1125.0,1,97,12,development,S097R12E02,1,0,train
3,28.7,4.1,789,high_amplitude,True,,1078.9999999999998,0,97,12,development,S097R12E03,0,0,train
4,36.9,4.1,790,high_amplitude,True,,1082.0,1,97,12,development,S097R12E04,1,0,train
5,45.1,4.1,791,high_amplitude,True,,1120.0,0,97,12,development,S097R12E05,0,0,train
6,53.3,4.1,792,high_amplitude,True,,1063.9999999999998,0,97,12,development,S097R12E06,0,0,train
7,61.5,4.1,793,high_amplitude,True,,1019.0,1,97,12,development,S097R12E07,1,0,train
8,69.7,4.1,794,high_amplitude,True,,1050.9999999999998,1,97,12,development,S097R12E08,0,0,train
9,77.9,4.1,795,high_amplitude,True,,1034.0,0,97,12,development,S097R12E09,0,0,train
10,86.1,4.1,796,high_amplitude,True,,1073.0,1,97,12,development,S097R12E10,0,0,train
11,94.3,4.1,797,high_amplitude,True,,1052.0,0,97,12,development,S097R12E11,0,0,train
12,102.5,4.1,798,high_amplitude,True,,1109.0,0,97,12,development,S097R12E12,0,0,train
13,110.7,4.1,799,high_amplitude,True,,1069.0,1,97,12,development,S097R12E13,1,0,train
14,118.9,4.1,800,high_amplitude,True,,1043.0,0,97,12,development,S097R12E14,1,0,train
0,4.1,4.1,801,high_amplitude,True,,719.9999999999999,1,48,4,development,S048R04E00,1,0,train
1,12.3,4.1,802,high_amplitude,True,,500.0,0,48,4,development,S048R04E01,0,0,train
2,20.5,4.1,803,high_amplitude,True,,877.0,0,48,4,development,S048R04E02,0,0,train
3,28.7,4.1,804,high_amplitude,True,,526.0,1,48,4,development,S048R04E03,0,0,train
4,36.9,4.1,805,high_amplitude,True,,709.9999999999999,1,48,4,development,S048R04E04,1,0,train
5,45.1,4.1,806,high_amplitude,True,,1093.0,0,48,4,development,S048R04E05,0,0,train
6,53.3,4.1,807,high_amplitude,True,,627.0,0,48,4,development,S048R04E06,0,0,train
7,61.5,4.1,808,high_amplitude,True,,598.9999999999999,1,48,4,development,S048R04E07,1,0,train
8,69.7,4.1,809,high_amplitude,True,,587.0,0,48,4,development,S048R04E08,0,0,train
9,77.9,4.1,810,high_amplitude,True,,1171.0,1,48,4,development,S048R04E09,0,0,train
10,86.1,4.1,811,high_amplitude,True,,691.0,1,48,4,development,S048R04E10,1,0,train
11,94.3,4.1,812,high_amplitude,True,,860.9999999999999,0,48,4,development,S048R04E11,0,0,train
12,102.5,4.1,813,high_amplitude,True,,582.0,0,48,4,development,S048R04E12,0,0,train
13,110.7,4.1,814,high_amplitude,True,,794.0,1,48,4,development,S048R04E13,1,0,train
14,118.9,4.1,815,high_amplitude,True,,578.0,0,48,4,development,S048R04E14,0,0,train
0,4.1,4.1,816,high_amplitude,True,,725.0,1,48,8,development,S048R08E00,1,0,train
1,12.3,4.1,817,high_amplitude,True,,932.0,0,48,8,development,S048R08E01,0,0,train
2,20.5,4.1,818,high_amplitude,True,,886.0,0,48,8,development,S048R08E02,1,0,train
3,28.7,4.1,819,high_amplitude,True,,882.0,1,48,8,development,S048R08E03,0,0,train
4,36.9,4.1,820,high_amplitude,True,,869.0,0,48,8,development,S048R08E04,0,0,train
5,45.1,4.1,821,high_amplitude,True,,781.0,1,48,8,development,S048R08E05,1,0,train
6,53.3,4.1,822,high_amplitude,True,,789.9999999999999,1,48,8,development,S048R08E06,1,0,train
7,61.5,4.1,823,high_amplitude,True,,763.9999999999999,0,48,8,development,S048R08E07,0,0,train
8,69.7,4.1,824,high_amplitude,True,,863.0,0,48,8,development,S048R08E08,0,0,train
9,77.9,4.1,825,high_amplitude,True,,789.0,1,48,8,development,S048R08E09,1,0,train
10,86.1,4.1,826,high_amplitude,True,,802.9999999999999,1,48,8,development,S048R08E10,0,0,train
11,94.3,4.1,827,high_amplitude,True,,825.0,0,48,8,development,S048R08E11,0,0,train
12,102.5,4.1,828,high_amplitude,True,,841.0,0,48,8,development,S048R08E12,0,0,train
13,110.7,4.1,829,high_amplitude,True,,1125.9999999999998,1,48,8,development,S048R08E13,1,0,train
14,118.9,4.1,830,high_amplitude,True,,778.0,1,48,8,development,S048R08E14,1,0,train
0,4.1,4.1,831,high_amplitude,True,,543.0,1,48,12,development,S048R12E00,1,0,train
1,12.3,4.1,832,high_amplitude,True,,851.9999999999999,0,48,12,development,S048R12E01,0,0,train
2,20.5,4.1,833,high_amplitude,True,,1013.0,1,48,12,development,S048R12E02,1,0,train
3,28.7,4.1,834,high_amplitude,True,,965.0,0,48,12,development,S048R12E03,0,0,train
4,36.9,4.1,835,high_amplitude,True,,904.0,1,48,12,development,S048R12E04,0,0,train
5,45.1,4.1,836,high_amplitude,True,,1152.0,0,48,12,development,S048R12E05,0,0,train
6,53.3,4.1,837,high_amplitude,True,,900.0,0,48,12,development,S048R12E06,1,0,train
7,61.5,4.1,838,high_amplitude,True,,940.0,1,48,12,development,S048R12E07,0,0,train
8,69.7,4.1,839,high_amplitude,True,,848.9999999999999,1,48,12,development,S048R12E08,1,0,train
9,77.9,4.1,840,high_amplitude,True,,981.0,0,48,12,development,S048R12E09,0,0,train
10,86.1,4.1,841,high_amplitude,True,,1090.0,1,48,12,development,S048R12E10,1,0,train
11,94.3,4.1,842,high_amplitude,True,,1059.0,0,48,12,development,S048R12E11,0,0,train
12,102.5,4.1,843,high_amplitude,True,,1138.9999999999998,0,48,12,development,S048R12E12,1,0,train
13,110.7,4.1,844,high_amplitude,True,,1032.0,1,48,12,development,S048R12E13,1,0,train
14,118.9,4.1,845,high_amplitude,True,,1242.0,1,48,12,development,S048R12E14,1,0,train
0,4.2,4.1,891,high_amplitude,True,,1031.0,0,101,4,development,S101R04E00,1,0,train
1,12.5,4.1,892,high_amplitude,True,,393.0,1,101,4,development,S101R04E01,1,0,train
2,20.8,4.1,893,high_amplitude,True,,821.0,1,101,4,development,S101R04E02,1,0,train
3,29.1,4.1,894,high_amplitude,True,,446.0,0,101,4,development,S101R04E03,0,0,train
4,37.4,4.1,895,high_amplitude,True,,442.0,1,101,4,development,S101R04E04,1,0,train
5,45.7,4.1,896,high_amplitude,True,,357.0,0,101,4,development,S101R04E05,0,0,train
6,54.0,4.1,897,high_amplitude,True,,457.0,1,101,4,development,S101R04E06,1,0,train
7,62.3,4.1,898,high_amplitude,True,,349.0,0,101,4,development,S101R04E07,0,0,train
8,70.6,4.1,899,high_amplitude,True,,324.0,1,101,4,development,S101R04E08,0,0,train
9,78.9,4.1,900,high_amplitude,True,,461.99999999999994,0,101,4,development,S101R04E09,1,0,train
10,87.2,4.1,901,high_amplitude,True,,321.0,0,101,4,development,S101R04E10,1,0,train
11,95.5,4.1,902,high_amplitude,True,,356.0,1,101,4,development,S101R04E11,1,0,train
12,103.8,4.1,903,high_amplitude,True,,349.0,1,101,4,development,S101R04E12,1,0,train
13,112.1,4.1,904,high_amplitude,True,,310.99999999999994,0,101,4,development,S101R04E13,0,0,train
14,120.4,4.1,905,high_amplitude,True,,513.9999999999999,0,101,4,development,S101R04E14,0,0,train
0,4.2,4.1,906,high_amplitude,True,,407.0,1,101,8,development,S101R08E00,0,0,train
1,12.5,4.1,907,high_amplitude,True,,323.0,0,101,8,development,S101R08E01,1,0,train
2,20.8,4.1,908,high_amplitude,True,,357.0,0,101,8,development,S101R08E02,0,0,train
3,29.1,4.1,909,high_amplitude,True,,349.0,1,101,8,development,S101R08E03,0,0,train
4,37.4,4.1,910,high_amplitude,True,,291.0,1,101,8,development,S101R08E04,1,0,train
5,45.7,4.1,911,high_amplitude,True,,338.0,0,101,8,development,S101R08E05,0,0,train
6,54.0,4.1,912,high_amplitude,True,,349.99999999999994,0,101,8,development,S101R08E06,0,0,train
7,62.3,4.1,913,high_amplitude,True,,323.0,1,101,8,development,S101R08E07,0,0,train
8,70.6,4.1,914,high_amplitude,True,,423.0,1,101,8,development,S101R08E08,1,0,train
9,78.9,4.1,915,high_amplitude,True,,343.0,0,101,8,development,S101R08E09,0,0,train
10,87.2,4.1,916,high_amplitude,True,,383.0,1,101,8,development,S101R08E10,1,0,train
11,95.5,4.1,917,high_amplitude,True,,307.0,0,101,8,development,S101R08E11,0,0,train
12,103.8,4.1,918,high_amplitude,True,,335.0,1,101,8,development,S101R08E12,0,0,train
13,112.1,4.1,919,high_amplitude,True,,318.00000000000006,0,101,8,development,S101R08E13,1,0,train
14,120.4,4.1,920,high_amplitude,True,,381.0,1,101,8,development,S101R08E14,1,0,train
0,4.2,4.1,921,high_amplitude,True,,350.0,0,101,12,development,S101R12E00,0,0,train
1,12.5,4.1,922,high_amplitude,True,,326.0,1,101,12,development,S101R12E01,1,0,train
2,20.8,4.1,923,high_amplitude,True,,285.0,0,101,12,development,S101R12E02,1,0,train
3,29.1,4.1,924,high_amplitude,True,,323.99999999999994,1,101,12,development,S101R12E03,0,0,train
4,37.4,4.1,925,high_amplitude,True,,354.99999999999994,1,101,12,development,S101R12E04,0,0,train
5,45.7,4.1,926,high_amplitude,True,,354.99999999999994,0,101,12,development,S101R12E05,0,0,train
6,54.0,4.1,927,high_amplitude,True,,277.0,1,101,12,development,S101R12E06,1,0,train
7,62.3,4.1,928,high_amplitude,True,,314.99999999999994,0,101,12,development,S101R12E07,0,0,train
8,70.6,4.1,929,high_amplitude,True,,331.0,1,101,12,development,S101R12E08,1,0,train
9,78.9,4.1,930,high_amplitude,True,,286.0,0,101,12,development,S101R12E09,0,0,train
10,87.2,4.1,931,high_amplitude,True,,336.99999999999994,1,101,12,development,S101R12E10,1,0,train
11,95.5,4.1,932,high_amplitude,True,,274.99999999999994,0,101,12,development,S101R12E11,0,0,train
12,103.8,4.1,933,high_amplitude,True,,301.99999999999994,0,101,12,development,S101R12E12,0,0,train
13,112.1,4.1,934,high_amplitude,True,,285.0,1,101,12,development,S101R12E13,1,0,train
14,120.4,4.1,935,high_amplitude,True,,298.0,1,101,12,development,S101R12E14,1,0,train
0,4.1,4.1,936,high_amplitude,True,,254.0,1,26,4,development,S026R04E00,1,0,train
1,12.3,4.1,937,high_amplitude,True,,246.00000000000003,0,26,4,development,S026R04E01,0,0,train
2,20.5,4.1,938,high_amplitude,True,,250.99999999999997,1,26,4,development,S026R04E02,1,0,train
3,28.7,4.1,939,ok,False,,154.0,0,26,4,development,S026R04E03,0,0,train
4,36.9,4.1,940,ok,False,,196.0,1,26,4,development,S026R04E04,1,0,train
5,45.1,4.1,941,ok,False,,134.99999999999997,0,26,4,development,S026R04E05,1,0,train
6,53.3,4.1,942,high_amplitude,True,,231.0,0,26,4,development,S026R04E06,1,0,train
7,61.5,4.1,943,high_amplitude,True,,301.0,1,26,4,development,S026R04E07,1,0,train
8,69.7,4.1,944,high_amplitude,True,,239.0,0,26,4,development,S026R04E08,1,0,train
9,77.9,4.1,945,high_amplitude,True,,255.00000000000003,1,26,4,development,S026R04E09,1,0,train
10,86.1,4.1,946,high_amplitude,True,,248.99999999999997,0,26,4,development,S026R04E10,0,0,train
11,94.3,4.1,947,ok,False,,194.0,1,26,4,development,S026R04E11,1,0,train
12,102.5,4.1,948,high_amplitude,True,,246.00000000000003,1,26,4,development,S026R04E12,1,0,train
13,110.7,4.1,949,ok,False,,126.0,0,26,4,development,S026R04E13,1,0,train
14,118.9,4.1,950,high_amplitude,True,,234.99999999999997,0,26,4,development,S026R04E14,0,0,train
0,4.1,4.1,951,high_amplitude,True,,243.0,0,26,8,development,S026R08E00,0,0,train
1,12.3,4.1,952,ok,False,,91.0,1,26,8,development,S026R08E01,0,0,train
2,20.5,4.1,953,high_amplitude,True,,237.00000000000003,0,26,8,development,S026R08E02,0,0,train
3,28.7,4.1,954,high_amplitude,True,,250.0,1,26,8,development,S026R08E03,0,0,train
4,36.9,4.1,955,ok,False,,114.0,1,26,8,development,S026R08E04,0,0,train
5,45.1,4.1,956,ok,False,,105.0,0,26,8,development,S026R08E05,0,0,train
6,53.3,4.1,957,high_amplitude,True,,239.99999999999997,1,26,8,development,S026R08E06,1,0,train
7,61.5,4.1,958,high_amplitude,True,,245.0,0,26,8,development,S026R08E07,0,0,train
8,69.7,4.1,959,ok,False,,102.0,1,26,8,development,S026R08E08,1,0,train
9,77.9,4.1,960,ok,False,,124.0,0,26,8,development,S026R08E09,0,0,train
10,86.1,4.1,961,ok,False,,118.0,1,26,8,development,S026R08E10,1,0,train
11,94.3,4.1,962,ok,False,,128.0,0,26,8,development,S026R08E11,0,0,train
12,102.5,4.1,963,high_amplitude,True,,251.00000000000003,1,26,8,development,S026R08E12,0,0,train
13,110.7,4.1,964,high_amplitude,True,,225.0,0,26,8,development,S026R08E13,0,0,train
14,118.9,4.1,965,high_amplitude,True,,236.0,0,26,8,development,S026R08E14,0,0,train
0,4.1,4.1,966,ok,False,,113.0,0,26,12,development,S026R12E00,0,0,train
1,12.3,4.1,967,high_amplitude,True,,260.0,1,26,12,development,S026R12E01,0,0,train
2,20.5,4.1,968,high_amplitude,True,,239.99999999999997,1,26,12,development,S026R12E02,1,0,train
3,28.7,4.1,969,ok,False,,195.0,0,26,12,development,S026R12E03,0,0,train
4,36.9,4.1,970,ok,False,,85.0,1,26,12,development,S026R12E04,1,0,train
5,45.1,4.1,971,ok,False,,98.0,0,26,12,development,S026R12E05,0,0,train
6,53.3,4.1,972,high_amplitude,True,,245.0,0,26,12,development,S026R12E06,0,0,train
7,61.5,4.1,973,high_amplitude,True,,212.0,1,26,12,development,S026R12E07,1,0,train
8,69.7,4.1,974,high_amplitude,True,,236.0,0,26,12,development,S026R12E08,0,0,train
9,77.9,4.1,975,high_amplitude,True,,217.00000000000003,1,26,12,development,S026R12E09,0,0,train
10,86.1,4.1,976,high_amplitude,True,,237.00000000000003,0,26,12,development,S026R12E10,0,0,train
11,94.3,4.1,977,high_amplitude,True,,223.0,1,26,12,development,S026R12E11,0,0,train
12,102.5,4.1,978,high_amplitude,True,,241.0,0,26,12,development,S026R12E12,0,0,train
13,110.7,4.1,979,high_amplitude,True,,222.0,1,26,12,development,S026R12E13,0,0,train
14,118.9,4.1,980,high_amplitude,True,,255.00000000000003,0,26,12,development,S026R12E14,0,0,train
0,4.1,4.1,981,high_amplitude,True,,492.99999999999994,0,59,4,development,S059R04E00,0,0,train
1,12.3,4.1,982,high_amplitude,True,,701.0,1,59,4,development,S059R04E01,0,0,train
2,20.5,4.1,983,high_amplitude,True,,539.0,0,59,4,development,S059R04E02,0,0,train
3,28.7,4.1,984,high_amplitude,True,,915.0,1,59,4,development,S059R04E03,0,0,train
4,36.9,4.1,985,high_amplitude,True,,1125.9999999999998,0,59,4,development,S059R04E04,0,0,train
5,45.1,4.1,986,high_amplitude,True,,461.0,1,59,4,development,S059R04E05,0,0,train
6,53.3,4.1,987,high_amplitude,True,,1217.0,0,59,4,development,S059R04E06,0,0,train
7,61.5,4.1,988,high_amplitude,True,,1374.0,1,59,4,development,S059R04E07,1,0,train
8,69.7,4.1,989,high_amplitude,True,,917.0,1,59,4,development,S059R04E08,1,0,train
9,77.9,4.1,990,high_amplitude,True,,514.9999999999999,0,59,4,development,S059R04E09,1,0,train
10,86.1,4.1,991,high_amplitude,True,,1043.9999999999998,0,59,4,development,S059R04E10,1,0,train
11,94.3,4.1,992,high_amplitude,True,,1158.9999999999998,1,59,4,development,S059R04E11,0,0,train
12,102.5,4.1,993,high_amplitude,True,,1006.0,1,59,4,development,S059R04E12,0,0,train
13,110.7,4.1,994,high_amplitude,True,,824.0,0,59,4,development,S059R04E13,0,0,train
14,118.9,4.1,995,high_amplitude,True,,944.0,0,59,4,development,S059R04E14,0,0,train
0,4.1,4.1,996,high_amplitude,True,,767.0,0,59,8,development,S059R08E00,1,0,train
1,12.3,4.1,997,high_amplitude,True,,457.0,1,59,8,development,S059R08E01,1,0,train
2,20.5,4.1,998,high_amplitude,True,,963.0,1,59,8,development,S059R08E02,1,0,train
3,28.7,4.1,999,high_amplitude,True,,928.0,0,59,8,development,S059R08E03,1,0,train
4,36.9,4.1,1000,high_amplitude,True,,728.9999999999999,0,59,8,development,S059R08E04,0,0,train
5,45.1,4.1,1001,high_amplitude,True,,407.0,1,59,8,development,S059R08E05,0,0,train
6,53.3,4.1,1002,high_amplitude,True,,1014.0,0,59,8,development,S059R08E06,1,0,train
7,61.5,4.1,1003,high_amplitude,True,,1131.0,1,59,8,development,S059R08E07,1,0,train
8,69.7,4.1,1004,high_amplitude,True,,1134.0,0,59,8,development,S059R08E08,0,0,train
9,77.9,4.1,1005,high_amplitude,True,,1197.9999999999998,1,59,8,development,S059R08E09,0,0,train
10,86.1,4.1,1006,high_amplitude,True,,1050.0,0,59,8,development,S059R08E10,0,0,train
11,94.3,4.1,1007,high_amplitude,True,,465.0,1,59,8,development,S059R08E11,0,0,train
12,102.5,4.1,1008,high_amplitude,True,,545.0,0,59,8,development,S059R08E12,0,0,train
13,110.7,4.1,1009,high_amplitude,True,,887.0,1,59,8,development,S059R08E13,0,0,train
14,118.9,4.1,1010,high_amplitude,True,,952.0,0,59,8,development,S059R08E14,1,0,train
0,4.1,4.1,1011,high_amplitude,True,,1183.0,1,59,12,development,S059R12E00,1,0,train
1,12.3,4.1,1012,high_amplitude,True,,506.99999999999994,0,59,12,development,S059R12E01,0,0,train
2,20.5,4.1,1013,high_amplitude,True,,1044.0,1,59,12,development,S059R12E02,1,0,train
3,28.7,4.1,1014,high_amplitude,True,,354.99999999999994,0,59,12,development,S059R12E03,0,0,train
4,36.9,4.1,1015,high_amplitude,True,,1357.0,1,59,12,development,S059R12E04,1,0,train
5,45.1,4.1,1016,high_amplitude,True,,821.9999999999999,0,59,12,development,S059R12E05,0,0,train
6,53.3,4.1,1017,high_amplitude,True,,875.9999999999999,1,59,12,development,S059R12E06,0,0,train
7,61.5,4.1,1018,high_amplitude,True,,1017.9999999999998,0,59,12,development,S059R12E07,1,0,train
8,69.7,4.1,1019,high_amplitude,True,,1128.0,1,59,12,development,S059R12E08,0,0,train
9,77.9,4.1,1020,high_amplitude,True,,933.0,0,59,12,development,S059R12E09,0,0,train
10,86.1,4.1,1021,high_amplitude,True,,741.9999999999999,1,59,12,development,S059R12E10,0,0,train
11,94.3,4.1,1022,high_amplitude,True,,916.0,0,59,12,development,S059R12E11,0,0,train
12,102.5,4.1,1023,high_amplitude,True,,1042.0,0,59,12,development,S059R12E12,0,0,train
13,110.7,4.1,1024,high_amplitude,True,,1149.0,1,59,12,development,S059R12E13,0,0,train
14,118.9,4.1,1025,high_amplitude,True,,759.9999999999999,0,59,12,development,S059R12E14,1,0,train
0,4.1,4.1,1071,high_amplitude,True,,399.00000000000006,1,68,4,development,S068R04E00,0,0,train
1,12.3,4.1,1072,high_amplitude,True,,491.0,0,68,4,development,S068R04E01,0,0,train
2,20.5,4.1,1073,high_amplitude,True,,785.0,0,68,4,development,S068R04E02,0,0,train
3,28.7,4.1,1074,high_amplitude,True,,454.0,1,68,4,development,S068R04E03,0,0,train
4,36.9,4.1,1075,high_amplitude,True,,692.9999999999999,1,68,4,development,S068R04E04,0,0,train
5,45.1,4.1,1076,high_amplitude,True,,437.0,0,68,4,development,S068R04E05,1,0,train
6,53.3,4.1,1077,high_amplitude,True,,637.0,1,68,4,development,S068R04E06,1,0,train
7,61.5,4.1,1078,high_amplitude,True,,1017.0,0,68,4,development,S068R04E07,0,0,train
8,69.7,4.1,1079,high_amplitude,True,,609.0,1,68,4,development,S068R04E08,1,0,train
9,77.9,4.1,1080,high_amplitude,True,,454.0,0,68,4,development,S068R04E09,0,0,train
10,86.1,4.1,1081,high_amplitude,True,,598.0,0,68,4,development,S068R04E10,1,0,train
11,94.3,4.1,1082,high_amplitude,True,,379.0,1,68,4,development,S068R04E11,1,0,train
12,102.5,4.1,1083,high_amplitude,True,,448.0,1,68,4,development,S068R04E12,1,0,train
13,110.7,4.1,1084,high_amplitude,True,,611.0,0,68,4,development,S068R04E13,0,0,train
14,118.9,4.1,1085,high_amplitude,True,,1092.9999999999998,0,68,4,development,S068R04E14,0,0,train
0,4.1,4.1,1086,high_amplitude,True,,508.0,1,68,8,development,S068R08E00,1,0,train
1,12.3,4.1,1087,high_amplitude,True,,381.0,0,68,8,development,S068R08E01,1,0,train
2,20.5,4.1,1088,high_amplitude,True,,1225.0,1,68,8,development,S068R08E02,1,0,train
3,28.7,4.1,1089,high_amplitude,True,,488.0,0,68,8,development,S068R08E03,0,0,train
4,36.9,4.1,1090,high_amplitude,True,,436.0,0,68,8,development,S068R08E04,0,0,train
5,45.1,4.1,1091,high_amplitude,True,,819.0,1,68,8,development,S068R08E05,1,0,train
6,53.3,4.1,1092,high_amplitude,True,,727.0,1,68,8,development,S068R08E06,1,0,train
7,61.5,4.1,1093,high_amplitude,True,,469.0,0,68,8,development,S068R08E07,0,0,train
8,69.7,4.1,1094,high_amplitude,True,,544.9999999999999,0,68,8,development,S068R08E08,0,0,train
9,77.9,4.1,1095,high_amplitude,True,,496.99999999999994,1,68,8,development,S068R08E09,1,0,train
10,86.1,4.1,1096,high_amplitude,True,,521.0,0,68,8,development,S068R08E10,0,0,train
11,94.3,4.1,1097,high_amplitude,True,,457.99999999999994,1,68,8,development,S068R08E11,1,0,train
12,102.5,4.1,1098,high_amplitude,True,,680.0,1,68,8,development,S068R08E12,1,0,train
13,110.7,4.1,1099,high_amplitude,True,,609.0,0,68,8,development,S068R08E13,0,0,train
14,118.9,4.1,1100,high_amplitude,True,,583.0,1,68,8,development,S068R08E14,1,0,train
0,4.1,4.1,1101,high_amplitude,True,,707.0,0,68,12,development,S068R12E00,1,0,train
1,12.3,4.1,1102,high_amplitude,True,,1222.0,1,68,12,development,S068R12E01,0,0,train
2,20.5,4.1,1103,high_amplitude,True,,1115.9999999999998,0,68,12,development,S068R12E02,1,0,train
3,28.7,4.1,1104,high_amplitude,True,,811.0,1,68,12,development,S068R12E03,0,0,train
4,36.9,4.1,1105,high_amplitude,True,,407.0,1,68,12,development,S068R12E04,1,0,train
5,45.1,4.1,1106,high_amplitude,True,,799.0,0,68,12,development,S068R12E05,0,0,train
6,53.3,4.1,1107,high_amplitude,True,,758.0,0,68,12,development,S068R12E06,0,0,train
7,61.5,4.1,1108,high_amplitude,True,,540.9999999999999,1,68,12,development,S068R12E07,1,0,train
8,69.7,4.1,1109,high_amplitude,True,,421.0,1,68,12,development,S068R12E08,1,0,train
9,77.9,4.1,1110,high_amplitude,True,,799.9999999999999,0,68,12,development,S068R12E09,1,0,train
10,86.1,4.1,1111,high_amplitude,True,,753.0,0,68,12,development,S068R12E10,1,0,train
11,94.3,4.1,1112,high_amplitude,True,,625.9999999999999,1,68,12,development,S068R12E11,1,0,train
12,102.5,4.1,1113,high_amplitude,True,,735.0,0,68,12,development,S068R12E12,0,0,train
13,110.7,4.1,1114,high_amplitude,True,,766.9999999999999,1,68,12,development,S068R12E13,1,0,train
14,118.9,4.1,1115,high_amplitude,True,,479.99999999999994,1,68,12,development,S068R12E14,1,0,train
0,4.1,4.1,1116,high_amplitude,True,,303.0,0,14,4,development,S014R04E00,0,0,train
1,12.3,4.1,1117,high_amplitude,True,,619.0,1,14,4,development,S014R04E01,0,0,train
2,20.5,4.1,1118,high_amplitude,True,,208.99999999999997,1,14,4,development,S014R04E02,1,0,train
3,28.7,4.1,1119,high_amplitude,True,,294.99999999999994,0,14,4,development,S014R04E03,0,0,train
4,36.9,4.1,1120,high_amplitude,True,,330.0,0,14,4,development,S014R04E04,1,0,train
5,45.1,4.1,1121,high_amplitude,True,,264.0,1,14,4,development,S014R04E05,1,0,train
6,53.3,4.1,1122,high_amplitude,True,,235.0,1,14,4,development,S014R04E06,1,0,train
7,61.5,4.1,1123,high_amplitude,True,,243.0,0,14,4,development,S014R04E07,0,0,train
8,69.7,4.1,1124,high_amplitude,True,,258.0,0,14,4,development,S014R04E08,0,0,train
9,77.9,4.1,1125,high_amplitude,True,,223.0,1,14,4,development,S014R04E09,1,0,train
10,86.1,4.1,1126,high_amplitude,True,,216.0,0,14,4,development,S014R04E10,0,0,train
11,94.3,4.1,1127,high_amplitude,True,,237.00000000000003,1,14,4,development,S014R04E11,1,0,train
12,102.5,4.1,1128,high_amplitude,True,,237.99999999999997,0,14,4,development,S014R04E12,0,0,train
13,110.7,4.1,1129,high_amplitude,True,,370.0,1,14,4,development,S014R04E13,1,0,train
14,118.9,4.1,1130,ok,False,,196.0,1,14,4,development,S014R04E14,1,0,train
0,4.1,4.1,1131,high_amplitude,True,,255.00000000000003,0,14,8,development,S014R08E00,0,0,train
1,12.3,4.1,1132,high_amplitude,True,,296.99999999999994,1,14,8,development,S014R08E01,1,0,train
2,20.5,4.1,1133,high_amplitude,True,,397.0,0,14,8,development,S014R08E02,0,0,train
3,28.7,4.1,1134,high_amplitude,True,,274.0,1,14,8,development,S014R08E03,1,0,train
4,36.9,4.1,1135,high_amplitude,True,,291.0,0,14,8,development,S014R08E04,1,0,train
5,45.1,4.1,1136,ok,False,,199.0,1,14,8,development,S014R08E05,1,0,train
6,53.3,4.1,1137,high_amplitude,True,,606.0,1,14,8,development,S014R08E06,1,0,train
7,61.5,4.1,1138,high_amplitude,True,,265.0,0,14,8,development,S014R08E07,0,0,train
8,69.7,4.1,1139,high_amplitude,True,,234.0,0,14,8,development,S014R08E08,1,0,train
9,77.9,4.1,1140,high_amplitude,True,,534.0,1,14,8,development,S014R08E09,1,0,train
10,86.1,4.1,1141,high_amplitude,True,,208.00000000000003,0,14,8,development,S014R08E10,0,0,train
11,94.3,4.1,1142,high_amplitude,True,,614.0,1,14,8,development,S014R08E11,0,0,train
12,102.5,4.1,1143,high_amplitude,True,,237.99999999999997,0,14,8,development,S014R08E12,1,0,train
13,110.7,4.1,1144,high_amplitude,True,,365.0,1,14,8,development,S014R08E13,1,0,train
14,118.9,4.1,1145,high_amplitude,True,,387.0,1,14,8,development,S014R08E14,1,0,train
0,4.1,4.1,1146,high_amplitude,True,,287.99999999999994,1,14,12,development,S014R12E00,0,0,train
1,12.3,4.1,1147,high_amplitude,True,,252.99999999999997,0,14,12,development,S014R12E01,0,0,train
2,20.5,4.1,1148,high_amplitude,True,,247.99999999999991,0,14,12,development,S014R12E02,1,0,train
3,28.7,4.1,1149,high_amplitude,True,,299.0,1,14,12,development,S014R12E03,1,0,train
4,36.9,4.1,1150,high_amplitude,True,,256.0,0,14,12,development,S014R12E04,0,0,train
5,45.1,4.1,1151,high_amplitude,True,,611.0,1,14,12,development,S014R12E05,1,0,train
6,53.3,4.1,1152,high_amplitude,True,,605.0,0,14,12,development,S014R12E06,0,0,train
7,61.5,4.1,1153,high_amplitude,True,,274.0,1,14,12,development,S014R12E07,1,0,train
8,69.7,4.1,1154,high_amplitude,True,,381.99999999999994,0,14,12,development,S014R12E08,0,0,train
9,77.9,4.1,1155,high_amplitude,True,,487.0,1,14,12,development,S014R12E09,0,0,train
10,86.1,4.1,1156,high_amplitude,True,,298.0,0,14,12,development,S014R12E10,0,0,train
11,94.3,4.1,1157,high_amplitude,True,,251.00000000000003,1,14,12,development,S014R12E11,0,0,train
12,102.5,4.1,1158,high_amplitude,True,,367.00000000000006,0,14,12,development,S014R12E12,1,0,train
13,110.7,4.1,1159,high_amplitude,True,,307.0,1,14,12,development,S014R12E13,1,0,train
14,118.9,4.1,1160,high_amplitude,True,,396.0,0,14,12,development,S014R12E14,0,0,train
0,4.1,4.1,1251,high_amplitude,True,,206.0,0,55,4,development,S055R04E00,0,0,train
1,12.3,4.1,1252,ok,False,,194.0,1,55,4,development,S055R04E01,0,0,train
2,20.5,4.1,1253,high_amplitude,True,,212.0,0,55,4,development,S055R04E02,0,0,train
3,28.7,4.1,1254,high_amplitude,True,,214.0,1,55,4,development,S055R04E03,1,0,train
4,36.9,4.1,1255,high_amplitude,True,,226.00000000000003,1,55,4,development,S055R04E04,0,0,train
5,45.1,4.1,1256,high_amplitude,True,,216.0,0,55,4,development,S055R04E05,0,0,train
6,53.3,4.1,1257,high_amplitude,True,,203.0,0,55,4,development,S055R04E06,1,0,train
7,61.5,4.1,1258,high_amplitude,True,,228.99999999999997,1,55,4,development,S055R04E07,1,0,train
8,69.7,4.1,1259,high_amplitude,True,,239.99999999999997,1,55,4,development,S055R04E08,1,0,train
9,77.9,4.1,1260,ok,False,,199.0,0,55,4,development,S055R04E09,0,0,train
10,86.1,4.1,1261,high_amplitude,True,,230.0,0,55,4,development,S055R04E10,0,0,train
11,94.3,4.1,1262,high_amplitude,True,,233.0,1,55,4,development,S055R04E11,0,0,train
12,102.5,4.1,1263,high_amplitude,True,,226.0,1,55,4,development,S055R04E12,0,0,train
13,110.7,4.1,1264,high_amplitude,True,,217.0,0,55,4,development,S055R04E13,0,0,train
14,118.9,4.1,1265,high_amplitude,True,,221.0,0,55,4,development,S055R04E14,0,0,train
0,4.1,4.1,1266,high_amplitude,True,,233.0,1,55,8,development,S055R08E00,0,0,train
1,12.3,4.1,1267,high_amplitude,True,,213.0,0,55,8,development,S055R08E01,0,0,train
2,20.5,4.1,1268,high_amplitude,True,,215.0,1,55,8,development,S055R08E02,1,0,train
3,28.7,4.1,1269,high_amplitude,True,,214.0,0,55,8,development,S055R08E03,0,0,train
4,36.9,4.1,1270,high_amplitude,True,,212.99999999999997,0,55,8,development,S055R08E04,0,0,train
5,45.1,4.1,1271,high_amplitude,True,,241.99999999999997,1,55,8,development,S055R08E05,1,0,train
6,53.3,4.1,1272,high_amplitude,True,,212.99999999999997,1,55,8,development,S055R08E06,1,0,train
7,61.5,4.1,1273,high_amplitude,True,,223.0,0,55,8,development,S055R08E07,0,0,train
8,69.7,4.1,1274,high_amplitude,True,,230.99999999999997,0,55,8,development,S055R08E08,0,0,train
9,77.9,4.1,1275,high_amplitude,True,,239.99999999999997,1,55,8,development,S055R08E09,1,0,train
10,86.1,4.1,1276,high_amplitude,True,,223.99999999999997,0,55,8,development,S055R08E10,0,0,train
11,94.3,4.1,1277,high_amplitude,True,,221.99999999999997,1,55,8,development,S055R08E11,1,0,train
12,102.5,4.1,1278,high_amplitude,True,,201.99999999999997,1,55,8,development,S055R08E12,1,0,train
13,110.7,4.1,1279,high_amplitude,True,,259.0,0,55,8,development,S055R08E13,0,0,train
14,118.9,4.1,1280,high_amplitude,True,,218.0,0,55,8,development,S055R08E14,1,0,train
0,4.1,4.1,1281,high_amplitude,True,,223.0,0,55,12,development,S055R12E00,0,0,train
1,12.3,4.1,1282,high_amplitude,True,,250.0,1,55,12,development,S055R12E01,1,0,train
2,20.5,4.1,1283,high_amplitude,True,,226.0,1,55,12,development,S055R12E02,1,0,train
3,28.7,4.1,1284,high_amplitude,True,,221.0,0,55,12,development,S055R12E03,1,0,train
4,36.9,4.1,1285,high_amplitude,True,,256.99999999999994,1,55,12,development,S055R12E04,1,0,train
5,45.1,4.1,1286,high_amplitude,True,,210.99999999999997,0,55,12,development,S055R12E05,0,0,train
6,53.3,4.1,1287,high_amplitude,True,,256.99999999999994,1,55,12,development,S055R12E06,1,0,train
7,61.5,4.1,1288,high_amplitude,True,,230.0,0,55,12,development,S055R12E07,1,0,train
8,69.7,4.1,1289,high_amplitude,True,,234.0,0,55,12,development,S055R12E08,1,0,train
9,77.9,4.1,1290,ok,False,,197.0,1,55,12,development,S055R12E09,1,0,train
10,86.1,4.1,1291,high_amplitude,True,,207.0,1,55,12,development,S055R12E10,1,0,train
11,94.3,4.1,1292,high_amplitude,True,,232.99999999999997,0,55,12,development,S055R12E11,0,0,train
12,102.5,4.1,1293,high_amplitude,True,,260.0,0,55,12,development,S055R12E12,0,0,train
13,110.7,4.1,1294,high_amplitude,True,,223.99999999999997,1,55,12,development,S055R12E13,1,0,train
14,118.9,4.1,1295,high_amplitude,True,,235.0,1,55,12,development,S055R12E14,1,0,train
0,4.1,4.1,1296,high_amplitude,True,,388.0,0,82,4,development,S082R04E00,0,0,train
1,12.3,4.1,1297,high_amplitude,True,,389.0,1,82,4,development,S082R04E01,1,0,train
2,20.5,4.1,1298,high_amplitude,True,,366.0,0,82,4,development,S082R04E02,1,0,train
3,28.7,4.1,1299,high_amplitude,True,,383.0,1,82,4,development,S082R04E03,1,0,train
4,36.9,4.1,1300,high_amplitude,True,,362.0,0,82,4,development,S082R04E04,1,0,train
5,45.1,4.1,1301,high_amplitude,True,,370.0,1,82,4,development,S082R04E05,1,0,train
6,53.3,4.1,1302,high_amplitude,True,,384.0,0,82,4,development,S082R04E06,0,0,train
7,61.5,4.1,1303,high_amplitude,True,,356.0,1,82,4,development,S082R04E07,0,0,train
8,69.7,4.1,1304,high_amplitude,True,,350.99999999999994,1,82,4,development,S082R04E08,1,0,train
9,77.9,4.1,1305,high_amplitude,True,,414.0,0,82,4,development,S082R04E09,0,0,train
10,86.1,4.1,1306,high_amplitude,True,,341.0,1,82,4,development,S082R04E10,1,0,train
11,94.3,4.1,1307,high_amplitude,True,,368.0,0,82,4,development,S082R04E11,1,0,train
12,102.5,4.1,1308,high_amplitude,True,,336.0,1,82,4,development,S082R04E12,1,0,train
13,110.7,4.1,1309,high_amplitude,True,,365.0,0,82,4,development,S082R04E13,1,0,train
14,118.9,4.1,1310,high_amplitude,True,,325.0,0,82,4,development,S082R04E14,0,0,train
0,4.1,4.1,1311,high_amplitude,True,,208.0,0,82,8,development,S082R08E00,0,0,train
1,12.3,4.1,1312,high_amplitude,True,,265.99999999999994,1,82,8,development,S082R08E01,1,0,train
2,20.5,4.1,1313,high_amplitude,True,,291.0,0,82,8,development,S082R08E02,0,0,train
3,28.7,4.1,1314,high_amplitude,True,,339.0,1,82,8,development,S082R08E03,1,0,train
4,36.9,4.1,1315,high_amplitude,True,,322.0,1,82,8,development,S082R08E04,1,0,train
5,45.1,4.1,1316,high_amplitude,True,,445.0,0,82,8,development,S082R08E05,0,0,train
6,53.3,4.1,1317,high_amplitude,True,,513.9999999999999,1,82,8,development,S082R08E06,1,0,train
7,61.5,4.1,1318,high_amplitude,True,,398.0,0,82,8,development,S082R08E07,1,0,train
8,69.7,4.1,1319,high_amplitude,True,,448.99999999999994,0,82,8,development,S082R08E08,1,0,train
9,77.9,4.1,1320,high_amplitude,True,,281.0,1,82,8,development,S082R08E09,1,0,train
10,86.1,4.1,1321,high_amplitude,True,,423.0,0,82,8,development,S082R08E10,1,0,train
11,94.3,4.1,1322,high_amplitude,True,,424.0,1,82,8,development,S082R08E11,1,0,train
12,102.5,4.1,1323,high_amplitude,True,,392.0,0,82,8,development,S082R08E12,0,0,train
13,110.7,4.1,1324,high_amplitude,True,,301.99999999999994,1,82,8,development,S082R08E13,0,0,train
14,118.9,4.1,1325,high_amplitude,True,,260.00000000000006,1,82,8,development,S082R08E14,0,0,train
0,4.1,4.1,1326,high_amplitude,True,,272.99999999999994,0,82,12,development,S082R12E00,0,0,train
1,12.3,4.1,1327,high_amplitude,True,,291.0,1,82,12,development,S082R12E01,1,0,train
2,20.5,4.1,1328,high_amplitude,True,,510.99999999999994,1,82,12,development,S082R12E02,1,0,train
3,28.7,4.1,1329,high_amplitude,True,,488.0,0,82,12,development,S082R12E03,1,0,train
4,36.9,4.1,1330,high_amplitude,True,,441.0,0,82,12,development,S082R12E04,1,0,train
5,45.1,4.1,1331,high_amplitude,True,,341.99999999999994,1,82,12,development,S082R12E05,1,0,train
6,53.3,4.1,1332,high_amplitude,True,,450.99999999999994,0,82,12,development,S082R12E06,0,0,train
7,61.5,4.1,1333,high_amplitude,True,,465.0,1,82,12,development,S082R12E07,1,0,train
8,69.7,4.1,1334,high_amplitude,True,,245.0,0,82,12,development,S082R12E08,0,0,train
9,77.9,4.1,1335,high_amplitude,True,,330.0,1,82,12,development,S082R12E09,1,0,train
10,86.1,4.1,1336,high_amplitude,True,,254.0,0,82,12,development,S082R12E10,0,0,train
11,94.3,4.1,1337,high_amplitude,True,,307.0,1,82,12,development,S082R12E11,0,0,train
12,102.5,4.1,1338,high_amplitude,True,,250.0,1,82,12,development,S082R12E12,1,0,train
13,110.7,4.1,1339,ok,False,,199.99999999999997,0,82,12,development,S082R12E13,1,0,train
14,118.9,4.1,1340,high_amplitude,True,,416.99999999999994,0,82,12,development,S082R12E14,0,0,train
0,4.1,4.1,351,high_amplitude,True,,699.0,0,109,4,development,S109R04E00,1,0,validation
1,12.3,4.1,352,high_amplitude,True,,704.9999999999999,1,109,4,development,S109R04E01,1,0,validation
2,20.5,4.1,353,high_amplitude,True,,727.9999999999999,1,109,4,development,S109R04E02,1,0,validation
3,28.7,4.1,354,high_amplitude,True,,716.0,0,109,4,development,S109R04E03,1,0,validation
4,36.9,4.1,355,high_amplitude,True,,710.0,1,109,4,development,S109R04E04,1,0,validation
5,45.1,4.1,356,high_amplitude,True,,688.9999999999999,0,109,4,development,S109R04E05,1,0,validation
6,53.3,4.1,357,high_amplitude,True,,696.9999999999999,1,109,4,development,S109R04E06,1,0,validation
7,61.5,4.1,358,high_amplitude,True,,704.9999999999999,0,109,4,development,S109R04E07,1,0,validation
8,69.7,4.1,359,high_amplitude,True,,727.0,1,109,4,development,S109R04E08,1,0,validation
9,77.9,4.1,360,high_amplitude,True,,725.0,0,109,4,development,S109R04E09,1,0,validation
10,86.1,4.1,361,high_amplitude,True,,711.0,0,109,4,development,S109R04E10,1,0,validation
11,94.3,4.1,362,high_amplitude,True,,704.0,1,109,4,development,S109R04E11,1,0,validation
12,102.5,4.1,363,high_amplitude,True,,726.0,0,109,4,development,S109R04E12,1,0,validation
13,110.7,4.1,364,high_amplitude,True,,727.9999999999999,1,109,4,development,S109R04E13,1,0,validation
14,118.9,4.1,365,high_amplitude,True,,718.0,1,109,4,development,S109R04E14,1,0,validation
0,4.1,4.1,366,high_amplitude,True,,719.9999999999999,1,109,8,development,S109R08E00,1,0,validation
1,12.3,4.1,367,high_amplitude,True,,657.0,0,109,8,development,S109R08E01,1,0,validation
2,20.5,4.1,368,high_amplitude,True,,645.0,1,109,8,development,S109R08E02,1,0,validation
3,28.7,4.1,369,high_amplitude,True,,683.9999999999999,0,109,8,development,S109R08E03,1,0,validation
4,36.9,4.1,370,high_amplitude,True,,658.0,0,109,8,development,S109R08E04,1,0,validation
5,45.1,4.1,371,high_amplitude,True,,691.0,1,109,8,development,S109R08E05,1,0,validation
6,53.3,4.1,372,high_amplitude,True,,690.0,0,109,8,development,S109R08E06,1,0,validation
7,61.5,4.1,373,high_amplitude,True,,700.0,1,109,8,development,S109R08E07,1,0,validation
8,69.7,4.1,374,high_amplitude,True,,658.0,1,109,8,development,S109R08E08,1,0,validation
9,77.9,4.1,375,high_amplitude,True,,683.0,0,109,8,development,S109R08E09,1,0,validation
10,86.1,4.1,376,high_amplitude,True,,668.0,1,109,8,development,S109R08E10,1,0,validation
11,94.3,4.1,377,high_amplitude,True,,704.0,0,109,8,development,S109R08E11,1,0,validation
12,102.5,4.1,378,high_amplitude,True,,691.0,1,109,8,development,S109R08E12,1,0,validation
13,110.7,4.1,379,high_amplitude,True,,683.0,0,109,8,development,S109R08E13,1,0,validation
14,118.9,4.1,380,high_amplitude,True,,676.0,0,109,8,development,S109R08E14,1,0,validation
0,4.1,4.1,381,high_amplitude,True,,704.9999999999999,1,109,12,development,S109R12E00,1,0,validation
1,12.3,4.1,382,high_amplitude,True,,691.9999999999999,0,109,12,development,S109R12E01,1,0,validation
2,20.5,4.1,383,high_amplitude,True,,670.9999999999999,1,109,12,development,S109R12E02,1,0,validation
3,28.7,4.1,384,high_amplitude,True,,688.9999999999999,0,109,12,development,S109R12E03,1,0,validation
4,36.9,4.1,385,high_amplitude,True,,685.0,0,109,12,development,S109R12E04,1,0,validation
5,45.1,4.1,386,high_amplitude,True,,676.0,1,109,12,development,S109R12E05,1,0,validation
6,53.3,4.1,387,high_amplitude,True,,654.0,1,109,12,development,S109R12E06,1,0,validation
7,61.5,4.1,388,high_amplitude,True,,717.9999999999999,0,109,12,development,S109R12E07,1,0,validation
8,69.7,4.1,389,high_amplitude,True,,701.9999999999999,1,109,12,development,S109R12E08,1,0,validation
9,77.9,4.1,390,high_amplitude,True,,714.9999999999999,0,109,12,development,S109R12E09,1,0,validation
10,86.1,4.1,391,high_amplitude,True,,690.0,0,109,12,development,S109R12E10,1,0,validation
11,94.3,4.1,392,high_amplitude,True,,704.0,1,109,12,development,S109R12E11,1,0,validation
12,102.5,4.1,393,high_amplitude,True,,669.0,0,109,12,development,S109R12E12,1,0,validation
13,110.7,4.1,394,high_amplitude,True,,676.0,1,109,12,development,S109R12E13,1,0,validation
14,118.9,4.1,395,high_amplitude,True,,678.9999999999999,0,109,12,development,S109R12E14,1,0,validation
0,4.2,4.1,531,high_amplitude,True,,436.0,1,57,4,development,S057R04E00,1,0,validation
1,12.5,4.1,532,high_amplitude,True,,348.0,0,57,4,development,S057R04E01,1,0,validation
2,20.8,4.1,533,high_amplitude,True,,292.0,0,57,4,development,S057R04E02,1,0,validation
3,29.1,4.1,534,high_amplitude,True,,303.0,1,57,4,development,S057R04E03,0,0,validation
4,37.4,4.1,535,high_amplitude,True,,307.0,0,57,4,development,S057R04E04,0,0,validation
5,45.7,4.1,536,high_amplitude,True,,287.99999999999994,1,57,4,development,S057R04E05,0,0,validation
6,54.0,4.1,537,high_amplitude,True,,274.0,1,57,4,development,S057R04E06,1,0,validation
7,62.3,4.1,538,high_amplitude,True,,285.0,0,57,4,development,S057R04E07,0,0,validation
8,70.6,4.1,539,high_amplitude,True,,265.0,0,57,4,development,S057R04E08,1,0,validation
9,78.9,4.1,540,high_amplitude,True,,301.0,1,57,4,development,S057R04E09,0,0,validation
10,87.2,4.1,541,high_amplitude,True,,243.0,0,57,4,development,S057R04E10,1,0,validation
11,95.5,4.1,542,high_amplitude,True,,320.0,1,57,4,development,S057R04E11,1,0,validation
12,103.8,4.1,543,high_amplitude,True,,592.0,0,57,4,development,S057R04E12,1,0,validation
13,112.1,4.1,544,high_amplitude,True,,254.0,1,57,4,development,S057R04E13,1,0,validation
14,120.4,4.1,545,high_amplitude,True,,322.99999999999994,0,57,4,development,S057R04E14,0,0,validation
0,4.2,4.1,546,high_amplitude,True,,429.0,1,57,8,development,S057R08E00,1,0,validation
1,12.5,4.1,547,high_amplitude,True,,455.0,0,57,8,development,S057R08E01,1,0,validation
2,20.8,4.1,548,high_amplitude,True,,716.0,1,57,8,development,S057R08E02,1,0,validation
3,29.1,4.1,549,high_amplitude,True,,686.0,0,57,8,development,S057R08E03,1,0,validation
4,37.4,4.1,550,high_amplitude,True,,477.0,0,57,8,development,S057R08E04,1,0,validation
5,45.7,4.1,551,high_amplitude,True,,552.0,1,57,8,development,S057R08E05,1,0,validation
6,54.0,4.1,552,high_amplitude,True,,429.0,0,57,8,development,S057R08E06,1,0,validation
7,62.3,4.1,553,high_amplitude,True,,650.0,1,57,8,development,S057R08E07,1,0,validation
8,70.6,4.1,554,high_amplitude,True,,641.0,1,57,8,development,S057R08E08,1,0,validation
9,78.9,4.1,555,high_amplitude,True,,580.0,0,57,8,development,S057R08E09,1,0,validation
10,87.2,4.1,556,high_amplitude,True,,601.9999999999999,1,57,8,development,S057R08E10,1,0,validation
11,95.5,4.1,557,high_amplitude,True,,439.0,0,57,8,development,S057R08E11,1,0,validation
12,103.8,4.1,558,high_amplitude,True,,647.0,1,57,8,development,S057R08E12,1,0,validation
13,112.1,4.1,559,high_amplitude,True,,624.0,0,57,8,development,S057R08E13,1,0,validation
14,120.4,4.1,560,high_amplitude,True,,911.0,0,57,8,development,S057R08E14,1,0,validation
0,4.2,4.1,561,high_amplitude,True,,250.99999999999997,0,57,12,development,S057R12E00,1,0,validation
1,12.5,4.1,562,high_amplitude,True,,323.99999999999994,1,57,12,development,S057R12E01,1,0,validation
2,20.8,4.1,563,high_amplitude,True,,686.9999999999999,0,57,12,development,S057R12E02,1,0,validation
3,29.1,4.1,564,high_amplitude,True,,724.0,1,57,12,development,S057R12E03,1,0,validation
4,37.4,4.1,565,high_amplitude,True,,749.0,1,57,12,development,S057R12E04,1,0,validation
5,45.7,4.1,566,high_amplitude,True,,560.0,0,57,12,development,S057R12E05,1,0,validation
6,54.0,4.1,567,high_amplitude,True,,551.0,0,57,12,development,S057R12E06,1,0,validation
7,62.3,4.1,568,high_amplitude,True,,593.0,1,57,12,development,S057R12E07,1,0,validation
8,70.6,4.1,569,high_amplitude,True,,578.0,0,57,12,development,S057R12E08,1,0,validation
9,78.9,4.1,570,high_amplitude,True,,649.0,1,57,12,development,S057R12E09,1,0,validation
10,87.2,4.1,571,high_amplitude,True,,817.9999999999999,1,57,12,development,S057R12E10,1,0,validation
11,95.5,4.1,572,high_amplitude,True,,690.0,0,57,12,development,S057R12E11,1,0,validation
12,103.8,4.1,573,high_amplitude,True,,791.0,0,57,12,development,S057R12E12,1,0,validation
13,112.1,4.1,574,high_amplitude,True,,551.0,1,57,12,development,S057R12E13,1,0,validation
14,120.4,4.1,575,high_amplitude,True,,634.0,0,57,12,development,S057R12E14,1,0,validation
0,4.2,4.1,846,ok,False,,141.99999999999997,0,73,4,development,S073R04E00,1,0,validation
1,12.4,4.1,847,high_amplitude,True,,203.0,1,73,4,development,S073R04E01,1,0,validation
2,20.6,4.1,848,ok,False,,163.99999999999997,0,73,4,development,S073R04E02,1,0,validation
3,28.8,4.1,849,high_amplitude,True,,234.0,1,73,4,development,S073R04E03,1,0,validation
4,37.0,4.1,850,high_amplitude,True,,236.0,0,73,4,development,S073R04E04,0,0,validation
5,45.2,4.1,851,high_amplitude,True,,238.99999999999997,1,73,4,development,S073R04E05,1,0,validation
6,53.4,4.1,852,high_amplitude,True,,230.0,1,73,4,development,S073R04E06,1,0,validation
7,61.6,4.1,853,ok,False,,119.0,0,73,4,development,S073R04E07,0,0,validation
8,69.8,4.1,854,ok,False,,99.0,0,73,4,development,S073R04E08,1,0,validation
9,78.0,4.1,855,high_amplitude,True,,217.00000000000003,1,73,4,development,S073R04E09,1,0,validation
10,86.2,4.1,856,high_amplitude,True,,241.0,1,73,4,development,S073R04E10,1,0,validation
11,94.4,4.1,857,ok,False,,169.99999999999997,0,73,4,development,S073R04E11,1,0,validation
12,102.6,4.1,858,high_amplitude,True,,257.0,0,73,4,development,S073R04E12,0,0,validation
13,110.8,4.1,859,high_amplitude,True,,248.0,1,73,4,development,S073R04E13,1,0,validation
14,119.0,4.0,860,high_amplitude,True,,247.0,0,73,4,development,S073R04E14,1,0,validation
0,4.2,4.1,861,high_amplitude,True,,223.0,1,73,8,development,S073R08E00,0,0,validation
1,12.4,4.1,862,high_amplitude,True,,210.0,0,73,8,development,S073R08E01,0,0,validation
2,20.6,4.1,863,high_amplitude,True,,260.0,1,73,8,development,S073R08E02,0,0,validation
3,28.8,4.1,864,ok,False,,177.0,0,73,8,development,S073R08E03,0,0,validation
4,37.0,4.1,865,high_amplitude,True,,220.99999999999997,0,73,8,development,S073R08E04,0,0,validation
5,45.2,4.1,866,high_amplitude,True,,201.99999999999997,1,73,8,development,S073R08E05,0,0,validation
6,53.4,4.1,867,high_amplitude,True,,219.0,1,73,8,development,S073R08E06,1,0,validation
7,61.6,4.1,868,high_amplitude,True,,234.0,0,73,8,development,S073R08E07,0,0,validation
8,69.8,4.1,869,high_amplitude,True,,247.99999999999991,1,73,8,development,S073R08E08,1,0,validation
9,78.0,4.1,870,ok,False,,147.0,0,73,8,development,S073R08E09,0,0,validation
10,86.2,4.1,871,high_amplitude,True,,239.99999999999997,0,73,8,development,S073R08E10,1,0,validation
11,94.4,4.1,872,high_amplitude,True,,221.99999999999997,1,73,8,development,S073R08E11,1,0,validation
12,102.6,4.1,873,high_amplitude,True,,213.0,1,73,8,development,S073R08E12,0,0,validation
13,110.8,4.1,874,high_amplitude,True,,222.0,0,73,8,development,S073R08E13,0,0,validation
14,119.0,4.0,875,ok,False,,185.0,0,73,8,development,S073R08E14,0,0,validation
0,4.2,4.1,876,high_amplitude,True,,222.0,0,73,12,development,S073R12E00,0,0,validation
1,12.4,4.1,877,high_amplitude,True,,223.99999999999997,1,73,12,development,S073R12E01,1,0,validation
2,20.6,4.1,878,high_amplitude,True,,214.99999999999997,0,73,12,development,S073R12E02,1,0,validation
3,28.8,4.1,879,high_amplitude,True,,259.0,1,73,12,development,S073R12E03,1,0,validation
4,37.0,4.1,880,high_amplitude,True,,221.99999999999997,0,73,12,development,S073R12E04,1,0,validation
5,45.2,4.1,881,high_amplitude,True,,232.99999999999997,1,73,12,development,S073R12E05,0,0,validation
6,53.4,4.1,882,high_amplitude,True,,228.0,1,73,12,development,S073R12E06,0,0,validation
7,61.6,4.1,883,ok,False,,152.0,0,73,12,development,S073R12E07,0,0,validation
8,69.8,4.1,884,high_amplitude,True,,224.0,1,73,12,development,S073R12E08,0,0,validation
9,78.0,4.1,885,high_amplitude,True,,219.0,0,73,12,development,S073R12E09,0,0,validation
10,86.2,4.1,886,high_amplitude,True,,226.0,1,73,12,development,S073R12E10,1,0,validation
11,94.4,4.1,887,high_amplitude,True,,212.0,0,73,12,development,S073R12E11,0,0,validation
12,102.6,4.1,888,high_amplitude,True,,228.99999999999997,0,73,12,development,S073R12E12,1,0,validation
13,110.8,4.1,889,ok,False,,199.99999999999997,1,73,12,development,S073R12E13,0,0,validation
14,119.0,4.0,890,ok,False,,170.0,1,73,12,development,S073R12E14,1,0,validation
0,4.1,4.15,1026,ok,False,,64.0,0,89,4,development,S089R04E00,0,0,validation
1,12.3,4.15,1027,high_amplitude,True,,207.0,1,89,4,development,S089R04E01,0,0,validation
2,20.5,4.15,1028,ok,False,,77.0,0,89,4,development,S089R04E02,1,0,validation
3,28.7,4.15,1029,ok,False,,66.0,1,89,4,development,S089R04E03,1,0,validation
4,36.9,4.15,1030,ok,False,,75.0,0,89,4,development,S089R04E04,1,0,validation
5,45.1,4.15,1031,ok,False,,64.0,1,89,4,development,S089R04E05,1,0,validation
6,53.3,4.15,1032,ok,False,,70.99999999999999,0,89,4,development,S089R04E06,0,0,validation
7,61.5,4.15,1033,ok,False,,72.99999999999999,1,89,4,development,S089R04E07,0,0,validation
8,69.7,4.15,1034,ok,False,,82.99999999999999,1,89,4,development,S089R04E08,0,0,validation
9,77.9,4.15,1035,ok,False,,82.0,0,89,4,development,S089R04E09,1,0,validation
10,86.1,4.15,1036,ok,False,,76.0,1,89,4,development,S089R04E10,0,0,validation
11,94.3,4.15,1037,ok,False,,73.0,0,89,4,development,S089R04E11,1,0,validation
12,102.5,4.15,1038,high_amplitude,True,,232.0,0,89,4,development,S089R04E12,1,0,validation
13,110.7,4.15,1039,ok,False,,125.0,1,89,4,development,S089R04E13,0,0,validation
14,118.9,4.1,1040,high_amplitude,True,,205.0,0,89,4,development,S089R04E14,0,0,validation
0,4.1,4.15,1041,ok,False,,69.0,0,89,8,development,S089R08E00,1,0,validation
1,12.3,4.15,1042,ok,False,,46.0,1,89,8,development,S089R08E01,1,0,validation
2,20.5,4.15,1043,high_amplitude,True,,201.99999999999997,1,89,8,development,S089R08E02,0,0,validation
3,28.7,4.15,1044,high_amplitude,True,,214.0,0,89,8,development,S089R08E03,0,0,validation
4,36.9,4.15,1045,ok,False,,192.99999999999997,1,89,8,development,S089R08E04,0,0,validation
5,45.1,4.15,1046,ok,False,,195.0,0,89,8,development,S089R08E05,1,0,validation
6,53.3,4.15,1047,ok,False,,172.99999999999997,1,89,8,development,S089R08E06,0,0,validation
7,61.5,4.15,1048,high_amplitude,True,,201.99999999999997,0,89,8,development,S089R08E07,0,0,validation
8,69.7,4.15,1049,high_amplitude,True,,201.99999999999997,0,89,8,development,S089R08E08,0,0,validation
9,77.9,4.15,1050,ok,False,,179.99999999999997,1,89,8,development,S089R08E09,1,0,validation
10,86.1,4.15,1051,high_amplitude,True,,207.0,0,89,8,development,S089R08E10,0,0,validation
11,94.3,4.15,1052,ok,False,,191.0,1,89,8,development,S089R08E11,1,0,validation
12,102.5,4.15,1053,ok,False,,174.99999999999997,1,89,8,development,S089R08E12,1,0,validation
13,110.7,4.15,1054,high_amplitude,True,,210.99999999999997,0,89,8,development,S089R08E13,1,0,validation
14,118.9,4.1,1055,high_amplitude,True,,207.0,0,89,8,development,S089R08E14,1,0,validation
0,4.1,4.15,1056,high_amplitude,True,,227.0,0,89,12,development,S089R12E00,1,0,validation
1,12.3,4.15,1057,ok,False,,189.0,1,89,12,development,S089R12E01,0,0,validation
2,20.5,4.15,1058,high_amplitude,True,,207.0,0,89,12,development,S089R12E02,1,0,validation
3,28.7,4.15,1059,high_amplitude,True,,222.99999999999997,1,89,12,development,S089R12E03,1,0,validation
4,36.9,4.15,1060,high_amplitude,True,,207.0,0,89,12,development,S089R12E04,1,0,validation
5,45.1,4.15,1061,high_amplitude,True,,212.0,1,89,12,development,S089R12E05,1,0,validation
6,53.3,4.15,1062,ok,False,,163.0,1,89,12,development,S089R12E06,0,0,validation
7,61.5,4.15,1063,high_amplitude,True,,215.0,0,89,12,development,S089R12E07,0,0,validation
8,69.7,4.15,1064,ok,False,,161.0,0,89,12,development,S089R12E08,1,0,validation
9,77.9,4.15,1065,high_amplitude,True,,221.99999999999997,1,89,12,development,S089R12E09,1,0,validation
10,86.1,4.15,1066,high_amplitude,True,,208.0,0,89,12,development,S089R12E10,1,0,validation
11,94.3,4.15,1067,high_amplitude,True,,217.0,1,89,12,development,S089R12E11,1,0,validation
12,102.5,4.15,1068,high_amplitude,True,,208.99999999999997,0,89,12,development,S089R12E12,1,0,validation
13,110.7,4.15,1069,high_amplitude,True,,202.0,1,89,12,development,S089R12E13,1,0,validation
14,118.9,4.1,1070,ok,False,,172.0,0,89,12,development,S089R12E14,0,0,validation
0,4.1,4.1,1161,high_amplitude,True,,665.9999999999999,1,39,4,development,S039R04E00,0,0,validation
1,12.3,4.1,1162,high_amplitude,True,,465.0,0,39,4,development,S039R04E01,0,0,validation
2,20.5,4.1,1163,high_amplitude,True,,414.0,1,39,4,development,S039R04E02,1,0,validation
3,28.7,4.1,1164,high_amplitude,True,,735.0,0,39,4,development,S039R04E03,1,0,validation
4,36.9,4.1,1165,high_amplitude,True,,740.0,0,39,4,development,S039R04E04,0,0,validation
5,45.1,4.1,1166,high_amplitude,True,,1072.0,1,39,4,development,S039R04E05,0,0,validation
6,53.3,4.1,1167,high_amplitude,True,,625.0,0,39,4,development,S039R04E06,0,0,validation
7,61.5,4.1,1168,high_amplitude,True,,525.0,1,39,4,development,S039R04E07,0,0,validation
8,69.7,4.1,1169,high_amplitude,True,,539.0,1,39,4,development,S039R04E08,0,0,validation
9,77.9,4.1,1170,high_amplitude,True,,838.9999999999999,0,39,4,development,S039R04E09,0,0,validation
10,86.1,4.1,1171,high_amplitude,True,,665.0,0,39,4,development,S039R04E10,1,0,validation
11,94.3,4.1,1172,high_amplitude,True,,531.9999999999999,1,39,4,development,S039R04E11,1,0,validation
12,102.5,4.1,1173,high_amplitude,True,,598.0,1,39,4,development,S039R04E12,1,0,validation
13,110.7,4.1,1174,high_amplitude,True,,601.0,0,39,4,development,S039R04E13,1,0,validation
14,118.9,4.1,1175,high_amplitude,True,,925.0,0,39,4,development,S039R04E14,0,0,validation
0,4.1,4.1,1176,high_amplitude,True,,802.9999999999999,1,39,8,development,S039R08E00,0,0,validation
1,12.3,4.1,1177,high_amplitude,True,,1056.0,0,39,8,development,S039R08E01,0,0,validation
2,20.5,4.1,1178,high_amplitude,True,,978.0,1,39,8,development,S039R08E02,1,0,validation
3,28.7,4.1,1179,high_amplitude,True,,1063.9999999999998,0,39,8,development,S039R08E03,0,0,validation
4,36.9,4.1,1180,high_amplitude,True,,1229.0,1,39,8,development,S039R08E04,0,0,validation
5,45.1,4.1,1181,high_amplitude,True,,777.9999999999999,0,39,8,development,S039R08E05,1,0,validation
6,53.3,4.1,1182,high_amplitude,True,,1020.0,1,39,8,development,S039R08E06,0,0,validation
7,61.5,4.1,1183,high_amplitude,True,,937.0,0,39,8,development,S039R08E07,0,0,validation
8,69.7,4.1,1184,high_amplitude,True,,962.0,1,39,8,development,S039R08E08,0,0,validation
9,77.9,4.1,1185,high_amplitude,True,,1060.0,0,39,8,development,S039R08E09,0,0,validation
10,86.1,4.1,1186,high_amplitude,True,,708.0,1,39,8,development,S039R08E10,0,0,validation
11,94.3,4.1,1187,high_amplitude,True,,900.0,0,39,8,development,S039R08E11,0,0,validation
12,102.5,4.1,1188,high_amplitude,True,,1264.0,0,39,8,development,S039R08E12,1,0,validation
13,110.7,4.1,1189,high_amplitude,True,,743.0,1,39,8,development,S039R08E13,0,0,validation
14,118.9,4.1,1190,high_amplitude,True,,1222.0,0,39,8,development,S039R08E14,1,0,validation
0,4.1,4.1,1191,high_amplitude,True,,841.9999999999999,0,39,12,development,S039R12E00,0,0,validation
1,12.3,4.1,1192,high_amplitude,True,,1158.9999999999998,1,39,12,development,S039R12E01,0,0,validation
2,20.5,4.1,1193,high_amplitude,True,,1186.0,1,39,12,development,S039R12E02,1,0,validation
3,28.7,4.1,1194,high_amplitude,True,,1266.0,0,39,12,development,S039R12E03,1,0,validation
4,36.9,4.1,1195,high_amplitude,True,,1060.0,1,39,12,development,S039R12E04,0,0,validation
5,45.1,4.1,1196,high_amplitude,True,,1034.0,0,39,12,development,S039R12E05,0,0,validation
6,53.3,4.1,1197,high_amplitude,True,,717.9999999999999,0,39,12,development,S039R12E06,0,0,validation
7,61.5,4.1,1198,high_amplitude,True,,1231.0,1,39,12,development,S039R12E07,0,0,validation
8,69.7,4.1,1199,high_amplitude,True,,1167.0,0,39,12,development,S039R12E08,0,0,validation
9,77.9,4.1,1200,high_amplitude,True,,902.0,1,39,12,development,S039R12E09,0,0,validation
10,86.1,4.1,1201,high_amplitude,True,,606.0,0,39,12,development,S039R12E10,0,0,validation
11,94.3,4.1,1202,high_amplitude,True,,1121.0,1,39,12,development,S039R12E11,1,0,validation
12,102.5,4.1,1203,high_amplitude,True,,974.0,1,39,12,development,S039R12E12,0,0,validation
13,110.7,4.1,1204,high_amplitude,True,,1050.0,0,39,12,development,S039R12E13,0,0,validation
14,118.9,4.1,1205,high_amplitude,True,,1194.0,1,39,12,development,S039R12E14,1,0,validation
0,4.1,4.1,1206,ok,False,,79.0,1,18,4,development,S018R04E00,0,0,validation
1,12.3,4.1,1207,ok,False,,76.0,0,18,4,development,S018R04E01,0,0,validation
2,20.5,4.1,1208,ok,False,,87.0,0,18,4,development,S018R04E02,1,0,validation
3,28.7,4.1,1209,ok,False,,87.0,1,18,4,development,S018R04E03,0,0,validation
4,36.9,4.1,1210,ok,False,,80.99999999999999,0,18,4,development,S018R04E04,0,0,validation
5,45.1,4.1,1211,ok,False,,85.0,1,18,4,development,S018R04E05,0,0,validation
6,53.3,4.1,1212,ok,False,,89.0,1,18,4,development,S018R04E06,0,0,validation
7,61.5,4.1,1213,high_amplitude,True,,233.0,0,18,4,development,S018R04E07,0,0,validation
8,69.7,4.1,1214,ok,False,,70.99999999999999,0,18,4,development,S018R04E08,1,0,validation
9,77.9,4.1,1215,high_amplitude,True,,234.0,1,18,4,development,S018R04E09,0,0,validation
10,86.1,4.1,1216,high_amplitude,True,,217.0,0,18,4,development,S018R04E10,0,0,validation
11,94.3,4.1,1217,ok,False,,83.0,1,18,4,development,S018R04E11,1,0,validation
12,102.5,4.1,1218,ok,False,,79.0,1,18,4,development,S018R04E12,0,0,validation
13,110.7,4.1,1219,high_amplitude,True,,218.0,0,18,4,development,S018R04E13,0,0,validation
14,118.9,4.1,1220,ok,False,,166.0,1,18,4,development,S018R04E14,0,0,validation
0,4.1,4.1,1221,ok,False,,70.99999999999999,1,18,8,development,S018R08E00,1,0,validation
1,12.3,4.1,1222,ok,False,,86.0,0,18,8,development,S018R08E01,0,0,validation
2,20.5,4.1,1223,high_amplitude,True,,236.99999999999997,0,18,8,development,S018R08E02,1,0,validation
3,28.7,4.1,1224,high_amplitude,True,,208.99999999999997,1,18,8,development,S018R08E03,1,0,validation
4,36.9,4.1,1225,high_amplitude,True,,241.0,0,18,8,development,S018R08E04,1,0,validation
5,45.1,4.1,1226,ok,False,,110.0,1,18,8,development,S018R08E05,1,0,validation
6,53.3,4.1,1227,ok,False,,121.0,0,18,8,development,S018R08E06,1,0,validation
7,61.5,4.1,1228,high_amplitude,True,,251.00000000000003,1,18,8,development,S018R08E07,0,0,validation
8,69.7,4.1,1229,high_amplitude,True,,252.99999999999997,0,18,8,development,S018R08E08,1,0,validation
9,77.9,4.1,1230,high_amplitude,True,,237.99999999999997,1,18,8,development,S018R08E09,0,0,validation
10,86.1,4.1,1231,high_amplitude,True,,224.0,0,18,8,development,S018R08E10,0,0,validation
11,94.3,4.1,1232,high_amplitude,True,,239.0,1,18,8,development,S018R08E11,1,0,validation
12,102.5,4.1,1233,high_amplitude,True,,239.99999999999997,1,18,8,development,S018R08E12,0,0,validation
13,110.7,4.1,1234,high_amplitude,True,,237.99999999999997,0,18,8,development,S018R08E13,1,0,validation
14,118.9,4.1,1235,high_amplitude,True,,251.00000000000003,0,18,8,development,S018R08E14,1,0,validation
0,4.1,4.1,1236,high_amplitude,True,,239.99999999999997,0,18,12,development,S018R12E00,0,0,validation
1,12.3,4.1,1237,high_amplitude,True,,252.0,1,18,12,development,S018R12E01,0,0,validation
2,20.5,4.1,1238,high_amplitude,True,,228.0,1,18,12,development,S018R12E02,0,0,validation
3,28.7,4.1,1239,high_amplitude,True,,219.0,0,18,12,development,S018R12E03,1,0,validation
4,36.9,4.1,1240,high_amplitude,True,,239.99999999999997,0,18,12,development,S018R12E04,0,0,validation
5,45.1,4.1,1241,high_amplitude,True,,230.99999999999997,1,18,12,development,S018R12E05,0,0,validation
6,53.3,4.1,1242,high_amplitude,True,,237.99999999999997,0,18,12,development,S018R12E06,0,0,validation
7,61.5,4.1,1243,high_amplitude,True,,243.0,1,18,12,development,S018R12E07,0,0,validation
8,69.7,4.1,1244,high_amplitude,True,,237.00000000000003,1,18,12,development,S018R12E08,0,0,validation
9,77.9,4.1,1245,high_amplitude,True,,237.99999999999997,0,18,12,development,S018R12E09,1,0,validation
10,86.1,4.1,1246,high_amplitude,True,,248.0,1,18,12,development,S018R12E10,1,0,validation
11,94.3,4.1,1247,high_amplitude,True,,230.0,0,18,12,development,S018R12E11,0,0,validation
12,102.5,4.1,1248,high_amplitude,True,,218.0,0,18,12,development,S018R12E12,1,0,validation
13,110.7,4.1,1249,high_amplitude,True,,222.0,1,18,12,development,S018R12E13,0,0,validation
14,118.9,4.1,1250,high_amplitude,True,,227.0,1,18,12,development,S018R12E14,1,0,validation
0,4.3,4.1,0,ok,False,,62.0,0,51,4,development,S051R04E00,0,1,train
1,12.5,4.1,1,ok,False,,192.0,1,51,4,development,S051R04E01,1,1,train
2,20.7,4.1,2,ok,False,,59.0,1,51,4,development,S051R04E02,0,1,train
3,28.9,4.1,3,ok,False,,198.99999999999997,0,51,4,development,S051R04E03,0,1,train
4,37.1,4.1,4,ok,False,,76.0,1,51,4,development,S051R04E04,1,1,train
5,45.3,4.1,5,ok,False,,56.0,0,51,4,development,S051R04E05,0,1,train
6,53.5,4.1,6,ok,False,,76.0,1,51,4,development,S051R04E06,0,1,train
7,61.7,4.1,7,ok,False,,61.999999999999986,0,51,4,development,S051R04E07,0,1,train
8,69.9,4.1,8,high_amplitude,True,,226.0,1,51,4,development,S051R04E08,0,1,train
9,78.1,4.1,9,ok,False,,56.0,0,51,4,development,S051R04E09,0,1,train
10,86.3,4.1,10,high_amplitude,True,,225.0,1,51,4,development,S051R04E10,0,1,train
11,94.5,4.1,11,ok,False,,68.0,0,51,4,development,S051R04E11,0,1,train
12,102.7,4.1,12,ok,False,,84.0,1,51,4,development,S051R04E12,1,1,train
13,110.9,4.1,13,ok,False,,77.0,0,51,4,development,S051R04E13,0,1,train
14,119.1,4.0,14,ok,False,,88.0,0,51,4,development,S051R04E14,0,1,train
0,4.3,4.1,15,ok,False,,153.0,1,51,8,development,S051R08E00,1,1,train
1,12.5,4.1,16,ok,False,,55.99999999999999,0,51,8,development,S051R08E01,0,1,train
2,20.7,4.1,17,ok,False,,59.0,1,51,8,development,S051R08E02,0,1,train
3,28.9,4.1,18,ok,False,,68.0,0,51,8,development,S051R08E03,0,1,train
4,37.1,4.1,19,ok,False,,67.99999999999999,1,51,8,development,S051R08E04,0,1,train
5,45.3,4.1,20,ok,False,,46.0,0,51,8,development,S051R08E05,1,1,train
6,53.5,4.1,21,ok,False,,52.00000000000001,0,51,8,development,S051R08E06,1,1,train
7,61.7,4.1,22,ok,False,,160.99999999999997,1,51,8,development,S051R08E07,0,1,train
8,69.9,4.1,23,high_amplitude,True,,263.0,1,51,8,development,S051R08E08,1,1,train
9,78.1,4.1,24,ok,False,,181.0,0,51,8,development,S051R08E09,0,1,train
10,86.3,4.1,25,ok,False,,139.0,1,51,8,development,S051R08E10,0,1,train
11,94.5,4.1,26,high_amplitude,True,,258.0,0,51,8,development,S051R08E11,1,1,train
12,102.7,4.1,27,ok,False,,50.99999999999999,1,51,8,development,S051R08E12,1,1,train
13,110.9,4.1,28,ok,False,,55.0,0,51,8,development,S051R08E13,1,1,train
14,119.1,4.0,29,high_amplitude,True,,205.0,0,51,8,development,S051R08E14,0,1,train
0,4.3,4.1,30,ok,False,,51.0,1,51,12,development,S051R12E00,0,1,train
1,12.5,4.1,31,ok,False,,40.99999999999999,0,51,12,development,S051R12E01,0,1,train
2,20.7,4.1,32,ok,False,,70.0,1,51,12,development,S051R12E02,1,1,train
3,28.9,4.1,33,ok,False,,94.0,0,51,12,development,S051R12E03,0,1,train
4,37.1,4.1,34,ok,False,,84.0,0,51,12,development,S051R12E04,0,1,train
5,45.3,4.1,35,ok,False,,93.0,1,51,12,development,S051R12E05,0,1,train
6,53.5,4.1,36,ok,False,,49.0,0,51,12,development,S051R12E06,1,1,train
7,61.7,4.1,37,ok,False,,48.0,1,51,12,development,S051R12E07,1,1,train
8,69.9,4.1,38,ok,False,,88.0,1,51,12,development,S051R12E08,1,1,train
9,78.1,4.1,39,high_amplitude,True,,212.99999999999997,0,51,12,development,S051R12E09,0,1,train
10,86.3,4.1,40,ok,False,,45.0,0,51,12,development,S051R12E10,0,1,train
11,94.5,4.1,41,ok,False,,70.00000000000001,1,51,12,development,S051R12E11,0,1,train
12,102.7,4.1,42,ok,False,,54.99999999999999,1,51,12,development,S051R12E12,0,1,train
13,110.9,4.1,43,ok,False,,61.0,0,51,12,development,S051R12E13,0,1,train
14,119.1,4.0,44,ok,False,,39.0,0,51,12,development,S051R12E14,1,1,train
0,4.3,4.1,45,high_amplitude,True,,252.0,1,64,4,development,S064R04E00,0,1,train
1,12.5,4.1,46,high_amplitude,True,,236.0,0,64,4,development,S064R04E01,1,1,train
2,20.7,4.1,47,ok,False,,150.99999999999997,1,64,4,development,S064R04E02,0,1,train
3,28.9,4.1,48,ok,False,,189.0,0,64,4,development,S064R04E03,0,1,train
4,37.1,4.1,49,ok,False,,157.0,0,64,4,development,S064R04E04,1,1,train
5,45.3,4.1,50,high_amplitude,True,,245.0,1,64,4,development,S064R04E05,1,1,train
6,53.5,4.1,51,high_amplitude,True,,243.0,0,64,4,development,S064R04E06,1,1,train
7,61.7,4.1,52,high_amplitude,True,,250.0,1,64,4,development,S064R04E07,1,1,train
8,69.9,4.1,53,ok,False,,140.0,1,64,4,development,S064R04E08,1,1,train
9,78.1,4.1,54,high_amplitude,True,,228.0,0,64,4,development,S064R04E09,1,1,train
10,86.3,4.1,55,high_amplitude,True,,206.0,0,64,4,development,S064R04E10,0,1,train
11,94.5,4.1,56,high_amplitude,True,,252.99999999999997,1,64,4,development,S064R04E11,1,1,train
12,102.7,4.1,57,high_amplitude,True,,252.99999999999997,1,64,4,development,S064R04E12,1,1,train
13,110.9,4.1,58,high_amplitude,True,,250.99999999999997,0,64,4,development,S064R04E13,0,1,train
14,119.1,4.0,59,high_amplitude,True,,206.00000000000003,0,64,4,development,S064R04E14,0,1,train
0,4.3,4.1,60,high_amplitude,True,,254.0,1,64,8,development,S064R08E00,1,1,train
1,12.5,4.1,61,ok,False,,75.0,0,64,8,development,S064R08E01,1,1,train
2,20.7,4.1,62,high_amplitude,True,,210.0,1,64,8,development,S064R08E02,1,1,train
3,28.9,4.1,63,high_amplitude,True,,218.0,0,64,8,development,S064R08E03,1,1,train
4,37.1,4.1,64,high_amplitude,True,,205.0,1,64,8,development,S064R08E04,0,1,train
5,45.3,4.1,65,ok,False,,73.0,0,64,8,development,S064R08E05,0,1,train
6,53.5,4.1,66,high_amplitude,True,,225.0,1,64,8,development,S064R08E06,1,1,train
7,61.7,4.1,67,high_amplitude,True,,248.99999999999997,0,64,8,development,S064R08E07,0,1,train
8,69.9,4.1,68,ok,False,,192.0,1,64,8,development,S064R08E08,1,1,train
9,78.1,4.1,69,ok,False,,128.0,0,64,8,development,S064R08E09,1,1,train
10,86.3,4.1,70,high_amplitude,True,,218.0,1,64,8,development,S064R08E10,1,1,train
11,94.5,4.1,71,high_amplitude,True,,219.0,0,64,8,development,S064R08E11,1,1,train
12,102.7,4.1,72,high_amplitude,True,,230.99999999999997,0,64,8,development,S064R08E12,0,1,train
13,110.9,4.1,73,high_amplitude,True,,232.0,1,64,8,development,S064R08E13,0,1,train
14,119.1,4.0,74,high_amplitude,True,,239.0,0,64,8,development,S064R08E14,0,1,train
0,4.2,4.1,75,high_amplitude,True,,232.0,1,64,12,development,S064R12E00,1,1,train
1,12.4,4.1,76,high_amplitude,True,,237.0,0,64,12,development,S064R12E01,1,1,train
2,20.6,4.1,77,ok,False,,78.0,1,64,12,development,S064R12E02,1,1,train
3,28.8,4.1,78,high_amplitude,True,,219.99999999999997,0,64,12,development,S064R12E03,1,1,train
4,37.0,4.1,79,high_amplitude,True,,228.0,1,64,12,development,S064R12E04,1,1,train
5,45.2,4.1,80,ok,False,,167.0,0,64,12,development,S064R12E05,0,1,train
6,53.4,4.1,81,ok,False,,166.0,1,64,12,development,S064R12E06,0,1,train
7,61.6,4.1,82,ok,False,,97.0,0,64,12,development,S064R12E07,0,1,train
8,69.8,4.1,83,ok,False,,190.0,1,64,12,development,S064R12E08,1,1,train
9,78.0,4.1,84,ok,False,,80.0,0,64,12,development,S064R12E09,0,1,train
10,86.2,4.1,85,ok,False,,198.0,0,64,12,development,S064R12E10,0,1,train
11,94.4,4.1,86,high_amplitude,True,,204.0,1,64,12,development,S064R12E11,1,1,train
12,102.6,4.1,87,ok,False,,95.0,0,64,12,development,S064R12E12,0,1,train
13,110.8,4.1,88,ok,False,,197.0,1,64,12,development,S064R12E13,1,1,train
14,119.0,4.0,89,high_amplitude,True,,206.0,1,64,12,development,S064R12E14,1,1,train
0,4.1,4.1,171,high_amplitude,True,,451.0,0,15,4,development,S015R04E00,1,1,train
1,12.3,4.1,172,high_amplitude,True,,411.0,1,15,4,development,S015R04E01,1,1,train
2,20.5,4.1,173,high_amplitude,True,,492.99999999999994,0,15,4,development,S015R04E02,0,1,train
3,28.7,4.1,174,high_amplitude,True,,463.0,1,15,4,development,S015R04E03,1,1,train
4,36.9,4.1,175,high_amplitude,True,,419.0,1,15,4,development,S015R04E04,1,1,train
5,45.1,4.1,176,high_amplitude,True,,463.0,0,15,4,development,S015R04E05,0,1,train
6,53.3,4.1,177,high_amplitude,True,,341.0,0,15,4,development,S015R04E06,0,1,train
7,61.5,4.1,178,high_amplitude,True,,359.99999999999994,1,15,4,development,S015R04E07,1,1,train
8,69.7,4.1,179,high_amplitude,True,,387.0,0,15,4,development,S015R04E08,0,1,train
9,77.9,4.1,180,high_amplitude,True,,349.0,1,15,4,development,S015R04E09,1,1,train
10,86.1,4.1,181,high_amplitude,True,,359.99999999999994,1,15,4,development,S015R04E10,1,1,train
11,94.3,4.1,182,high_amplitude,True,,372.99999999999994,0,15,4,development,S015R04E11,0,1,train
12,102.5,4.1,183,high_amplitude,True,,327.99999999999994,1,15,4,development,S015R04E12,1,1,train
13,110.7,4.1,184,high_amplitude,True,,338.0,0,15,4,development,S015R04E13,0,1,train
14,118.9,4.1,185,high_amplitude,True,,318.00000000000006,1,15,4,development,S015R04E14,1,1,train
0,4.1,4.1,186,high_amplitude,True,,307.0,1,15,8,development,S015R08E00,1,1,train
1,12.3,4.1,187,high_amplitude,True,,335.0,0,15,8,development,S015R08E01,0,1,train
2,20.5,4.1,188,high_amplitude,True,,327.0,1,15,8,development,S015R08E02,1,1,train
3,28.7,4.1,189,high_amplitude,True,,296.99999999999994,0,15,8,development,S015R08E03,0,1,train
4,36.9,4.1,190,high_amplitude,True,,323.99999999999994,0,15,8,development,S015R08E04,1,1,train
5,45.1,4.1,191,high_amplitude,True,,420.99999999999994,1,15,8,development,S015R08E05,1,1,train
6,53.3,4.1,192,high_amplitude,True,,383.0,1,15,8,development,S015R08E06,0,1,train
7,61.5,4.1,193,high_amplitude,True,,434.0,0,15,8,development,S015R08E07,0,1,train
8,69.7,4.1,194,high_amplitude,True,,376.99999999999994,1,15,8,development,S015R08E08,1,1,train
9,77.9,4.1,195,high_amplitude,True,,358.99999999999994,0,15,8,development,S015R08E09,0,1,train
10,86.1,4.1,196,high_amplitude,True,,363.0,0,15,8,development,S015R08E10,0,1,train
11,94.3,4.1,197,high_amplitude,True,,303.0,1,15,8,development,S015R08E11,1,1,train
12,102.5,4.1,198,high_amplitude,True,,338.0,0,15,8,development,S015R08E12,0,1,train
13,110.7,4.1,199,high_amplitude,True,,304.0,1,15,8,development,S015R08E13,1,1,train
14,118.9,4.1,200,high_amplitude,True,,314.0,0,15,8,development,S015R08E14,0,1,train
0,4.1,4.1,201,high_amplitude,True,,312.0,1,15,12,development,S015R12E00,1,1,train
1,12.3,4.1,202,high_amplitude,True,,250.99999999999997,0,15,12,development,S015R12E01,0,1,train
2,20.5,4.1,203,high_amplitude,True,,276.0,1,15,12,development,S015R12E02,1,1,train
3,28.7,4.1,204,high_amplitude,True,,301.99999999999994,0,15,12,development,S015R12E03,0,1,train
4,36.9,4.1,205,high_amplitude,True,,517.0,0,15,12,development,S015R12E04,0,1,train
5,45.1,4.1,206,high_amplitude,True,,239.99999999999997,1,15,12,development,S015R12E05,1,1,train
6,53.3,4.1,207,high_amplitude,True,,294.0,1,15,12,development,S015R12E06,1,1,train
7,61.5,4.1,208,high_amplitude,True,,290.0,0,15,12,development,S015R12E07,0,1,train
8,69.7,4.1,209,high_amplitude,True,,398.0,1,15,12,development,S015R12E08,0,1,train
9,77.9,4.1,210,high_amplitude,True,,486.0,0,15,12,development,S015R12E09,0,1,train
10,86.1,4.1,211,high_amplitude,True,,445.0,0,15,12,development,S015R12E10,0,1,train
11,94.3,4.1,212,high_amplitude,True,,330.0,1,15,12,development,S015R12E11,1,1,train
12,102.5,4.1,213,high_amplitude,True,,313.0,0,15,12,development,S015R12E12,1,1,train
13,110.7,4.1,214,high_amplitude,True,,281.99999999999994,1,15,12,development,S015R12E13,1,1,train
14,118.9,4.1,215,high_amplitude,True,,271.0,0,15,12,development,S015R12E14,0,1,train
0,4.1,4.1,261,high_amplitude,True,,272.99999999999994,1,36,4,development,S036R04E00,1,1,train
1,12.3,4.1,262,high_amplitude,True,,345.99999999999994,0,36,4,development,S036R04E01,1,1,train
2,20.5,4.1,263,high_amplitude,True,,1042.0,1,36,4,development,S036R04E02,1,1,train
3,28.7,4.1,264,high_amplitude,True,,497.99999999999994,0,36,4,development,S036R04E03,0,1,train
4,36.9,4.1,265,high_amplitude,True,,513.9999999999999,0,36,4,development,S036R04E04,0,1,train
5,45.1,4.1,266,high_amplitude,True,,416.00000000000006,1,36,4,development,S036R04E05,0,1,train
6,53.3,4.1,267,high_amplitude,True,,279.0,1,36,4,development,S036R04E06,1,1,train
7,61.5,4.1,268,high_amplitude,True,,378.0,0,36,4,development,S036R04E07,0,1,train
8,69.7,4.1,269,high_amplitude,True,,517.0,0,36,4,development,S036R04E08,1,1,train
9,77.9,4.1,270,high_amplitude,True,,294.0,1,36,4,development,S036R04E09,0,1,train
10,86.1,4.1,271,high_amplitude,True,,401.0,0,36,4,development,S036R04E10,0,1,train
11,94.3,4.1,272,high_amplitude,True,,339.0,1,36,4,development,S036R04E11,0,1,train
12,102.5,4.1,273,high_amplitude,True,,296.0,0,36,4,development,S036R04E12,1,1,train
13,110.7,4.1,274,high_amplitude,True,,577.0,1,36,4,development,S036R04E13,0,1,train
14,118.9,4.1,275,high_amplitude,True,,534.0,0,36,4,development,S036R04E14,0,1,train
0,4.1,4.1,276,high_amplitude,True,,343.0,0,36,8,development,S036R08E00,0,1,train
1,12.3,4.1,277,high_amplitude,True,,320.0,1,36,8,development,S036R08E01,0,1,train
2,20.5,4.1,278,high_amplitude,True,,420.0,1,36,8,development,S036R08E02,1,1,train
3,28.7,4.1,279,high_amplitude,True,,807.9999999999999,0,36,8,development,S036R08E03,1,1,train
4,36.9,4.1,280,high_amplitude,True,,655.0,0,36,8,development,S036R08E04,1,1,train
5,45.1,4.1,281,high_amplitude,True,,625.0,1,36,8,development,S036R08E05,0,1,train
6,53.3,4.1,282,high_amplitude,True,,841.0,0,36,8,development,S036R08E06,1,1,train
7,61.5,4.1,283,high_amplitude,True,,1044.0,1,36,8,development,S036R08E07,0,1,train
8,69.7,4.1,284,high_amplitude,True,,1112.9999999999998,1,36,8,development,S036R08E08,1,1,train
9,77.9,4.1,285,high_amplitude,True,,1049.0,0,36,8,development,S036R08E09,1,1,train
10,86.1,4.1,286,high_amplitude,True,,501.99999999999994,1,36,8,development,S036R08E10,1,1,train
11,94.3,4.1,287,high_amplitude,True,,426.99999999999994,0,36,8,development,S036R08E11,0,1,train
12,102.5,4.1,288,high_amplitude,True,,747.0,1,36,8,development,S036R08E12,1,1,train
13,110.7,4.1,289,high_amplitude,True,,365.99999999999994,0,36,8,development,S036R08E13,0,1,train
14,118.9,4.1,290,high_amplitude,True,,398.0,1,36,8,development,S036R08E14,0,1,train
0,4.1,4.1,291,high_amplitude,True,,359.0,0,36,12,development,S036R12E00,1,1,train
1,12.3,4.1,292,high_amplitude,True,,763.0,1,36,12,development,S036R12E01,1,1,train
2,20.5,4.1,293,high_amplitude,True,,1082.0,1,36,12,development,S036R12E02,1,1,train
3,28.7,4.1,294,high_amplitude,True,,639.0,0,36,12,development,S036R12E03,0,1,train
4,36.9,4.1,295,high_amplitude,True,,812.9999999999999,1,36,12,development,S036R12E04,0,1,train
5,45.1,4.1,296,high_amplitude,True,,1056.0,0,36,12,development,S036R12E05,1,1,train
6,53.3,4.1,297,high_amplitude,True,,1112.9999999999998,0,36,12,development,S036R12E06,0,1,train
7,61.5,4.1,298,high_amplitude,True,,811.0,1,36,12,development,S036R12E07,0,1,train
8,69.7,4.1,299,high_amplitude,True,,761.0,1,36,12,development,S036R12E08,0,1,train
9,77.9,4.1,300,high_amplitude,True,,904.0,0,36,12,development,S036R12E09,1,1,train
10,86.1,4.1,301,high_amplitude,True,,792.9999999999999,1,36,12,development,S036R12E10,0,1,train
11,94.3,4.1,302,high_amplitude,True,,776.0,0,36,12,development,S036R12E11,0,1,train
12,102.5,4.1,303,high_amplitude,True,,794.9999999999999,0,36,12,development,S036R12E12,1,1,train
13,110.7,4.1,304,high_amplitude,True,,730.0,1,36,12,development,S036R12E13,1,1,train
14,118.9,4.1,305,high_amplitude,True,,1088.0,0,36,12,development,S036R12E14,1,1,train
0,4.1,4.1,306,high_amplitude,True,,910.0,1,70,4,development,S070R04E00,1,1,train
1,12.3,4.1,307,high_amplitude,True,,821.0,0,70,4,development,S070R04E01,1,1,train
2,20.5,4.1,308,high_amplitude,True,,518.9999999999999,1,70,4,development,S070R04E02,0,1,train
3,28.7,4.1,309,high_amplitude,True,,718.0,0,70,4,development,S070R04E03,1,1,train
4,36.9,4.1,310,high_amplitude,True,,822.0,0,70,4,development,S070R04E04,0,1,train
5,45.1,4.1,311,high_amplitude,True,,722.0,1,70,4,development,S070R04E05,0,1,train
6,53.3,4.1,312,high_amplitude,True,,634.9999999999999,1,70,4,development,S070R04E06,0,1,train
7,61.5,4.1,313,high_amplitude,True,,816.9999999999999,0,70,4,development,S070R04E07,0,1,train
8,69.7,4.1,314,high_amplitude,True,,861.9999999999999,0,70,4,development,S070R04E08,0,1,train
9,77.9,4.1,315,high_amplitude,True,,797.0,1,70,4,development,S070R04E09,0,1,train
10,86.1,4.1,316,high_amplitude,True,,783.0000000000001,0,70,4,development,S070R04E10,0,1,train
11,94.3,4.1,317,high_amplitude,True,,426.99999999999994,1,70,4,development,S070R04E11,0,1,train
12,102.5,4.1,318,high_amplitude,True,,655.9999999999999,1,70,4,development,S070R04E12,1,1,train
13,110.7,4.1,319,high_amplitude,True,,727.9999999999999,0,70,4,development,S070R04E13,0,1,train
14,118.9,4.1,320,high_amplitude,True,,745.0,1,70,4,development,S070R04E14,1,1,train
0,4.1,4.1,321,high_amplitude,True,,902.0,1,70,8,development,S070R08E00,0,1,train
1,12.3,4.1,322,high_amplitude,True,,647.0,0,70,8,development,S070R08E01,0,1,train
2,20.5,4.1,323,high_amplitude,True,,408.99999999999994,0,70,8,development,S070R08E02,0,1,train
3,28.7,4.1,324,high_amplitude,True,,902.0,1,70,8,development,S070R08E03,0,1,train
4,36.9,4.1,325,high_amplitude,True,,452.99999999999994,1,70,8,development,S070R08E04,0,1,train
5,45.1,4.1,326,high_amplitude,True,,793.0,0,70,8,development,S070R08E05,0,1,train
6,53.3,4.1,327,high_amplitude,True,,761.0,1,70,8,development,S070R08E06,1,1,train
7,61.5,4.1,328,high_amplitude,True,,907.0,0,70,8,development,S070R08E07,0,1,train
8,69.7,4.1,329,high_amplitude,True,,412.99999999999994,1,70,8,development,S070R08E08,1,1,train
9,77.9,4.1,330,high_amplitude,True,,708.0,0,70,8,development,S070R08E09,0,1,train
10,86.1,4.1,331,high_amplitude,True,,500.99999999999994,1,70,8,development,S070R08E10,1,1,train
11,94.3,4.1,332,high_amplitude,True,,834.0,0,70,8,development,S070R08E11,1,1,train
12,102.5,4.1,333,high_amplitude,True,,799.0,0,70,8,development,S070R08E12,1,1,train
13,110.7,4.1,334,high_amplitude,True,,759.0,1,70,8,development,S070R08E13,1,1,train
14,118.9,4.1,335,high_amplitude,True,,683.0,0,70,8,development,S070R08E14,1,1,train
0,4.1,4.1,336,high_amplitude,True,,348.0,1,70,12,development,S070R12E00,0,1,train
1,12.3,4.1,337,high_amplitude,True,,410.0,0,70,12,development,S070R12E01,0,1,train
2,20.5,4.1,338,high_amplitude,True,,372.0,0,70,12,development,S070R12E02,0,1,train
3,28.7,4.1,339,high_amplitude,True,,368.99999999999994,1,70,12,development,S070R12E03,0,1,train
4,36.9,4.1,340,high_amplitude,True,,401.0,0,70,12,development,S070R12E04,0,1,train
5,45.1,4.1,341,high_amplitude,True,,387.0,1,70,12,development,S070R12E05,0,1,train
6,53.3,4.1,342,high_amplitude,True,,322.0,0,70,12,development,S070R12E06,0,1,train
7,61.5,4.1,343,high_amplitude,True,,383.99999999999994,1,70,12,development,S070R12E07,1,1,train
8,69.7,4.1,344,high_amplitude,True,,518.0,0,70,12,development,S070R12E08,0,1,train
9,77.9,4.1,345,high_amplitude,True,,443.0,1,70,12,development,S070R12E09,0,1,train
10,86.1,4.1,346,high_amplitude,True,,514.9999999999999,0,70,12,development,S070R12E10,0,1,train
11,94.3,4.1,347,high_amplitude,True,,419.0,1,70,12,development,S070R12E11,1,1,train
12,102.5,4.1,348,high_amplitude,True,,892.9999999999999,0,70,12,development,S070R12E12,0,1,train
13,110.7,4.1,349,high_amplitude,True,,606.0,1,70,12,development,S070R12E13,0,1,train
14,118.9,4.1,350,high_amplitude,True,,374.0,1,70,12,development,S070R12E14,1,1,train
0,4.1,4.1,351,high_amplitude,True,,699.0,0,109,4,development,S109R04E00,1,1,train
1,12.3,4.1,352,high_amplitude,True,,704.9999999999999,1,109,4,development,S109R04E01,1,1,train
2,20.5,4.1,353,high_amplitude,True,,727.9999999999999,1,109,4,development,S109R04E02,1,1,train
3,28.7,4.1,354,high_amplitude,True,,716.0,0,109,4,development,S109R04E03,0,1,train
4,36.9,4.1,355,high_amplitude,True,,710.0,1,109,4,development,S109R04E04,1,1,train
5,45.1,4.1,356,high_amplitude,True,,688.9999999999999,0,109,4,development,S109R04E05,1,1,train
6,53.3,4.1,357,high_amplitude,True,,696.9999999999999,1,109,4,development,S109R04E06,1,1,train
7,61.5,4.1,358,high_amplitude,True,,704.9999999999999,0,109,4,development,S109R04E07,0,1,train
8,69.7,4.1,359,high_amplitude,True,,727.0,1,109,4,development,S109R04E08,0,1,train
9,77.9,4.1,360,high_amplitude,True,,725.0,0,109,4,development,S109R04E09,0,1,train
10,86.1,4.1,361,high_amplitude,True,,711.0,0,109,4,development,S109R04E10,1,1,train
11,94.3,4.1,362,high_amplitude,True,,704.0,1,109,4,development,S109R04E11,1,1,train
12,102.5,4.1,363,high_amplitude,True,,726.0,0,109,4,development,S109R04E12,1,1,train
13,110.7,4.1,364,high_amplitude,True,,727.9999999999999,1,109,4,development,S109R04E13,1,1,train
14,118.9,4.1,365,high_amplitude,True,,718.0,1,109,4,development,S109R04E14,0,1,train
0,4.1,4.1,366,high_amplitude,True,,719.9999999999999,1,109,8,development,S109R08E00,1,1,train
1,12.3,4.1,367,high_amplitude,True,,657.0,0,109,8,development,S109R08E01,0,1,train
2,20.5,4.1,368,high_amplitude,True,,645.0,1,109,8,development,S109R08E02,1,1,train
3,28.7,4.1,369,high_amplitude,True,,683.9999999999999,0,109,8,development,S109R08E03,1,1,train
4,36.9,4.1,370,high_amplitude,True,,658.0,0,109,8,development,S109R08E04,0,1,train
5,45.1,4.1,371,high_amplitude,True,,691.0,1,109,8,development,S109R08E05,1,1,train
6,53.3,4.1,372,high_amplitude,True,,690.0,0,109,8,development,S109R08E06,1,1,train
7,61.5,4.1,373,high_amplitude,True,,700.0,1,109,8,development,S109R08E07,1,1,train
8,69.7,4.1,374,high_amplitude,True,,658.0,1,109,8,development,S109R08E08,1,1,train
9,77.9,4.1,375,high_amplitude,True,,683.0,0,109,8,development,S109R08E09,0,1,train
10,86.1,4.1,376,high_amplitude,True,,668.0,1,109,8,development,S109R08E10,0,1,train
11,94.3,4.1,377,high_amplitude,True,,704.0,0,109,8,development,S109R08E11,0,1,train
12,102.5,4.1,378,high_amplitude,True,,691.0,1,109,8,development,S109R08E12,1,1,train
13,110.7,4.1,379,high_amplitude,True,,683.0,0,109,8,development,S109R08E13,1,1,train
14,118.9,4.1,380,high_amplitude,True,,676.0,0,109,8,development,S109R08E14,0,1,train
0,4.1,4.1,381,high_amplitude,True,,704.9999999999999,1,109,12,development,S109R12E00,0,1,train
1,12.3,4.1,382,high_amplitude,True,,691.9999999999999,0,109,12,development,S109R12E01,0,1,train
2,20.5,4.1,383,high_amplitude,True,,670.9999999999999,1,109,12,development,S109R12E02,0,1,train
3,28.7,4.1,384,high_amplitude,True,,688.9999999999999,0,109,12,development,S109R12E03,0,1,train
4,36.9,4.1,385,high_amplitude,True,,685.0,0,109,12,development,S109R12E04,1,1,train
5,45.1,4.1,386,high_amplitude,True,,676.0,1,109,12,development,S109R12E05,1,1,train
6,53.3,4.1,387,high_amplitude,True,,654.0,1,109,12,development,S109R12E06,0,1,train
7,61.5,4.1,388,high_amplitude,True,,717.9999999999999,0,109,12,development,S109R12E07,1,1,train
8,69.7,4.1,389,high_amplitude,True,,701.9999999999999,1,109,12,development,S109R12E08,0,1,train
9,77.9,4.1,390,high_amplitude,True,,714.9999999999999,0,109,12,development,S109R12E09,1,1,train
10,86.1,4.1,391,high_amplitude,True,,690.0,0,109,12,development,S109R12E10,1,1,train
11,94.3,4.1,392,high_amplitude,True,,704.0,1,109,12,development,S109R12E11,1,1,train
12,102.5,4.1,393,high_amplitude,True,,669.0,0,109,12,development,S109R12E12,0,1,train
13,110.7,4.1,394,high_amplitude,True,,676.0,1,109,12,development,S109R12E13,1,1,train
14,118.9,4.1,395,high_amplitude,True,,678.9999999999999,0,109,12,development,S109R12E14,0,1,train
0,4.1,4.1,396,high_amplitude,True,,921.0,0,75,4,development,S075R04E00,0,1,train
1,12.3,4.1,397,high_amplitude,True,,726.0,1,75,4,development,S075R04E01,0,1,train
2,20.5,4.1,398,high_amplitude,True,,768.0,1,75,4,development,S075R04E02,0,1,train
3,28.7,4.1,399,high_amplitude,True,,701.9999999999999,0,75,4,development,S075R04E03,0,1,train
4,36.9,4.1,400,high_amplitude,True,,765.0,1,75,4,development,S075R04E04,1,1,train
5,45.1,4.1,401,high_amplitude,True,,686.9999999999999,0,75,4,development,S075R04E05,0,1,train
6,53.3,4.1,402,high_amplitude,True,,672.0,1,75,4,development,S075R04E06,1,1,train
7,61.5,4.1,403,high_amplitude,True,,633.0,0,75,4,development,S075R04E07,0,1,train
8,69.7,4.1,404,high_amplitude,True,,706.0,1,75,4,development,S075R04E08,0,1,train
9,77.9,4.1,405,high_amplitude,True,,955.0,0,75,4,development,S075R04E09,0,1,train
10,86.1,4.1,406,high_amplitude,True,,683.9999999999999,0,75,4,development,S075R04E10,0,1,train
11,94.3,4.1,407,high_amplitude,True,,910.0,1,75,4,development,S075R04E11,0,1,train
12,102.5,4.1,408,high_amplitude,True,,1117.0,1,75,4,development,S075R04E12,0,1,train
13,110.7,4.1,409,high_amplitude,True,,1019.0,0,75,4,development,S075R04E13,0,1,train
14,118.9,4.1,410,high_amplitude,True,,652.9999999999999,1,75,4,development,S075R04E14,1,1,train
0,4.1,4.1,411,high_amplitude,True,,525.0,0,75,8,development,S075R08E00,1,1,train
1,12.3,4.1,412,high_amplitude,True,,1043.0,1,75,8,development,S075R08E01,1,1,train
2,20.5,4.1,413,high_amplitude,True,,931.0,0,75,8,development,S075R08E02,0,1,train
3,28.7,4.1,414,high_amplitude,True,,1055.0,1,75,8,development,S075R08E03,1,1,train
4,36.9,4.1,415,high_amplitude,True,,616.0,1,75,8,development,S075R08E04,1,1,train
5,45.1,4.1,416,high_amplitude,True,,868.0000000000001,0,75,8,development,S075R08E05,0,1,train
6,53.3,4.1,417,high_amplitude,True,,966.0,0,75,8,development,S075R08E06,0,1,train
7,61.5,4.1,418,high_amplitude,True,,1115.9999999999998,1,75,8,development,S075R08E07,1,1,train
8,69.7,4.1,419,high_amplitude,True,,998.0,1,75,8,development,S075R08E08,1,1,train
9,77.9,4.1,420,high_amplitude,True,,925.0,0,75,8,development,S075R08E09,0,1,train
10,86.1,4.1,421,high_amplitude,True,,904.0,1,75,8,development,S075R08E10,1,1,train
11,94.3,4.1,422,high_amplitude,True,,892.9999999999999,0,75,8,development,S075R08E11,0,1,train
12,102.5,4.1,423,high_amplitude,True,,1108.9999999999998,1,75,8,development,S075R08E12,1,1,train
13,110.7,4.1,424,high_amplitude,True,,993.0,0,75,8,development,S075R08E13,0,1,train
14,118.9,4.1,425,high_amplitude,True,,991.0,1,75,8,development,S075R08E14,1,1,train
0,4.1,4.1,426,high_amplitude,True,,998.0,0,75,12,development,S075R12E00,0,1,train
1,12.3,4.1,427,high_amplitude,True,,921.0,1,75,12,development,S075R12E01,1,1,train
2,20.5,4.1,428,high_amplitude,True,,996.0,0,75,12,development,S075R12E02,1,1,train
3,28.7,4.1,429,high_amplitude,True,,917.0,1,75,12,development,S075R12E03,1,1,train
4,36.9,4.1,430,high_amplitude,True,,1059.0,1,75,12,development,S075R12E04,1,1,train
5,45.1,4.1,431,high_amplitude,True,,928.0,0,75,12,development,S075R12E05,1,1,train
6,53.3,4.1,432,high_amplitude,True,,851.9999999999999,0,75,12,development,S075R12E06,0,1,train
7,61.5,4.1,433,high_amplitude,True,,1096.0,1,75,12,development,S075R12E07,0,1,train
8,69.7,4.1,434,high_amplitude,True,,1002.0,0,75,12,development,S075R12E08,0,1,train
9,77.9,4.1,435,high_amplitude,True,,989.0,1,75,12,development,S075R12E09,1,1,train
10,86.1,4.1,436,high_amplitude,True,,975.0,0,75,12,development,S075R12E10,0,1,train
11,94.3,4.1,437,high_amplitude,True,,1005.0,1,75,12,development,S075R12E11,1,1,train
12,102.5,4.1,438,high_amplitude,True,,1010.0,0,75,12,development,S075R12E12,0,1,train
13,110.7,4.1,439,high_amplitude,True,,1122.9999999999998,1,75,12,development,S075R12E13,1,1,train
14,118.9,4.1,440,high_amplitude,True,,877.0,0,75,12,development,S075R12E14,0,1,train
0,4.1,4.1,486,high_amplitude,True,,505.99999999999994,0,10,4,development,S010R04E00,1,1,train
1,12.3,4.1,487,high_amplitude,True,,359.0,1,10,4,development,S010R04E01,0,1,train
2,20.5,4.1,488,high_amplitude,True,,665.9999999999999,0,10,4,development,S010R04E02,1,1,train
3,28.7,4.1,489,high_amplitude,True,,343.0,1,10,4,development,S010R04E03,0,1,train
4,36.9,4.1,490,high_amplitude,True,,1052.0,0,10,4,development,S010R04E04,0,1,train
5,45.1,4.1,491,high_amplitude,True,,899.0,1,10,4,development,S010R04E05,1,1,train
6,53.3,4.1,492,high_amplitude,True,,1044.0,1,10,4,development,S010R04E06,1,1,train
7,61.5,4.1,493,high_amplitude,True,,675.0,0,10,4,development,S010R04E07,1,1,train
8,69.7,4.1,494,high_amplitude,True,,940.0,1,10,4,development,S010R04E08,1,1,train
9,77.9,4.1,495,high_amplitude,True,,760.0,0,10,4,development,S010R04E09,1,1,train
10,86.1,4.1,496,high_amplitude,True,,904.0,1,10,4,development,S010R04E10,1,1,train
11,94.3,4.1,497,high_amplitude,True,,1066.9999999999998,0,10,4,development,S010R04E11,0,1,train
12,102.5,4.1,498,high_amplitude,True,,888.9999999999999,1,10,4,development,S010R04E12,1,1,train
13,110.7,4.1,499,high_amplitude,True,,624.9999999999999,0,10,4,development,S010R04E13,0,1,train
14,118.9,4.1,500,high_amplitude,True,,821.0,0,10,4,development,S010R04E14,0,1,train
0,4.1,4.1,501,high_amplitude,True,,999.0,1,10,8,development,S010R08E00,0,1,train
1,12.3,4.1,502,high_amplitude,True,,637.0,0,10,8,development,S010R08E01,0,1,train
2,20.5,4.1,503,high_amplitude,True,,305.99999999999994,0,10,8,development,S010R08E02,0,1,train
3,28.7,4.1,504,high_amplitude,True,,939.0,1,10,8,development,S010R08E03,1,1,train
4,36.9,4.1,505,high_amplitude,True,,1080.0,1,10,8,development,S010R08E04,1,1,train
5,45.1,4.1,506,high_amplitude,True,,1139.0,0,10,8,development,S010R08E05,1,1,train
6,53.3,4.1,507,high_amplitude,True,,786.9999999999999,1,10,8,development,S010R08E06,1,1,train
7,61.5,4.1,508,high_amplitude,True,,530.0,0,10,8,development,S010R08E07,1,1,train
8,69.7,4.1,509,high_amplitude,True,,979.0,1,10,8,development,S010R08E08,1,1,train
9,77.9,4.1,510,high_amplitude,True,,1096.0,0,10,8,development,S010R08E09,1,1,train
10,86.1,4.1,511,high_amplitude,True,,722.0,1,10,8,development,S010R08E10,1,1,train
11,94.3,4.1,512,high_amplitude,True,,739.0,0,10,8,development,S010R08E11,0,1,train
12,102.5,4.1,513,high_amplitude,True,,1008.0,0,10,8,development,S010R08E12,0,1,train
13,110.7,4.1,514,high_amplitude,True,,727.9999999999999,1,10,8,development,S010R08E13,1,1,train
14,118.9,4.1,515,high_amplitude,True,,763.0,0,10,8,development,S010R08E14,0,1,train
0,4.1,4.1,516,high_amplitude,True,,679.9999999999999,0,10,12,development,S010R12E00,0,1,train
1,12.3,4.1,517,high_amplitude,True,,543.0,1,10,12,development,S010R12E01,0,1,train
2,20.5,4.1,518,high_amplitude,True,,792.0,1,10,12,development,S010R12E02,1,1,train
3,28.7,4.1,519,high_amplitude,True,,851.9999999999999,0,10,12,development,S010R12E03,0,1,train
4,36.9,4.1,520,high_amplitude,True,,916.0,1,10,12,development,S010R12E04,1,1,train
5,45.1,4.1,521,high_amplitude,True,,944.0,0,10,12,development,S010R12E05,0,1,train
6,53.3,4.1,522,high_amplitude,True,,789.0,0,10,12,development,S010R12E06,1,1,train
7,61.5,4.1,523,high_amplitude,True,,879.9999999999999,1,10,12,development,S010R12E07,0,1,train
8,69.7,4.1,524,high_amplitude,True,,812.0,0,10,12,development,S010R12E08,1,1,train
9,77.9,4.1,525,high_amplitude,True,,1002.0,1,10,12,development,S010R12E09,1,1,train
10,86.1,4.1,526,high_amplitude,True,,1096.9999999999998,0,10,12,development,S010R12E10,1,1,train
11,94.3,4.1,527,high_amplitude,True,,877.9999999999999,1,10,12,development,S010R12E11,1,1,train
12,102.5,4.1,528,high_amplitude,True,,951.0,1,10,12,development,S010R12E12,0,1,train
13,110.7,4.1,529,high_amplitude,True,,869.0,0,10,12,development,S010R12E13,1,1,train
14,118.9,4.1,530,high_amplitude,True,,820.0,0,10,12,development,S010R12E14,0,1,train
0,4.2,4.1,531,high_amplitude,True,,436.0,1,57,4,development,S057R04E00,0,1,train
1,12.5,4.1,532,high_amplitude,True,,348.0,0,57,4,development,S057R04E01,0,1,train
2,20.8,4.1,533,high_amplitude,True,,292.0,0,57,4,development,S057R04E02,0,1,train
3,29.1,4.1,534,high_amplitude,True,,303.0,1,57,4,development,S057R04E03,0,1,train
4,37.4,4.1,535,high_amplitude,True,,307.0,0,57,4,development,S057R04E04,0,1,train
5,45.7,4.1,536,high_amplitude,True,,287.99999999999994,1,57,4,development,S057R04E05,0,1,train
6,54.0,4.1,537,high_amplitude,True,,274.0,1,57,4,development,S057R04E06,0,1,train
7,62.3,4.1,538,high_amplitude,True,,285.0,0,57,4,development,S057R04E07,0,1,train
8,70.6,4.1,539,high_amplitude,True,,265.0,0,57,4,development,S057R04E08,0,1,train
9,78.9,4.1,540,high_amplitude,True,,301.0,1,57,4,development,S057R04E09,0,1,train
10,87.2,4.1,541,high_amplitude,True,,243.0,0,57,4,development,S057R04E10,1,1,train
11,95.5,4.1,542,high_amplitude,True,,320.0,1,57,4,development,S057R04E11,0,1,train
12,103.8,4.1,543,high_amplitude,True,,592.0,0,57,4,development,S057R04E12,1,1,train
13,112.1,4.1,544,high_amplitude,True,,254.0,1,57,4,development,S057R04E13,0,1,train
14,120.4,4.1,545,high_amplitude,True,,322.99999999999994,0,57,4,development,S057R04E14,0,1,train
0,4.2,4.1,546,high_amplitude,True,,429.0,1,57,8,development,S057R08E00,0,1,train
1,12.5,4.1,547,high_amplitude,True,,455.0,0,57,8,development,S057R08E01,1,1,train
2,20.8,4.1,548,high_amplitude,True,,716.0,1,57,8,development,S057R08E02,0,1,train
3,29.1,4.1,549,high_amplitude,True,,686.0,0,57,8,development,S057R08E03,1,1,train
4,37.4,4.1,550,high_amplitude,True,,477.0,0,57,8,development,S057R08E04,0,1,train
5,45.7,4.1,551,high_amplitude,True,,552.0,1,57,8,development,S057R08E05,1,1,train
6,54.0,4.1,552,high_amplitude,True,,429.0,0,57,8,development,S057R08E06,1,1,train
7,62.3,4.1,553,high_amplitude,True,,650.0,1,57,8,development,S057R08E07,1,1,train
8,70.6,4.1,554,high_amplitude,True,,641.0,1,57,8,development,S057R08E08,0,1,train
9,78.9,4.1,555,high_amplitude,True,,580.0,0,57,8,development,S057R08E09,0,1,train
10,87.2,4.1,556,high_amplitude,True,,601.9999999999999,1,57,8,development,S057R08E10,1,1,train
11,95.5,4.1,557,high_amplitude,True,,439.0,0,57,8,development,S057R08E11,0,1,train
12,103.8,4.1,558,high_amplitude,True,,647.0,1,57,8,development,S057R08E12,0,1,train
13,112.1,4.1,559,high_amplitude,True,,624.0,0,57,8,development,S057R08E13,1,1,train
14,120.4,4.1,560,high_amplitude,True,,911.0,0,57,8,development,S057R08E14,1,1,train
0,4.2,4.1,561,high_amplitude,True,,250.99999999999997,0,57,12,development,S057R12E00,0,1,train
1,12.5,4.1,562,high_amplitude,True,,323.99999999999994,1,57,12,development,S057R12E01,1,1,train
2,20.8,4.1,563,high_amplitude,True,,686.9999999999999,0,57,12,development,S057R12E02,0,1,train
3,29.1,4.1,564,high_amplitude,True,,724.0,1,57,12,development,S057R12E03,1,1,train
4,37.4,4.1,565,high_amplitude,True,,749.0,1,57,12,development,S057R12E04,1,1,train
5,45.7,4.1,566,high_amplitude,True,,560.0,0,57,12,development,S057R12E05,0,1,train
6,54.0,4.1,567,high_amplitude,True,,551.0,0,57,12,development,S057R12E06,0,1,train
7,62.3,4.1,568,high_amplitude,True,,593.0,1,57,12,development,S057R12E07,1,1,train
8,70.6,4.1,569,high_amplitude,True,,578.0,0,57,12,development,S057R12E08,1,1,train
9,78.9,4.1,570,high_amplitude,True,,649.0,1,57,12,development,S057R12E09,0,1,train
10,87.2,4.1,571,high_amplitude,True,,817.9999999999999,1,57,12,development,S057R12E10,0,1,train
11,95.5,4.1,572,high_amplitude,True,,690.0,0,57,12,development,S057R12E11,0,1,train
12,103.8,4.1,573,high_amplitude,True,,791.0,0,57,12,development,S057R12E12,1,1,train
13,112.1,4.1,574,high_amplitude,True,,551.0,1,57,12,development,S057R12E13,0,1,train
14,120.4,4.1,575,high_amplitude,True,,634.0,0,57,12,development,S057R12E14,0,1,train
0,4.1,4.1,621,ok,False,,130.0,1,25,4,development,S025R04E00,1,1,train
1,12.3,4.1,622,ok,False,,156.0,0,25,4,development,S025R04E01,0,1,train
2,20.5,4.1,623,high_amplitude,True,,203.0,1,25,4,development,S025R04E02,0,1,train
3,28.7,4.1,624,high_amplitude,True,,248.99999999999997,0,25,4,development,S025R04E03,0,1,train
4,36.9,4.1,625,ok,False,,138.0,1,25,4,development,S025R04E04,1,1,train
5,45.1,4.1,626,ok,False,,192.99999999999997,0,25,4,development,S025R04E05,1,1,train
6,53.3,4.1,627,ok,False,,131.0,1,25,4,development,S025R04E06,0,1,train
7,61.5,4.1,628,ok,False,,165.0,0,25,4,development,S025R04E07,0,1,train
8,69.7,4.1,629,ok,False,,127.0,1,25,4,development,S025R04E08,1,1,train
9,77.9,4.1,630,ok,False,,114.0,0,25,4,development,S025R04E09,0,1,train
10,86.1,4.1,631,ok,False,,112.0,1,25,4,development,S025R04E10,1,1,train
11,94.3,4.1,632,ok,False,,114.0,0,25,4,development,S025R04E11,1,1,train
12,102.5,4.1,633,ok,False,,129.0,0,25,4,development,S025R04E12,0,1,train
13,110.7,4.1,634,ok,False,,137.0,1,25,4,development,S025R04E13,1,1,train
14,118.9,4.1,635,ok,False,,129.0,1,25,4,development,S025R04E14,0,1,train
0,4.1,4.1,636,high_amplitude,True,,226.0,0,25,8,development,S025R08E00,1,1,train
1,12.3,4.1,637,ok,False,,194.0,1,25,8,development,S025R08E01,0,1,train
2,20.5,4.1,638,ok,False,,192.0,1,25,8,development,S025R08E02,0,1,train
3,28.7,4.1,639,high_amplitude,True,,212.99999999999997,0,25,8,development,S025R08E03,0,1,train
4,36.9,4.1,640,ok,False,,185.0,0,25,8,development,S025R08E04,1,1,train
5,45.1,4.1,641,ok,False,,172.99999999999997,1,25,8,development,S025R08E05,1,1,train
6,53.3,4.1,642,ok,False,,138.0,1,25,8,development,S025R08E06,1,1,train
7,61.5,4.1,643,ok,False,,160.0,0,25,8,development,S025R08E07,1,1,train
8,69.7,4.1,644,ok,False,,192.99999999999997,0,25,8,development,S025R08E08,0,1,train
9,77.9,4.1,645,ok,False,,199.99999999999997,1,25,8,development,S025R08E09,1,1,train
10,86.1,4.1,646,ok,False,,132.0,0,25,8,development,S025R08E10,0,1,train
11,94.3,4.1,647,ok,False,,185.0,1,25,8,development,S025R08E11,1,1,train
12,102.5,4.1,648,ok,False,,149.0,1,25,8,development,S025R08E12,0,1,train
13,110.7,4.1,649,ok,False,,177.0,0,25,8,development,S025R08E13,0,1,train
14,118.9,4.1,650,ok,False,,141.0,1,25,8,development,S025R08E14,0,1,train
0,4.1,4.1,651,ok,False,,126.0,1,25,12,development,S025R12E00,1,1,train
1,12.3,4.1,652,ok,False,,101.0,0,25,12,development,S025R12E01,0,1,train
2,20.5,4.1,653,ok,False,,116.0,0,25,12,development,S025R12E02,0,1,train
3,28.7,4.1,654,ok,False,,112.0,1,25,12,development,S025R12E03,0,1,train
4,36.9,4.1,655,ok,False,,91.0,0,25,12,development,S025R12E04,0,1,train
5,45.1,4.1,656,ok,False,,117.0,1,25,12,development,S025R12E05,1,1,train
6,53.3,4.1,657,ok,False,,115.0,1,25,12,development,S025R12E06,1,1,train
7,61.5,4.1,658,ok,False,,95.0,0,25,12,development,S025R12E07,0,1,train
8,69.7,4.1,659,ok,False,,183.0,1,25,12,development,S025R12E08,1,1,train
9,77.9,4.1,660,ok,False,,98.0,0,25,12,development,S025R12E09,0,1,train
10,86.1,4.1,661,ok,False,,106.0,1,25,12,development,S025R12E10,1,1,train
11,94.3,4.1,662,ok,False,,104.0,0,25,12,development,S025R12E11,0,1,train
12,102.5,4.1,663,ok,False,,141.99999999999997,0,25,12,development,S025R12E12,0,1,train
13,110.7,4.1,664,ok,False,,122.0,1,25,12,development,S025R12E13,0,1,train
14,118.9,4.1,665,ok,False,,143.99999999999997,0,25,12,development,S025R12E14,0,1,train
0,4.1,4.1,666,high_amplitude,True,,500.99999999999994,0,11,4,development,S011R04E00,0,1,train
1,12.3,4.1,667,high_amplitude,True,,219.99999999999997,1,11,4,development,S011R04E01,0,1,train
2,20.5,4.1,668,high_amplitude,True,,285.0,0,11,4,development,S011R04E02,0,1,train
3,28.7,4.1,669,high_amplitude,True,,206.0,1,11,4,development,S011R04E03,0,1,train
4,36.9,4.1,670,ok,False,,167.0,0,11,4,development,S011R04E04,0,1,train
5,45.1,4.1,671,ok,False,,192.99999999999997,1,11,4,development,S011R04E05,0,1,train
6,53.3,4.1,672,high_amplitude,True,,262.0,1,11,4,development,S011R04E06,0,1,train
7,61.5,4.1,673,high_amplitude,True,,245.0,0,11,4,development,S011R04E07,0,1,train
8,69.7,4.1,674,high_amplitude,True,,203.0,1,11,4,development,S011R04E08,1,1,train
9,77.9,4.1,675,high_amplitude,True,,225.0,0,11,4,development,S011R04E09,0,1,train
10,86.1,4.1,676,high_amplitude,True,,361.99999999999994,0,11,4,development,S011R04E10,0,1,train
11,94.3,4.1,677,high_amplitude,True,,394.0,1,11,4,development,S011R04E11,0,1,train
12,102.5,4.1,678,high_amplitude,True,,490.9999999999999,1,11,4,development,S011R04E12,0,1,train
13,110.7,4.1,679,high_amplitude,True,,441.0,0,11,4,development,S011R04E13,0,1,train
14,118.9,4.1,680,high_amplitude,True,,228.0,0,11,4,development,S011R04E14,0,1,train
0,4.1,4.1,681,ok,False,,169.0,0,11,8,development,S011R08E00,0,1,train
1,12.3,4.1,682,ok,False,,154.0,1,11,8,development,S011R08E01,1,1,train
2,20.5,4.1,683,high_amplitude,True,,293.0,0,11,8,development,S011R08E02,0,1,train
3,28.7,4.1,684,ok,False,,174.0,1,11,8,development,S011R08E03,1,1,train
4,36.9,4.1,685,ok,False,,167.0,0,11,8,development,S011R08E04,0,1,train
5,45.1,4.1,686,ok,False,,181.99999999999997,1,11,8,development,S011R08E05,0,1,train
6,53.3,4.1,687,ok,False,,165.0,0,11,8,development,S011R08E06,0,1,train
7,61.5,4.1,688,high_amplitude,True,,215.0,1,11,8,development,S011R08E07,1,1,train
8,69.7,4.1,689,ok,False,,170.99999999999997,1,11,8,development,S011R08E08,1,1,train
9,77.9,4.1,690,ok,False,,179.0,0,11,8,development,S011R08E09,1,1,train
10,86.1,4.1,691,high_amplitude,True,,225.99999999999997,0,11,8,development,S011R08E10,0,1,train
11,94.3,4.1,692,high_amplitude,True,,212.0,1,11,8,development,S011R08E11,1,1,train
12,102.5,4.1,693,ok,False,,165.0,0,11,8,development,S011R08E12,1,1,train
13,110.7,4.1,694,ok,False,,193.0,1,11,8,development,S011R08E13,1,1,train
14,118.9,4.1,695,high_amplitude,True,,238.99999999999997,1,11,8,development,S011R08E14,1,1,train
0,4.1,4.1,696,ok,False,,155.0,0,11,12,development,S011R12E00,1,1,train
1,12.3,4.1,697,high_amplitude,True,,206.0,1,11,12,development,S011R12E01,0,1,train
2,20.5,4.1,698,ok,False,,186.0,0,11,12,development,S011R12E02,0,1,train
3,28.7,4.1,699,high_amplitude,True,,208.99999999999997,1,11,12,development,S011R12E03,1,1,train
4,36.9,4.1,700,ok,False,,197.00000000000003,1,11,12,development,S011R12E04,0,1,train
5,45.1,4.1,701,ok,False,,149.0,0,11,12,development,S011R12E05,0,1,train
6,53.3,4.1,702,ok,False,,170.0,1,11,12,development,S011R12E06,0,1,train
7,61.5,4.1,703,ok,False,,167.0,0,11,12,development,S011R12E07,1,1,train
8,69.7,4.1,704,ok,False,,140.0,1,11,12,development,S011R12E08,0,1,train
9,77.9,4.1,705,ok,False,,177.0,0,11,12,development,S011R12E09,0,1,train
10,86.1,4.1,706,high_amplitude,True,,216.0,0,11,12,development,S011R12E10,0,1,train
11,94.3,4.1,707,high_amplitude,True,,210.99999999999997,1,11,12,development,S011R12E11,1,1,train
12,102.5,4.1,708,high_amplitude,True,,274.0,1,11,12,development,S011R12E12,1,1,train
13,110.7,4.1,709,high_amplitude,True,,248.99999999999997,0,11,12,development,S011R12E13,0,1,train
14,118.9,4.1,710,ok,False,,166.0,0,11,12,development,S011R12E14,0,1,train
0,4.1,4.1,711,high_amplitude,True,,401.0,1,87,4,development,S087R04E00,1,1,train
1,12.3,4.1,712,high_amplitude,True,,289.0,0,87,4,development,S087R04E01,1,1,train
2,20.5,4.1,713,high_amplitude,True,,318.0,0,87,4,development,S087R04E02,1,1,train
3,28.7,4.1,714,high_amplitude,True,,472.99999999999994,1,87,4,development,S087R04E03,1,1,train
4,36.9,4.1,715,high_amplitude,True,,380.0,0,87,4,development,S087R04E04,1,1,train
5,45.1,4.1,716,high_amplitude,True,,428.0,1,87,4,development,S087R04E05,1,1,train
6,53.3,4.1,717,high_amplitude,True,,505.99999999999994,0,87,4,development,S087R04E06,1,1,train
7,61.5,4.1,718,high_amplitude,True,,746.9999999999999,1,87,4,development,S087R04E07,0,1,train
8,69.7,4.1,719,high_amplitude,True,,392.0,0,87,4,development,S087R04E08,1,1,train
9,77.9,4.1,720,high_amplitude,True,,815.0,1,87,4,development,S087R04E09,1,1,train
10,86.1,4.1,721,high_amplitude,True,,486.0,0,87,4,development,S087R04E10,1,1,train
11,94.3,4.1,722,high_amplitude,True,,330.0,1,87,4,development,S087R04E11,1,1,train
12,102.5,4.1,723,high_amplitude,True,,1050.0,0,87,4,development,S087R04E12,1,1,train
13,110.7,4.1,724,high_amplitude,True,,379.0,1,87,4,development,S087R04E13,1,1,train
14,118.9,4.1,725,high_amplitude,True,,548.0,0,87,4,development,S087R04E14,1,1,train
0,4.1,4.1,726,high_amplitude,True,,278.0,1,87,8,development,S087R08E00,1,1,train
1,12.3,4.1,727,high_amplitude,True,,358.0,0,87,8,development,S087R08E01,1,1,train
2,20.5,4.1,728,high_amplitude,True,,392.0,0,87,8,development,S087R08E02,0,1,train
3,28.7,4.1,729,high_amplitude,True,,384.0,1,87,8,development,S087R08E03,1,1,train
4,36.9,4.1,730,high_amplitude,True,,484.99999999999994,0,87,8,development,S087R08E04,1,1,train
5,45.1,4.1,731,high_amplitude,True,,352.0,1,87,8,development,S087R08E05,1,1,train
6,53.3,4.1,732,high_amplitude,True,,362.0,1,87,8,development,S087R08E06,1,1,train
7,61.5,4.1,733,high_amplitude,True,,383.0,0,87,8,development,S087R08E07,0,1,train
8,69.7,4.1,734,high_amplitude,True,,406.0,0,87,8,development,S087R08E08,1,1,train
9,77.9,4.1,735,high_amplitude,True,,381.0,1,87,8,development,S087R08E09,1,1,train
10,86.1,4.1,736,high_amplitude,True,,341.0,1,87,8,development,S087R08E10,1,1,train
11,94.3,4.1,737,high_amplitude,True,,450.0,0,87,8,development,S087R08E11,0,1,train
12,102.5,4.1,738,high_amplitude,True,,503.0,0,87,8,development,S087R08E12,0,1,train
13,110.7,4.1,739,high_amplitude,True,,457.99999999999994,1,87,8,development,S087R08E13,1,1,train
14,118.9,4.1,740,high_amplitude,True,,436.0,1,87,8,development,S087R08E14,1,1,train
0,4.1,4.1,741,high_amplitude,True,,336.00000000000006,1,87,12,development,S087R12E00,0,1,train
1,12.3,4.1,742,high_amplitude,True,,320.0,0,87,12,development,S087R12E01,0,1,train
2,20.5,4.1,743,high_amplitude,True,,345.0,1,87,12,development,S087R12E02,1,1,train
3,28.7,4.1,744,high_amplitude,True,,619.0,0,87,12,development,S087R12E03,0,1,train
4,36.9,4.1,745,high_amplitude,True,,334.0,0,87,12,development,S087R12E04,1,1,train
5,45.1,4.1,746,high_amplitude,True,,327.0,1,87,12,development,S087R12E05,0,1,train
6,53.3,4.1,747,high_amplitude,True,,910.0,0,87,12,development,S087R12E06,0,1,train
7,61.5,4.1,748,high_amplitude,True,,318.0,1,87,12,development,S087R12E07,1,1,train
8,69.7,4.1,749,high_amplitude,True,,355.0,1,87,12,development,S087R12E08,1,1,train
9,77.9,4.1,750,high_amplitude,True,,387.0,0,87,12,development,S087R12E09,1,1,train
10,86.1,4.1,751,high_amplitude,True,,375.0,1,87,12,development,S087R12E10,1,1,train
11,94.3,4.1,752,high_amplitude,True,,352.0,0,87,12,development,S087R12E11,0,1,train
12,102.5,4.1,753,high_amplitude,True,,567.0,1,87,12,development,S087R12E12,1,1,train
13,110.7,4.1,754,high_amplitude,True,,445.0,0,87,12,development,S087R12E13,0,1,train
14,118.9,4.1,755,high_amplitude,True,,388.0,1,87,12,development,S087R12E14,0,1,train
0,4.1,4.1,756,high_amplitude,True,,1167.9999999999998,0,97,4,development,S097R04E00,1,1,train
1,12.3,4.1,757,high_amplitude,True,,989.0,1,97,4,development,S097R04E01,0,1,train
2,20.5,4.1,758,high_amplitude,True,,1001.0,1,97,4,development,S097R04E02,0,1,train
3,28.7,4.1,759,high_amplitude,True,,243.0,0,97,4,development,S097R04E03,0,1,train
4,36.9,4.1,760,high_amplitude,True,,241.99999999999997,0,97,4,development,S097R04E04,0,1,train
5,45.1,4.1,761,high_amplitude,True,,942.0,1,97,4,development,S097R04E05,0,1,train
6,53.3,4.1,762,high_amplitude,True,,966.0,0,97,4,development,S097R04E06,1,1,train
7,61.5,4.1,763,high_amplitude,True,,975.0,1,97,4,development,S097R04E07,0,1,train
8,69.7,4.1,764,high_amplitude,True,,1010.0,0,97,4,development,S097R04E08,0,1,train
9,77.9,4.1,765,high_amplitude,True,,423.0,1,97,4,development,S097R04E09,1,1,train
10,86.1,4.1,766,high_amplitude,True,,222.99999999999997,1,97,4,development,S097R04E10,1,1,train
11,94.3,4.1,767,high_amplitude,True,,1004.0,0,97,4,development,S097R04E11,0,1,train
12,102.5,4.1,768,high_amplitude,True,,255.00000000000003,1,97,4,development,S097R04E12,0,1,train
13,110.7,4.1,769,high_amplitude,True,,926.0,0,97,4,development,S097R04E13,1,1,train
14,118.9,4.1,770,high_amplitude,True,,243.0,0,97,4,development,S097R04E14,0,1,train
0,4.1,4.1,771,high_amplitude,True,,1037.0,0,97,8,development,S097R08E00,0,1,train
1,12.3,4.1,772,high_amplitude,True,,1054.0,1,97,8,development,S097R08E01,1,1,train
2,20.5,4.1,773,high_amplitude,True,,1069.0,1,97,8,development,S097R08E02,1,1,train
3,28.7,4.1,774,high_amplitude,True,,1078.0,0,97,8,development,S097R08E03,1,1,train
4,36.9,4.1,775,high_amplitude,True,,997.0,1,97,8,development,S097R08E04,1,1,train
5,45.1,4.1,776,high_amplitude,True,,1102.9999999999998,0,97,8,development,S097R08E05,0,1,train
6,53.3,4.1,777,high_amplitude,True,,966.0,1,97,8,development,S097R08E06,0,1,train
7,61.5,4.1,778,high_amplitude,True,,900.0,0,97,8,development,S097R08E07,1,1,train
8,69.7,4.1,779,high_amplitude,True,,924.0,1,97,8,development,S097R08E08,0,1,train
9,77.9,4.1,780,high_amplitude,True,,1055.9999999999998,0,97,8,development,S097R08E09,0,1,train
10,86.1,4.1,781,high_amplitude,True,,1019.0,0,97,8,development,S097R08E10,1,1,train
11,94.3,4.1,782,high_amplitude,True,,905.0,1,97,8,development,S097R08E11,1,1,train
12,102.5,4.1,783,high_amplitude,True,,835.9999999999999,0,97,8,development,S097R08E12,0,1,train
13,110.7,4.1,784,high_amplitude,True,,825.9999999999999,1,97,8,development,S097R08E13,1,1,train
14,118.9,4.1,785,high_amplitude,True,,944.0,1,97,8,development,S097R08E14,1,1,train
0,4.1,4.1,786,high_amplitude,True,,1071.0,1,97,12,development,S097R12E00,0,1,train
1,12.3,4.1,787,high_amplitude,True,,1082.0,0,97,12,development,S097R12E01,0,1,train
2,20.5,4.1,788,high_amplitude,True,,1125.0,1,97,12,development,S097R12E02,1,1,train
3,28.7,4.1,789,high_amplitude,True,,1078.9999999999998,0,97,12,development,S097R12E03,0,1,train
4,36.9,4.1,790,high_amplitude,True,,1082.0,1,97,12,development,S097R12E04,1,1,train
5,45.1,4.1,791,high_amplitude,True,,1120.0,0,97,12,development,S097R12E05,0,1,train
6,53.3,4.1,792,high_amplitude,True,,1063.9999999999998,0,97,12,development,S097R12E06,0,1,train
7,61.5,4.1,793,high_amplitude,True,,1019.0,1,97,12,development,S097R12E07,1,1,train
8,69.7,4.1,794,high_amplitude,True,,1050.9999999999998,1,97,12,development,S097R12E08,1,1,train
9,77.9,4.1,795,high_amplitude,True,,1034.0,0,97,12,development,S097R12E09,0,1,train
10,86.1,4.1,796,high_amplitude,True,,1073.0,1,97,12,development,S097R12E10,1,1,train
11,94.3,4.1,797,high_amplitude,True,,1052.0,0,97,12,development,S097R12E11,0,1,train
12,102.5,4.1,798,high_amplitude,True,,1109.0,0,97,12,development,S097R12E12,0,1,train
13,110.7,4.1,799,high_amplitude,True,,1069.0,1,97,12,development,S097R12E13,1,1,train
14,118.9,4.1,800,high_amplitude,True,,1043.0,0,97,12,development,S097R12E14,1,1,train
0,4.1,4.1,801,high_amplitude,True,,719.9999999999999,1,48,4,development,S048R04E00,1,1,train
1,12.3,4.1,802,high_amplitude,True,,500.0,0,48,4,development,S048R04E01,0,1,train
2,20.5,4.1,803,high_amplitude,True,,877.0,0,48,4,development,S048R04E02,0,1,train
3,28.7,4.1,804,high_amplitude,True,,526.0,1,48,4,development,S048R04E03,0,1,train
4,36.9,4.1,805,high_amplitude,True,,709.9999999999999,1,48,4,development,S048R04E04,0,1,train
5,45.1,4.1,806,high_amplitude,True,,1093.0,0,48,4,development,S048R04E05,0,1,train
6,53.3,4.1,807,high_amplitude,True,,627.0,0,48,4,development,S048R04E06,0,1,train
7,61.5,4.1,808,high_amplitude,True,,598.9999999999999,1,48,4,development,S048R04E07,1,1,train
8,69.7,4.1,809,high_amplitude,True,,587.0,0,48,4,development,S048R04E08,0,1,train
9,77.9,4.1,810,high_amplitude,True,,1171.0,1,48,4,development,S048R04E09,1,1,train
10,86.1,4.1,811,high_amplitude,True,,691.0,1,48,4,development,S048R04E10,1,1,train
11,94.3,4.1,812,high_amplitude,True,,860.9999999999999,0,48,4,development,S048R04E11,0,1,train
12,102.5,4.1,813,high_amplitude,True,,582.0,0,48,4,development,S048R04E12,0,1,train
13,110.7,4.1,814,high_amplitude,True,,794.0,1,48,4,development,S048R04E13,1,1,train
14,118.9,4.1,815,high_amplitude,True,,578.0,0,48,4,development,S048R04E14,0,1,train
0,4.1,4.1,816,high_amplitude,True,,725.0,1,48,8,development,S048R08E00,1,1,train
1,12.3,4.1,817,high_amplitude,True,,932.0,0,48,8,development,S048R08E01,0,1,train
2,20.5,4.1,818,high_amplitude,True,,886.0,0,48,8,development,S048R08E02,0,1,train
3,28.7,4.1,819,high_amplitude,True,,882.0,1,48,8,development,S048R08E03,1,1,train
4,36.9,4.1,820,high_amplitude,True,,869.0,0,48,8,development,S048R08E04,0,1,train
5,45.1,4.1,821,high_amplitude,True,,781.0,1,48,8,development,S048R08E05,0,1,train
6,53.3,4.1,822,high_amplitude,True,,789.9999999999999,1,48,8,development,S048R08E06,1,1,train
7,61.5,4.1,823,high_amplitude,True,,763.9999999999999,0,48,8,development,S048R08E07,0,1,train
8,69.7,4.1,824,high_amplitude,True,,863.0,0,48,8,development,S048R08E08,0,1,train
9,77.9,4.1,825,high_amplitude,True,,789.0,1,48,8,development,S048R08E09,1,1,train
10,86.1,4.1,826,high_amplitude,True,,802.9999999999999,1,48,8,development,S048R08E10,0,1,train
11,94.3,4.1,827,high_amplitude,True,,825.0,0,48,8,development,S048R08E11,0,1,train
12,102.5,4.1,828,high_amplitude,True,,841.0,0,48,8,development,S048R08E12,0,1,train
13,110.7,4.1,829,high_amplitude,True,,1125.9999999999998,1,48,8,development,S048R08E13,1,1,train
14,118.9,4.1,830,high_amplitude,True,,778.0,1,48,8,development,S048R08E14,1,1,train
0,4.1,4.1,831,high_amplitude,True,,543.0,1,48,12,development,S048R12E00,1,1,train
1,12.3,4.1,832,high_amplitude,True,,851.9999999999999,0,48,12,development,S048R12E01,0,1,train
2,20.5,4.1,833,high_amplitude,True,,1013.0,1,48,12,development,S048R12E02,1,1,train
3,28.7,4.1,834,high_amplitude,True,,965.0,0,48,12,development,S048R12E03,0,1,train
4,36.9,4.1,835,high_amplitude,True,,904.0,1,48,12,development,S048R12E04,0,1,train
5,45.1,4.1,836,high_amplitude,True,,1152.0,0,48,12,development,S048R12E05,0,1,train
6,53.3,4.1,837,high_amplitude,True,,900.0,0,48,12,development,S048R12E06,1,1,train
7,61.5,4.1,838,high_amplitude,True,,940.0,1,48,12,development,S048R12E07,0,1,train
8,69.7,4.1,839,high_amplitude,True,,848.9999999999999,1,48,12,development,S048R12E08,1,1,train
9,77.9,4.1,840,high_amplitude,True,,981.0,0,48,12,development,S048R12E09,0,1,train
10,86.1,4.1,841,high_amplitude,True,,1090.0,1,48,12,development,S048R12E10,1,1,train
11,94.3,4.1,842,high_amplitude,True,,1059.0,0,48,12,development,S048R12E11,0,1,train
12,102.5,4.1,843,high_amplitude,True,,1138.9999999999998,0,48,12,development,S048R12E12,1,1,train
13,110.7,4.1,844,high_amplitude,True,,1032.0,1,48,12,development,S048R12E13,1,1,train
14,118.9,4.1,845,high_amplitude,True,,1242.0,1,48,12,development,S048R12E14,1,1,train
0,4.2,4.1,846,ok,False,,141.99999999999997,0,73,4,development,S073R04E00,1,1,train
1,12.4,4.1,847,high_amplitude,True,,203.0,1,73,4,development,S073R04E01,0,1,train
2,20.6,4.1,848,ok,False,,163.99999999999997,0,73,4,development,S073R04E02,1,1,train
3,28.8,4.1,849,high_amplitude,True,,234.0,1,73,4,development,S073R04E03,0,1,train
4,37.0,4.1,850,high_amplitude,True,,236.0,0,73,4,development,S073R04E04,0,1,train
5,45.2,4.1,851,high_amplitude,True,,238.99999999999997,1,73,4,development,S073R04E05,1,1,train
6,53.4,4.1,852,high_amplitude,True,,230.0,1,73,4,development,S073R04E06,1,1,train
7,61.6,4.1,853,ok,False,,119.0,0,73,4,development,S073R04E07,0,1,train
8,69.8,4.1,854,ok,False,,99.0,0,73,4,development,S073R04E08,0,1,train
9,78.0,4.1,855,high_amplitude,True,,217.00000000000003,1,73,4,development,S073R04E09,1,1,train
10,86.2,4.1,856,high_amplitude,True,,241.0,1,73,4,development,S073R04E10,1,1,train
11,94.4,4.1,857,ok,False,,169.99999999999997,0,73,4,development,S073R04E11,0,1,train
12,102.6,4.1,858,high_amplitude,True,,257.0,0,73,4,development,S073R04E12,0,1,train
13,110.8,4.1,859,high_amplitude,True,,248.0,1,73,4,development,S073R04E13,1,1,train
14,119.0,4.0,860,high_amplitude,True,,247.0,0,73,4,development,S073R04E14,1,1,train
0,4.2,4.1,861,high_amplitude,True,,223.0,1,73,8,development,S073R08E00,0,1,train
1,12.4,4.1,862,high_amplitude,True,,210.0,0,73,8,development,S073R08E01,0,1,train
2,20.6,4.1,863,high_amplitude,True,,260.0,1,73,8,development,S073R08E02,0,1,train
3,28.8,4.1,864,ok,False,,177.0,0,73,8,development,S073R08E03,0,1,train
4,37.0,4.1,865,high_amplitude,True,,220.99999999999997,0,73,8,development,S073R08E04,0,1,train
5,45.2,4.1,866,high_amplitude,True,,201.99999999999997,1,73,8,development,S073R08E05,1,1,train
6,53.4,4.1,867,high_amplitude,True,,219.0,1,73,8,development,S073R08E06,1,1,train
7,61.6,4.1,868,high_amplitude,True,,234.0,0,73,8,development,S073R08E07,0,1,train
8,69.8,4.1,869,high_amplitude,True,,247.99999999999991,1,73,8,development,S073R08E08,1,1,train
9,78.0,4.1,870,ok,False,,147.0,0,73,8,development,S073R08E09,1,1,train
10,86.2,4.1,871,high_amplitude,True,,239.99999999999997,0,73,8,development,S073R08E10,1,1,train
11,94.4,4.1,872,high_amplitude,True,,221.99999999999997,1,73,8,development,S073R08E11,0,1,train
12,102.6,4.1,873,high_amplitude,True,,213.0,1,73,8,development,S073R08E12,0,1,train
13,110.8,4.1,874,high_amplitude,True,,222.0,0,73,8,development,S073R08E13,0,1,train
14,119.0,4.0,875,ok,False,,185.0,0,73,8,development,S073R08E14,0,1,train
0,4.2,4.1,876,high_amplitude,True,,222.0,0,73,12,development,S073R12E00,0,1,train
1,12.4,4.1,877,high_amplitude,True,,223.99999999999997,1,73,12,development,S073R12E01,1,1,train
2,20.6,4.1,878,high_amplitude,True,,214.99999999999997,0,73,12,development,S073R12E02,1,1,train
3,28.8,4.1,879,high_amplitude,True,,259.0,1,73,12,development,S073R12E03,1,1,train
4,37.0,4.1,880,high_amplitude,True,,221.99999999999997,0,73,12,development,S073R12E04,1,1,train
5,45.2,4.1,881,high_amplitude,True,,232.99999999999997,1,73,12,development,S073R12E05,1,1,train
6,53.4,4.1,882,high_amplitude,True,,228.0,1,73,12,development,S073R12E06,0,1,train
7,61.6,4.1,883,ok,False,,152.0,0,73,12,development,S073R12E07,0,1,train
8,69.8,4.1,884,high_amplitude,True,,224.0,1,73,12,development,S073R12E08,0,1,train
9,78.0,4.1,885,high_amplitude,True,,219.0,0,73,12,development,S073R12E09,0,1,train
10,86.2,4.1,886,high_amplitude,True,,226.0,1,73,12,development,S073R12E10,1,1,train
11,94.4,4.1,887,high_amplitude,True,,212.0,0,73,12,development,S073R12E11,0,1,train
12,102.6,4.1,888,high_amplitude,True,,228.99999999999997,0,73,12,development,S073R12E12,0,1,train
13,110.8,4.1,889,ok,False,,199.99999999999997,1,73,12,development,S073R12E13,0,1,train
14,119.0,4.0,890,ok,False,,170.0,1,73,12,development,S073R12E14,1,1,train
0,4.1,4.1,936,high_amplitude,True,,254.0,1,26,4,development,S026R04E00,1,1,train
1,12.3,4.1,937,high_amplitude,True,,246.00000000000003,0,26,4,development,S026R04E01,0,1,train
2,20.5,4.1,938,high_amplitude,True,,250.99999999999997,1,26,4,development,S026R04E02,1,1,train
3,28.7,4.1,939,ok,False,,154.0,0,26,4,development,S026R04E03,1,1,train
4,36.9,4.1,940,ok,False,,196.0,1,26,4,development,S026R04E04,1,1,train
5,45.1,4.1,941,ok,False,,134.99999999999997,0,26,4,development,S026R04E05,1,1,train
6,53.3,4.1,942,high_amplitude,True,,231.0,0,26,4,development,S026R04E06,1,1,train
7,61.5,4.1,943,high_amplitude,True,,301.0,1,26,4,development,S026R04E07,1,1,train
8,69.7,4.1,944,high_amplitude,True,,239.0,0,26,4,development,S026R04E08,1,1,train
9,77.9,4.1,945,high_amplitude,True,,255.00000000000003,1,26,4,development,S026R04E09,1,1,train
10,86.1,4.1,946,high_amplitude,True,,248.99999999999997,0,26,4,development,S026R04E10,0,1,train
11,94.3,4.1,947,ok,False,,194.0,1,26,4,development,S026R04E11,1,1,train
12,102.5,4.1,948,high_amplitude,True,,246.00000000000003,1,26,4,development,S026R04E12,1,1,train
13,110.7,4.1,949,ok,False,,126.0,0,26,4,development,S026R04E13,0,1,train
14,118.9,4.1,950,high_amplitude,True,,234.99999999999997,0,26,4,development,S026R04E14,0,1,train
0,4.1,4.1,951,high_amplitude,True,,243.0,0,26,8,development,S026R08E00,0,1,train
1,12.3,4.1,952,ok,False,,91.0,1,26,8,development,S026R08E01,0,1,train
2,20.5,4.1,953,high_amplitude,True,,237.00000000000003,0,26,8,development,S026R08E02,0,1,train
3,28.7,4.1,954,high_amplitude,True,,250.0,1,26,8,development,S026R08E03,0,1,train
4,36.9,4.1,955,ok,False,,114.0,1,26,8,development,S026R08E04,0,1,train
5,45.1,4.1,956,ok,False,,105.0,0,26,8,development,S026R08E05,0,1,train
6,53.3,4.1,957,high_amplitude,True,,239.99999999999997,1,26,8,development,S026R08E06,0,1,train
7,61.5,4.1,958,high_amplitude,True,,245.0,0,26,8,development,S026R08E07,0,1,train
8,69.7,4.1,959,ok,False,,102.0,1,26,8,development,S026R08E08,1,1,train
9,77.9,4.1,960,ok,False,,124.0,0,26,8,development,S026R08E09,0,1,train
10,86.1,4.1,961,ok,False,,118.0,1,26,8,development,S026R08E10,1,1,train
11,94.3,4.1,962,ok,False,,128.0,0,26,8,development,S026R08E11,0,1,train
12,102.5,4.1,963,high_amplitude,True,,251.00000000000003,1,26,8,development,S026R08E12,0,1,train
13,110.7,4.1,964,high_amplitude,True,,225.0,0,26,8,development,S026R08E13,0,1,train
14,118.9,4.1,965,high_amplitude,True,,236.0,0,26,8,development,S026R08E14,0,1,train
0,4.1,4.1,966,ok,False,,113.0,0,26,12,development,S026R12E00,0,1,train
1,12.3,4.1,967,high_amplitude,True,,260.0,1,26,12,development,S026R12E01,1,1,train
2,20.5,4.1,968,high_amplitude,True,,239.99999999999997,1,26,12,development,S026R12E02,1,1,train
3,28.7,4.1,969,ok,False,,195.0,0,26,12,development,S026R12E03,0,1,train
4,36.9,4.1,970,ok,False,,85.0,1,26,12,development,S026R12E04,0,1,train
5,45.1,4.1,971,ok,False,,98.0,0,26,12,development,S026R12E05,0,1,train
6,53.3,4.1,972,high_amplitude,True,,245.0,0,26,12,development,S026R12E06,0,1,train
7,61.5,4.1,973,high_amplitude,True,,212.0,1,26,12,development,S026R12E07,1,1,train
8,69.7,4.1,974,high_amplitude,True,,236.0,0,26,12,development,S026R12E08,0,1,train
9,77.9,4.1,975,high_amplitude,True,,217.00000000000003,1,26,12,development,S026R12E09,0,1,train
10,86.1,4.1,976,high_amplitude,True,,237.00000000000003,0,26,12,development,S026R12E10,0,1,train
11,94.3,4.1,977,high_amplitude,True,,223.0,1,26,12,development,S026R12E11,0,1,train
12,102.5,4.1,978,high_amplitude,True,,241.0,0,26,12,development,S026R12E12,0,1,train
13,110.7,4.1,979,high_amplitude,True,,222.0,1,26,12,development,S026R12E13,0,1,train
14,118.9,4.1,980,high_amplitude,True,,255.00000000000003,0,26,12,development,S026R12E14,0,1,train
0,4.1,4.15,1026,ok,False,,64.0,0,89,4,development,S089R04E00,0,1,train
1,12.3,4.15,1027,high_amplitude,True,,207.0,1,89,4,development,S089R04E01,1,1,train
2,20.5,4.15,1028,ok,False,,77.0,0,89,4,development,S089R04E02,0,1,train
3,28.7,4.15,1029,ok,False,,66.0,1,89,4,development,S089R04E03,1,1,train
4,36.9,4.15,1030,ok,False,,75.0,0,89,4,development,S089R04E04,0,1,train
5,45.1,4.15,1031,ok,False,,64.0,1,89,4,development,S089R04E05,0,1,train
6,53.3,4.15,1032,ok,False,,70.99999999999999,0,89,4,development,S089R04E06,0,1,train
7,61.5,4.15,1033,ok,False,,72.99999999999999,1,89,4,development,S089R04E07,0,1,train
8,69.7,4.15,1034,ok,False,,82.99999999999999,1,89,4,development,S089R04E08,0,1,train
9,77.9,4.15,1035,ok,False,,82.0,0,89,4,development,S089R04E09,0,1,train
10,86.1,4.15,1036,ok,False,,76.0,1,89,4,development,S089R04E10,0,1,train
11,94.3,4.15,1037,ok,False,,73.0,0,89,4,development,S089R04E11,1,1,train
12,102.5,4.15,1038,high_amplitude,True,,232.0,0,89,4,development,S089R04E12,0,1,train
13,110.7,4.15,1039,ok,False,,125.0,1,89,4,development,S089R04E13,0,1,train
14,118.9,4.1,1040,high_amplitude,True,,205.0,0,89,4,development,S089R04E14,0,1,train
0,4.1,4.15,1041,ok,False,,69.0,0,89,8,development,S089R08E00,1,1,train
1,12.3,4.15,1042,ok,False,,46.0,1,89,8,development,S089R08E01,1,1,train
2,20.5,4.15,1043,high_amplitude,True,,201.99999999999997,1,89,8,development,S089R08E02,1,1,train
3,28.7,4.15,1044,high_amplitude,True,,214.0,0,89,8,development,S089R08E03,0,1,train
4,36.9,4.15,1045,ok,False,,192.99999999999997,1,89,8,development,S089R08E04,0,1,train
5,45.1,4.15,1046,ok,False,,195.0,0,89,8,development,S089R08E05,1,1,train
6,53.3,4.15,1047,ok,False,,172.99999999999997,1,89,8,development,S089R08E06,1,1,train
7,61.5,4.15,1048,high_amplitude,True,,201.99999999999997,0,89,8,development,S089R08E07,0,1,train
8,69.7,4.15,1049,high_amplitude,True,,201.99999999999997,0,89,8,development,S089R08E08,0,1,train
9,77.9,4.15,1050,ok,False,,179.99999999999997,1,89,8,development,S089R08E09,1,1,train
10,86.1,4.15,1051,high_amplitude,True,,207.0,0,89,8,development,S089R08E10,0,1,train
11,94.3,4.15,1052,ok,False,,191.0,1,89,8,development,S089R08E11,1,1,train
12,102.5,4.15,1053,ok,False,,174.99999999999997,1,89,8,development,S089R08E12,1,1,train
13,110.7,4.15,1054,high_amplitude,True,,210.99999999999997,0,89,8,development,S089R08E13,1,1,train
14,118.9,4.1,1055,high_amplitude,True,,207.0,0,89,8,development,S089R08E14,1,1,train
0,4.1,4.15,1056,high_amplitude,True,,227.0,0,89,12,development,S089R12E00,1,1,train
1,12.3,4.15,1057,ok,False,,189.0,1,89,12,development,S089R12E01,0,1,train
2,20.5,4.15,1058,high_amplitude,True,,207.0,0,89,12,development,S089R12E02,1,1,train
3,28.7,4.15,1059,high_amplitude,True,,222.99999999999997,1,89,12,development,S089R12E03,1,1,train
4,36.9,4.15,1060,high_amplitude,True,,207.0,0,89,12,development,S089R12E04,0,1,train
5,45.1,4.15,1061,high_amplitude,True,,212.0,1,89,12,development,S089R12E05,1,1,train
6,53.3,4.15,1062,ok,False,,163.0,1,89,12,development,S089R12E06,1,1,train
7,61.5,4.15,1063,high_amplitude,True,,215.0,0,89,12,development,S089R12E07,0,1,train
8,69.7,4.15,1064,ok,False,,161.0,0,89,12,development,S089R12E08,1,1,train
9,77.9,4.15,1065,high_amplitude,True,,221.99999999999997,1,89,12,development,S089R12E09,1,1,train
10,86.1,4.15,1066,high_amplitude,True,,208.0,0,89,12,development,S089R12E10,1,1,train
11,94.3,4.15,1067,high_amplitude,True,,217.0,1,89,12,development,S089R12E11,1,1,train
12,102.5,4.15,1068,high_amplitude,True,,208.99999999999997,0,89,12,development,S089R12E12,0,1,train
13,110.7,4.15,1069,high_amplitude,True,,202.0,1,89,12,development,S089R12E13,1,1,train
14,118.9,4.1,1070,ok,False,,172.0,0,89,12,development,S089R12E14,0,1,train
0,4.1,4.1,1071,high_amplitude,True,,399.00000000000006,1,68,4,development,S068R04E00,0,1,train
1,12.3,4.1,1072,high_amplitude,True,,491.0,0,68,4,development,S068R04E01,0,1,train
2,20.5,4.1,1073,high_amplitude,True,,785.0,0,68,4,development,S068R04E02,0,1,train
3,28.7,4.1,1074,high_amplitude,True,,454.0,1,68,4,development,S068R04E03,0,1,train
4,36.9,4.1,1075,high_amplitude,True,,692.9999999999999,1,68,4,development,S068R04E04,0,1,train
5,45.1,4.1,1076,high_amplitude,True,,437.0,0,68,4,development,S068R04E05,0,1,train
6,53.3,4.1,1077,high_amplitude,True,,637.0,1,68,4,development,S068R04E06,1,1,train
7,61.5,4.1,1078,high_amplitude,True,,1017.0,0,68,4,development,S068R04E07,0,1,train
8,69.7,4.1,1079,high_amplitude,True,,609.0,1,68,4,development,S068R04E08,1,1,train
9,77.9,4.1,1080,high_amplitude,True,,454.0,0,68,4,development,S068R04E09,1,1,train
10,86.1,4.1,1081,high_amplitude,True,,598.0,0,68,4,development,S068R04E10,0,1,train
11,94.3,4.1,1082,high_amplitude,True,,379.0,1,68,4,development,S068R04E11,1,1,train
12,102.5,4.1,1083,high_amplitude,True,,448.0,1,68,4,development,S068R04E12,1,1,train
13,110.7,4.1,1084,high_amplitude,True,,611.0,0,68,4,development,S068R04E13,0,1,train
14,118.9,4.1,1085,high_amplitude,True,,1092.9999999999998,0,68,4,development,S068R04E14,0,1,train
0,4.1,4.1,1086,high_amplitude,True,,508.0,1,68,8,development,S068R08E00,1,1,train
1,12.3,4.1,1087,high_amplitude,True,,381.0,0,68,8,development,S068R08E01,0,1,train
2,20.5,4.1,1088,high_amplitude,True,,1225.0,1,68,8,development,S068R08E02,1,1,train
3,28.7,4.1,1089,high_amplitude,True,,488.0,0,68,8,development,S068R08E03,0,1,train
4,36.9,4.1,1090,high_amplitude,True,,436.0,0,68,8,development,S068R08E04,0,1,train
5,45.1,4.1,1091,high_amplitude,True,,819.0,1,68,8,development,S068R08E05,1,1,train
6,53.3,4.1,1092,high_amplitude,True,,727.0,1,68,8,development,S068R08E06,1,1,train
7,61.5,4.1,1093,high_amplitude,True,,469.0,0,68,8,development,S068R08E07,0,1,train
8,69.7,4.1,1094,high_amplitude,True,,544.9999999999999,0,68,8,development,S068R08E08,0,1,train
9,77.9,4.1,1095,high_amplitude,True,,496.99999999999994,1,68,8,development,S068R08E09,1,1,train
10,86.1,4.1,1096,high_amplitude,True,,521.0,0,68,8,development,S068R08E10,1,1,train
11,94.3,4.1,1097,high_amplitude,True,,457.99999999999994,1,68,8,development,S068R08E11,1,1,train
12,102.5,4.1,1098,high_amplitude,True,,680.0,1,68,8,development,S068R08E12,0,1,train
13,110.7,4.1,1099,high_amplitude,True,,609.0,0,68,8,development,S068R08E13,0,1,train
14,118.9,4.1,1100,high_amplitude,True,,583.0,1,68,8,development,S068R08E14,1,1,train
0,4.1,4.1,1101,high_amplitude,True,,707.0,0,68,12,development,S068R12E00,0,1,train
1,12.3,4.1,1102,high_amplitude,True,,1222.0,1,68,12,development,S068R12E01,0,1,train
2,20.5,4.1,1103,high_amplitude,True,,1115.9999999999998,0,68,12,development,S068R12E02,1,1,train
3,28.7,4.1,1104,high_amplitude,True,,811.0,1,68,12,development,S068R12E03,0,1,train
4,36.9,4.1,1105,high_amplitude,True,,407.0,1,68,12,development,S068R12E04,0,1,train
5,45.1,4.1,1106,high_amplitude,True,,799.0,0,68,12,development,S068R12E05,0,1,train
6,53.3,4.1,1107,high_amplitude,True,,758.0,0,68,12,development,S068R12E06,0,1,train
7,61.5,4.1,1108,high_amplitude,True,,540.9999999999999,1,68,12,development,S068R12E07,1,1,train
8,69.7,4.1,1109,high_amplitude,True,,421.0,1,68,12,development,S068R12E08,0,1,train
9,77.9,4.1,1110,high_amplitude,True,,799.9999999999999,0,68,12,development,S068R12E09,0,1,train
10,86.1,4.1,1111,high_amplitude,True,,753.0,0,68,12,development,S068R12E10,1,1,train
11,94.3,4.1,1112,high_amplitude,True,,625.9999999999999,1,68,12,development,S068R12E11,1,1,train
12,102.5,4.1,1113,high_amplitude,True,,735.0,0,68,12,development,S068R12E12,0,1,train
13,110.7,4.1,1114,high_amplitude,True,,766.9999999999999,1,68,12,development,S068R12E13,0,1,train
14,118.9,4.1,1115,high_amplitude,True,,479.99999999999994,1,68,12,development,S068R12E14,1,1,train
0,4.1,4.1,1116,high_amplitude,True,,303.0,0,14,4,development,S014R04E00,1,1,train
1,12.3,4.1,1117,high_amplitude,True,,619.0,1,14,4,development,S014R04E01,0,1,train
2,20.5,4.1,1118,high_amplitude,True,,208.99999999999997,1,14,4,development,S014R04E02,1,1,train
3,28.7,4.1,1119,high_amplitude,True,,294.99999999999994,0,14,4,development,S014R04E03,0,1,train
4,36.9,4.1,1120,high_amplitude,True,,330.0,0,14,4,development,S014R04E04,1,1,train
5,45.1,4.1,1121,high_amplitude,True,,264.0,1,14,4,development,S014R04E05,1,1,train
6,53.3,4.1,1122,high_amplitude,True,,235.0,1,14,4,development,S014R04E06,1,1,train
7,61.5,4.1,1123,high_amplitude,True,,243.0,0,14,4,development,S014R04E07,0,1,train
8,69.7,4.1,1124,high_amplitude,True,,258.0,0,14,4,development,S014R04E08,1,1,train
9,77.9,4.1,1125,high_amplitude,True,,223.0,1,14,4,development,S014R04E09,1,1,train
10,86.1,4.1,1126,high_amplitude,True,,216.0,0,14,4,development,S014R04E10,0,1,train
11,94.3,4.1,1127,high_amplitude,True,,237.00000000000003,1,14,4,development,S014R04E11,1,1,train
12,102.5,4.1,1128,high_amplitude,True,,237.99999999999997,0,14,4,development,S014R04E12,0,1,train
13,110.7,4.1,1129,high_amplitude,True,,370.0,1,14,4,development,S014R04E13,1,1,train
14,118.9,4.1,1130,ok,False,,196.0,1,14,4,development,S014R04E14,1,1,train
0,4.1,4.1,1131,high_amplitude,True,,255.00000000000003,0,14,8,development,S014R08E00,1,1,train
1,12.3,4.1,1132,high_amplitude,True,,296.99999999999994,1,14,8,development,S014R08E01,1,1,train
2,20.5,4.1,1133,high_amplitude,True,,397.0,0,14,8,development,S014R08E02,0,1,train
3,28.7,4.1,1134,high_amplitude,True,,274.0,1,14,8,development,S014R08E03,1,1,train
4,36.9,4.1,1135,high_amplitude,True,,291.0,0,14,8,development,S014R08E04,1,1,train
5,45.1,4.1,1136,ok,False,,199.0,1,14,8,development,S014R08E05,1,1,train
6,53.3,4.1,1137,high_amplitude,True,,606.0,1,14,8,development,S014R08E06,1,1,train
7,61.5,4.1,1138,high_amplitude,True,,265.0,0,14,8,development,S014R08E07,0,1,train
8,69.7,4.1,1139,high_amplitude,True,,234.0,0,14,8,development,S014R08E08,0,1,train
9,77.9,4.1,1140,high_amplitude,True,,534.0,1,14,8,development,S014R08E09,1,1,train
10,86.1,4.1,1141,high_amplitude,True,,208.00000000000003,0,14,8,development,S014R08E10,0,1,train
11,94.3,4.1,1142,high_amplitude,True,,614.0,1,14,8,development,S014R08E11,0,1,train
12,102.5,4.1,1143,high_amplitude,True,,237.99999999999997,0,14,8,development,S014R08E12,1,1,train
13,110.7,4.1,1144,high_amplitude,True,,365.0,1,14,8,development,S014R08E13,1,1,train
14,118.9,4.1,1145,high_amplitude,True,,387.0,1,14,8,development,S014R08E14,1,1,train
0,4.1,4.1,1146,high_amplitude,True,,287.99999999999994,1,14,12,development,S014R12E00,0,1,train
1,12.3,4.1,1147,high_amplitude,True,,252.99999999999997,0,14,12,development,S014R12E01,0,1,train
2,20.5,4.1,1148,high_amplitude,True,,247.99999999999991,0,14,12,development,S014R12E02,1,1,train
3,28.7,4.1,1149,high_amplitude,True,,299.0,1,14,12,development,S014R12E03,0,1,train
4,36.9,4.1,1150,high_amplitude,True,,256.0,0,14,12,development,S014R12E04,0,1,train
5,45.1,4.1,1151,high_amplitude,True,,611.0,1,14,12,development,S014R12E05,1,1,train
6,53.3,4.1,1152,high_amplitude,True,,605.0,0,14,12,development,S014R12E06,1,1,train
7,61.5,4.1,1153,high_amplitude,True,,274.0,1,14,12,development,S014R12E07,0,1,train
8,69.7,4.1,1154,high_amplitude,True,,381.99999999999994,0,14,12,development,S014R12E08,0,1,train
9,77.9,4.1,1155,high_amplitude,True,,487.0,1,14,12,development,S014R12E09,0,1,train
10,86.1,4.1,1156,high_amplitude,True,,298.0,0,14,12,development,S014R12E10,0,1,train
11,94.3,4.1,1157,high_amplitude,True,,251.00000000000003,1,14,12,development,S014R12E11,0,1,train
12,102.5,4.1,1158,high_amplitude,True,,367.00000000000006,0,14,12,development,S014R12E12,1,1,train
13,110.7,4.1,1159,high_amplitude,True,,307.0,1,14,12,development,S014R12E13,1,1,train
14,118.9,4.1,1160,high_amplitude,True,,396.0,0,14,12,development,S014R12E14,0,1,train
0,4.1,4.1,1161,high_amplitude,True,,665.9999999999999,1,39,4,development,S039R04E00,0,1,train
1,12.3,4.1,1162,high_amplitude,True,,465.0,0,39,4,development,S039R04E01,0,1,train
2,20.5,4.1,1163,high_amplitude,True,,414.0,1,39,4,development,S039R04E02,0,1,train
3,28.7,4.1,1164,high_amplitude,True,,735.0,0,39,4,development,S039R04E03,0,1,train
4,36.9,4.1,1165,high_amplitude,True,,740.0,0,39,4,development,S039R04E04,0,1,train
5,45.1,4.1,1166,high_amplitude,True,,1072.0,1,39,4,development,S039R04E05,1,1,train
6,53.3,4.1,1167,high_amplitude,True,,625.0,0,39,4,development,S039R04E06,0,1,train
7,61.5,4.1,1168,high_amplitude,True,,525.0,1,39,4,development,S039R04E07,1,1,train
8,69.7,4.1,1169,high_amplitude,True,,539.0,1,39,4,development,S039R04E08,0,1,train
9,77.9,4.1,1170,high_amplitude,True,,838.9999999999999,0,39,4,development,S039R04E09,1,1,train
10,86.1,4.1,1171,high_amplitude,True,,665.0,0,39,4,development,S039R04E10,1,1,train
11,94.3,4.1,1172,high_amplitude,True,,531.9999999999999,1,39,4,development,S039R04E11,1,1,train
12,102.5,4.1,1173,high_amplitude,True,,598.0,1,39,4,development,S039R04E12,0,1,train
13,110.7,4.1,1174,high_amplitude,True,,601.0,0,39,4,development,S039R04E13,1,1,train
14,118.9,4.1,1175,high_amplitude,True,,925.0,0,39,4,development,S039R04E14,0,1,train
0,4.1,4.1,1176,high_amplitude,True,,802.9999999999999,1,39,8,development,S039R08E00,1,1,train
1,12.3,4.1,1177,high_amplitude,True,,1056.0,0,39,8,development,S039R08E01,0,1,train
2,20.5,4.1,1178,high_amplitude,True,,978.0,1,39,8,development,S039R08E02,1,1,train
3,28.7,4.1,1179,high_amplitude,True,,1063.9999999999998,0,39,8,development,S039R08E03,0,1,train
4,36.9,4.1,1180,high_amplitude,True,,1229.0,1,39,8,development,S039R08E04,1,1,train
5,45.1,4.1,1181,high_amplitude,True,,777.9999999999999,0,39,8,development,S039R08E05,0,1,train
6,53.3,4.1,1182,high_amplitude,True,,1020.0,1,39,8,development,S039R08E06,0,1,train
7,61.5,4.1,1183,high_amplitude,True,,937.0,0,39,8,development,S039R08E07,0,1,train
8,69.7,4.1,1184,high_amplitude,True,,962.0,1,39,8,development,S039R08E08,0,1,train
9,77.9,4.1,1185,high_amplitude,True,,1060.0,0,39,8,development,S039R08E09,0,1,train
10,86.1,4.1,1186,high_amplitude,True,,708.0,1,39,8,development,S039R08E10,1,1,train
11,94.3,4.1,1187,high_amplitude,True,,900.0,0,39,8,development,S039R08E11,0,1,train
12,102.5,4.1,1188,high_amplitude,True,,1264.0,0,39,8,development,S039R08E12,0,1,train
13,110.7,4.1,1189,high_amplitude,True,,743.0,1,39,8,development,S039R08E13,1,1,train
14,118.9,4.1,1190,high_amplitude,True,,1222.0,0,39,8,development,S039R08E14,1,1,train
0,4.1,4.1,1191,high_amplitude,True,,841.9999999999999,0,39,12,development,S039R12E00,0,1,train
1,12.3,4.1,1192,high_amplitude,True,,1158.9999999999998,1,39,12,development,S039R12E01,0,1,train
2,20.5,4.1,1193,high_amplitude,True,,1186.0,1,39,12,development,S039R12E02,1,1,train
3,28.7,4.1,1194,high_amplitude,True,,1266.0,0,39,12,development,S039R12E03,1,1,train
4,36.9,4.1,1195,high_amplitude,True,,1060.0,1,39,12,development,S039R12E04,0,1,train
5,45.1,4.1,1196,high_amplitude,True,,1034.0,0,39,12,development,S039R12E05,0,1,train
6,53.3,4.1,1197,high_amplitude,True,,717.9999999999999,0,39,12,development,S039R12E06,0,1,train
7,61.5,4.1,1198,high_amplitude,True,,1231.0,1,39,12,development,S039R12E07,1,1,train
8,69.7,4.1,1199,high_amplitude,True,,1167.0,0,39,12,development,S039R12E08,0,1,train
9,77.9,4.1,1200,high_amplitude,True,,902.0,1,39,12,development,S039R12E09,0,1,train
10,86.1,4.1,1201,high_amplitude,True,,606.0,0,39,12,development,S039R12E10,0,1,train
11,94.3,4.1,1202,high_amplitude,True,,1121.0,1,39,12,development,S039R12E11,1,1,train
12,102.5,4.1,1203,high_amplitude,True,,974.0,1,39,12,development,S039R12E12,1,1,train
13,110.7,4.1,1204,high_amplitude,True,,1050.0,0,39,12,development,S039R12E13,1,1,train
14,118.9,4.1,1205,high_amplitude,True,,1194.0,1,39,12,development,S039R12E14,1,1,train
0,4.1,4.1,1206,ok,False,,79.0,1,18,4,development,S018R04E00,0,1,train
1,12.3,4.1,1207,ok,False,,76.0,0,18,4,development,S018R04E01,0,1,train
2,20.5,4.1,1208,ok,False,,87.0,0,18,4,development,S018R04E02,0,1,train
3,28.7,4.1,1209,ok,False,,87.0,1,18,4,development,S018R04E03,1,1,train
4,36.9,4.1,1210,ok,False,,80.99999999999999,0,18,4,development,S018R04E04,0,1,train
5,45.1,4.1,1211,ok,False,,85.0,1,18,4,development,S018R04E05,0,1,train
6,53.3,4.1,1212,ok,False,,89.0,1,18,4,development,S018R04E06,1,1,train
7,61.5,4.1,1213,high_amplitude,True,,233.0,0,18,4,development,S018R04E07,0,1,train
8,69.7,4.1,1214,ok,False,,70.99999999999999,0,18,4,development,S018R04E08,1,1,train
9,77.9,4.1,1215,high_amplitude,True,,234.0,1,18,4,development,S018R04E09,0,1,train
10,86.1,4.1,1216,high_amplitude,True,,217.0,0,18,4,development,S018R04E10,0,1,train
11,94.3,4.1,1217,ok,False,,83.0,1,18,4,development,S018R04E11,1,1,train
12,102.5,4.1,1218,ok,False,,79.0,1,18,4,development,S018R04E12,0,1,train
13,110.7,4.1,1219,high_amplitude,True,,218.0,0,18,4,development,S018R04E13,0,1,train
14,118.9,4.1,1220,ok,False,,166.0,1,18,4,development,S018R04E14,0,1,train
0,4.1,4.1,1221,ok,False,,70.99999999999999,1,18,8,development,S018R08E00,1,1,train
1,12.3,4.1,1222,ok,False,,86.0,0,18,8,development,S018R08E01,0,1,train
2,20.5,4.1,1223,high_amplitude,True,,236.99999999999997,0,18,8,development,S018R08E02,1,1,train
3,28.7,4.1,1224,high_amplitude,True,,208.99999999999997,1,18,8,development,S018R08E03,1,1,train
4,36.9,4.1,1225,high_amplitude,True,,241.0,0,18,8,development,S018R08E04,0,1,train
5,45.1,4.1,1226,ok,False,,110.0,1,18,8,development,S018R08E05,1,1,train
6,53.3,4.1,1227,ok,False,,121.0,0,18,8,development,S018R08E06,1,1,train
7,61.5,4.1,1228,high_amplitude,True,,251.00000000000003,1,18,8,development,S018R08E07,0,1,train
8,69.7,4.1,1229,high_amplitude,True,,252.99999999999997,0,18,8,development,S018R08E08,0,1,train
9,77.9,4.1,1230,high_amplitude,True,,237.99999999999997,1,18,8,development,S018R08E09,1,1,train
10,86.1,4.1,1231,high_amplitude,True,,224.0,0,18,8,development,S018R08E10,0,1,train
11,94.3,4.1,1232,high_amplitude,True,,239.0,1,18,8,development,S018R08E11,0,1,train
12,102.5,4.1,1233,high_amplitude,True,,239.99999999999997,1,18,8,development,S018R08E12,0,1,train
13,110.7,4.1,1234,high_amplitude,True,,237.99999999999997,0,18,8,development,S018R08E13,1,1,train
14,118.9,4.1,1235,high_amplitude,True,,251.00000000000003,0,18,8,development,S018R08E14,0,1,train
0,4.1,4.1,1236,high_amplitude,True,,239.99999999999997,0,18,12,development,S018R12E00,0,1,train
1,12.3,4.1,1237,high_amplitude,True,,252.0,1,18,12,development,S018R12E01,0,1,train
2,20.5,4.1,1238,high_amplitude,True,,228.0,1,18,12,development,S018R12E02,0,1,train
3,28.7,4.1,1239,high_amplitude,True,,219.0,0,18,12,development,S018R12E03,0,1,train
4,36.9,4.1,1240,high_amplitude,True,,239.99999999999997,0,18,12,development,S018R12E04,0,1,train
5,45.1,4.1,1241,high_amplitude,True,,230.99999999999997,1,18,12,development,S018R12E05,0,1,train
6,53.3,4.1,1242,high_amplitude,True,,237.99999999999997,0,18,12,development,S018R12E06,0,1,train
7,61.5,4.1,1243,high_amplitude,True,,243.0,1,18,12,development,S018R12E07,0,1,train
8,69.7,4.1,1244,high_amplitude,True,,237.00000000000003,1,18,12,development,S018R12E08,0,1,train
9,77.9,4.1,1245,high_amplitude,True,,237.99999999999997,0,18,12,development,S018R12E09,1,1,train
10,86.1,4.1,1246,high_amplitude,True,,248.0,1,18,12,development,S018R12E10,1,1,train
11,94.3,4.1,1247,high_amplitude,True,,230.0,0,18,12,development,S018R12E11,0,1,train
12,102.5,4.1,1248,high_amplitude,True,,218.0,0,18,12,development,S018R12E12,1,1,train
13,110.7,4.1,1249,high_amplitude,True,,222.0,1,18,12,development,S018R12E13,0,1,train
14,118.9,4.1,1250,high_amplitude,True,,227.0,1,18,12,development,S018R12E14,1,1,train
0,4.1,4.1,1251,high_amplitude,True,,206.0,0,55,4,development,S055R04E00,0,1,train
1,12.3,4.1,1252,ok,False,,194.0,1,55,4,development,S055R04E01,0,1,train
2,20.5,4.1,1253,high_amplitude,True,,212.0,0,55,4,development,S055R04E02,0,1,train
3,28.7,4.1,1254,high_amplitude,True,,214.0,1,55,4,development,S055R04E03,1,1,train
4,36.9,4.1,1255,high_amplitude,True,,226.00000000000003,1,55,4,development,S055R04E04,0,1,train
5,45.1,4.1,1256,high_amplitude,True,,216.0,0,55,4,development,S055R04E05,0,1,train
6,53.3,4.1,1257,high_amplitude,True,,203.0,0,55,4,development,S055R04E06,1,1,train
7,61.5,4.1,1258,high_amplitude,True,,228.99999999999997,1,55,4,development,S055R04E07,1,1,train
8,69.7,4.1,1259,high_amplitude,True,,239.99999999999997,1,55,4,development,S055R04E08,0,1,train
9,77.9,4.1,1260,ok,False,,199.0,0,55,4,development,S055R04E09,0,1,train
10,86.1,4.1,1261,high_amplitude,True,,230.0,0,55,4,development,S055R04E10,0,1,train
11,94.3,4.1,1262,high_amplitude,True,,233.0,1,55,4,development,S055R04E11,0,1,train
12,102.5,4.1,1263,high_amplitude,True,,226.0,1,55,4,development,S055R04E12,1,1,train
13,110.7,4.1,1264,high_amplitude,True,,217.0,0,55,4,development,S055R04E13,0,1,train
14,118.9,4.1,1265,high_amplitude,True,,221.0,0,55,4,development,S055R04E14,0,1,train
0,4.1,4.1,1266,high_amplitude,True,,233.0,1,55,8,development,S055R08E00,0,1,train
1,12.3,4.1,1267,high_amplitude,True,,213.0,0,55,8,development,S055R08E01,0,1,train
2,20.5,4.1,1268,high_amplitude,True,,215.0,1,55,8,development,S055R08E02,1,1,train
3,28.7,4.1,1269,high_amplitude,True,,214.0,0,55,8,development,S055R08E03,1,1,train
4,36.9,4.1,1270,high_amplitude,True,,212.99999999999997,0,55,8,development,S055R08E04,0,1,train
5,45.1,4.1,1271,high_amplitude,True,,241.99999999999997,1,55,8,development,S055R08E05,1,1,train
6,53.3,4.1,1272,high_amplitude,True,,212.99999999999997,1,55,8,development,S055R08E06,1,1,train
7,61.5,4.1,1273,high_amplitude,True,,223.0,0,55,8,development,S055R08E07,0,1,train
8,69.7,4.1,1274,high_amplitude,True,,230.99999999999997,0,55,8,development,S055R08E08,0,1,train
9,77.9,4.1,1275,high_amplitude,True,,239.99999999999997,1,55,8,development,S055R08E09,1,1,train
10,86.1,4.1,1276,high_amplitude,True,,223.99999999999997,0,55,8,development,S055R08E10,0,1,train
11,94.3,4.1,1277,high_amplitude,True,,221.99999999999997,1,55,8,development,S055R08E11,1,1,train
12,102.5,4.1,1278,high_amplitude,True,,201.99999999999997,1,55,8,development,S055R08E12,1,1,train
13,110.7,4.1,1279,high_amplitude,True,,259.0,0,55,8,development,S055R08E13,0,1,train
14,118.9,4.1,1280,high_amplitude,True,,218.0,0,55,8,development,S055R08E14,1,1,train
0,4.1,4.1,1281,high_amplitude,True,,223.0,0,55,12,development,S055R12E00,0,1,train
1,12.3,4.1,1282,high_amplitude,True,,250.0,1,55,12,development,S055R12E01,1,1,train
2,20.5,4.1,1283,high_amplitude,True,,226.0,1,55,12,development,S055R12E02,1,1,train
3,28.7,4.1,1284,high_amplitude,True,,221.0,0,55,12,development,S055R12E03,1,1,train
4,36.9,4.1,1285,high_amplitude,True,,256.99999999999994,1,55,12,development,S055R12E04,1,1,train
5,45.1,4.1,1286,high_amplitude,True,,210.99999999999997,0,55,12,development,S055R12E05,0,1,train
6,53.3,4.1,1287,high_amplitude,True,,256.99999999999994,1,55,12,development,S055R12E06,1,1,train
7,61.5,4.1,1288,high_amplitude,True,,230.0,0,55,12,development,S055R12E07,0,1,train
8,69.7,4.1,1289,high_amplitude,True,,234.0,0,55,12,development,S055R12E08,1,1,train
9,77.9,4.1,1290,ok,False,,197.0,1,55,12,development,S055R12E09,1,1,train
10,86.1,4.1,1291,high_amplitude,True,,207.0,1,55,12,development,S055R12E10,1,1,train
11,94.3,4.1,1292,high_amplitude,True,,232.99999999999997,0,55,12,development,S055R12E11,0,1,train
12,102.5,4.1,1293,high_amplitude,True,,260.0,0,55,12,development,S055R12E12,0,1,train
13,110.7,4.1,1294,high_amplitude,True,,223.99999999999997,1,55,12,development,S055R12E13,1,1,train
14,118.9,4.1,1295,high_amplitude,True,,235.0,1,55,12,development,S055R12E14,1,1,train
0,4.1,4.1,1296,high_amplitude,True,,388.0,0,82,4,development,S082R04E00,0,1,train
1,12.3,4.1,1297,high_amplitude,True,,389.0,1,82,4,development,S082R04E01,1,1,train
2,20.5,4.1,1298,high_amplitude,True,,366.0,0,82,4,development,S082R04E02,0,1,train
3,28.7,4.1,1299,high_amplitude,True,,383.0,1,82,4,development,S082R04E03,1,1,train
4,36.9,4.1,1300,high_amplitude,True,,362.0,0,82,4,development,S082R04E04,1,1,train
5,45.1,4.1,1301,high_amplitude,True,,370.0,1,82,4,development,S082R04E05,1,1,train
6,53.3,4.1,1302,high_amplitude,True,,384.0,0,82,4,development,S082R04E06,0,1,train
7,61.5,4.1,1303,high_amplitude,True,,356.0,1,82,4,development,S082R04E07,1,1,train
8,69.7,4.1,1304,high_amplitude,True,,350.99999999999994,1,82,4,development,S082R04E08,1,1,train
9,77.9,4.1,1305,high_amplitude,True,,414.0,0,82,4,development,S082R04E09,0,1,train
10,86.1,4.1,1306,high_amplitude,True,,341.0,1,82,4,development,S082R04E10,0,1,train
11,94.3,4.1,1307,high_amplitude,True,,368.0,0,82,4,development,S082R04E11,1,1,train
12,102.5,4.1,1308,high_amplitude,True,,336.0,1,82,4,development,S082R04E12,1,1,train
13,110.7,4.1,1309,high_amplitude,True,,365.0,0,82,4,development,S082R04E13,1,1,train
14,118.9,4.1,1310,high_amplitude,True,,325.0,0,82,4,development,S082R04E14,0,1,train
0,4.1,4.1,1311,high_amplitude,True,,208.0,0,82,8,development,S082R08E00,0,1,train
1,12.3,4.1,1312,high_amplitude,True,,265.99999999999994,1,82,8,development,S082R08E01,1,1,train
2,20.5,4.1,1313,high_amplitude,True,,291.0,0,82,8,development,S082R08E02,0,1,train
3,28.7,4.1,1314,high_amplitude,True,,339.0,1,82,8,development,S082R08E03,1,1,train
4,36.9,4.1,1315,high_amplitude,True,,322.0,1,82,8,development,S082R08E04,1,1,train
5,45.1,4.1,1316,high_amplitude,True,,445.0,0,82,8,development,S082R08E05,1,1,train
6,53.3,4.1,1317,high_amplitude,True,,513.9999999999999,1,82,8,development,S082R08E06,1,1,train
7,61.5,4.1,1318,high_amplitude,True,,398.0,0,82,8,development,S082R08E07,1,1,train
8,69.7,4.1,1319,high_amplitude,True,,448.99999999999994,0,82,8,development,S082R08E08,0,1,train
9,77.9,4.1,1320,high_amplitude,True,,281.0,1,82,8,development,S082R08E09,1,1,train
10,86.1,4.1,1321,high_amplitude,True,,423.0,0,82,8,development,S082R08E10,1,1,train
11,94.3,4.1,1322,high_amplitude,True,,424.0,1,82,8,development,S082R08E11,1,1,train
12,102.5,4.1,1323,high_amplitude,True,,392.0,0,82,8,development,S082R08E12,0,1,train
13,110.7,4.1,1324,high_amplitude,True,,301.99999999999994,1,82,8,development,S082R08E13,0,1,train
14,118.9,4.1,1325,high_amplitude,True,,260.00000000000006,1,82,8,development,S082R08E14,0,1,train
0,4.1,4.1,1326,high_amplitude,True,,272.99999999999994,0,82,12,development,S082R12E00,1,1,train
1,12.3,4.1,1327,high_amplitude,True,,291.0,1,82,12,development,S082R12E01,1,1,train
2,20.5,4.1,1328,high_amplitude,True,,510.99999999999994,1,82,12,development,S082R12E02,1,1,train
3,28.7,4.1,1329,high_amplitude,True,,488.0,0,82,12,development,S082R12E03,1,1,train
4,36.9,4.1,1330,high_amplitude,True,,441.0,0,82,12,development,S082R12E04,1,1,train
5,45.1,4.1,1331,high_amplitude,True,,341.99999999999994,1,82,12,development,S082R12E05,1,1,train
6,53.3,4.1,1332,high_amplitude,True,,450.99999999999994,0,82,12,development,S082R12E06,0,1,train
7,61.5,4.1,1333,high_amplitude,True,,465.0,1,82,12,development,S082R12E07,1,1,train
8,69.7,4.1,1334,high_amplitude,True,,245.0,0,82,12,development,S082R12E08,0,1,train
9,77.9,4.1,1335,high_amplitude,True,,330.0,1,82,12,development,S082R12E09,1,1,train
10,86.1,4.1,1336,high_amplitude,True,,254.0,0,82,12,development,S082R12E10,1,1,train
11,94.3,4.1,1337,high_amplitude,True,,307.0,1,82,12,development,S082R12E11,1,1,train
12,102.5,4.1,1338,high_amplitude,True,,250.0,1,82,12,development,S082R12E12,1,1,train
13,110.7,4.1,1339,ok,False,,199.99999999999997,0,82,12,development,S082R12E13,1,1,train
14,118.9,4.1,1340,high_amplitude,True,,416.99999999999994,0,82,12,development,S082R12E14,0,1,train
0,4.3,4.1,126,high_amplitude,True,,201.0,1,74,4,development,S074R04E00,1,1,validation
1,12.5,4.1,127,ok,False,,122.0,0,74,4,development,S074R04E01,1,1,validation
2,20.7,4.1,128,ok,False,,111.0,0,74,4,development,S074R04E02,1,1,validation
3,28.9,4.1,129,ok,False,,112.0,1,74,4,development,S074R04E03,1,1,validation
4,37.1,4.1,130,ok,False,,181.99999999999997,1,74,4,development,S074R04E04,0,1,validation
5,45.3,4.1,131,ok,False,,109.0,0,74,4,development,S074R04E05,1,1,validation
6,53.5,4.1,132,ok,False,,102.0,1,74,4,development,S074R04E06,0,1,validation
7,61.7,4.1,133,ok,False,,93.0,0,74,4,development,S074R04E07,0,1,validation
8,69.9,4.1,134,ok,False,,122.0,1,74,4,development,S074R04E08,0,1,validation
9,78.1,4.1,135,ok,False,,97.0,0,74,4,development,S074R04E09,0,1,validation
10,86.3,4.1,136,ok,False,,96.0,1,74,4,development,S074R04E10,1,1,validation
11,94.5,4.1,137,ok,False,,113.0,0,74,4,development,S074R04E11,0,1,validation
12,102.7,4.1,138,ok,False,,98.0,0,74,4,development,S074R04E12,0,1,validation
13,110.9,4.1,139,ok,False,,114.0,1,74,4,development,S074R04E13,1,1,validation
14,119.1,4.0,140,ok,False,,120.0,0,74,4,development,S074R04E14,1,1,validation
0,4.2,4.1,141,ok,False,,132.99999999999997,1,74,8,development,S074R08E00,0,1,validation
1,12.4,4.1,142,ok,False,,129.0,0,74,8,development,S074R08E01,0,1,validation
2,20.6,4.1,143,ok,False,,100.0,1,74,8,development,S074R08E02,0,1,validation
3,28.8,4.1,144,ok,False,,139.0,0,74,8,development,S074R08E03,1,1,validation
4,37.0,4.1,145,ok,False,,137.0,1,74,8,development,S074R08E04,0,1,validation
5,45.2,4.1,146,high_amplitude,True,,205.0,0,74,8,development,S074R08E05,0,1,validation
6,53.4,4.1,147,ok,False,,140.99999999999997,0,74,8,development,S074R08E06,0,1,validation
7,61.6,4.1,148,ok,False,,127.0,1,74,8,development,S074R08E07,0,1,validation
8,69.8,4.1,149,ok,False,,143.0,1,74,8,development,S074R08E08,0,1,validation
9,78.0,4.1,150,ok,False,,119.0,0,74,8,development,S074R08E09,1,1,validation
10,86.2,4.1,151,ok,False,,121.0,0,74,8,development,S074R08E10,0,1,validation
11,94.4,4.1,152,ok,False,,157.0,1,74,8,development,S074R08E11,1,1,validation
12,102.6,4.1,153,ok,False,,93.0,1,74,8,development,S074R08E12,1,1,validation
13,110.8,4.1,154,ok,False,,115.0,0,74,8,development,S074R08E13,1,1,validation
14,119.0,4.0,155,ok,False,,147.0,0,74,8,development,S074R08E14,0,1,validation
0,4.2,4.1,156,ok,False,,159.0,1,74,12,development,S074R12E00,1,1,validation
1,12.4,4.1,157,ok,False,,157.0,0,74,12,development,S074R12E01,0,1,validation
2,20.6,4.1,158,ok,False,,126.0,0,74,12,development,S074R12E02,1,1,validation
3,28.8,4.1,159,ok,False,,140.0,1,74,12,development,S074R12E03,1,1,validation
4,37.0,4.1,160,ok,False,,123.0,0,74,12,development,S074R12E04,0,1,validation
5,45.2,4.1,161,ok,False,,188.0,1,74,12,development,S074R12E05,1,1,validation
6,53.4,4.1,162,ok,False,,132.99999999999997,0,74,12,development,S074R12E06,1,1,validation
7,61.6,4.1,163,ok,False,,143.0,1,74,12,development,S074R12E07,1,1,validation
8,69.8,4.1,164,ok,False,,117.0,1,74,12,development,S074R12E08,1,1,validation
9,78.0,4.1,165,ok,False,,189.0,0,74,12,development,S074R12E09,1,1,validation
10,86.2,4.1,166,ok,False,,121.0,1,74,12,development,S074R12E10,0,1,validation
11,94.4,4.1,167,ok,False,,126.0,0,74,12,development,S074R12E11,1,1,validation
12,102.6,4.1,168,ok,False,,167.0,1,74,12,development,S074R12E12,0,1,validation
13,110.8,4.1,169,ok,False,,167.0,0,74,12,development,S074R12E13,0,1,validation
14,119.0,4.0,170,ok,False,,167.0,0,74,12,development,S074R12E14,0,1,validation
0,4.1,4.1,216,ok,False,,195.0,0,42,4,development,S042R04E00,0,1,validation
1,12.3,4.1,217,high_amplitude,True,,207.0,1,42,4,development,S042R04E01,0,1,validation
2,20.5,4.1,218,ok,False,,144.0,0,42,4,development,S042R04E02,0,1,validation
3,28.7,4.1,219,ok,False,,121.0,1,42,4,development,S042R04E03,0,1,validation
4,36.9,4.1,220,ok,False,,127.0,0,42,4,development,S042R04E04,0,1,validation
5,45.1,4.1,221,ok,False,,192.99999999999997,1,42,4,development,S042R04E05,1,1,validation
6,53.3,4.1,222,high_amplitude,True,,208.99999999999997,0,42,4,development,S042R04E06,0,1,validation
7,61.5,4.1,223,high_amplitude,True,,228.0,1,42,4,development,S042R04E07,1,1,validation
8,69.7,4.1,224,high_amplitude,True,,203.99999999999997,0,42,4,development,S042R04E08,0,1,validation
9,77.9,4.1,225,high_amplitude,True,,204.0,1,42,4,development,S042R04E09,0,1,validation
10,86.1,4.1,226,ok,False,,104.0,1,42,4,development,S042R04E10,1,1,validation
11,94.3,4.1,227,ok,False,,170.99999999999997,0,42,4,development,S042R04E11,0,1,validation
12,102.5,4.1,228,ok,False,,132.99999999999997,0,42,4,development,S042R04E12,1,1,validation
13,110.7,4.1,229,ok,False,,149.0,1,42,4,development,S042R04E13,0,1,validation
14,118.9,4.1,230,ok,False,,179.0,1,42,4,development,S042R04E14,1,1,validation
0,4.1,4.1,231,high_amplitude,True,,213.99999999999997,0,42,8,development,S042R08E00,0,1,validation
1,12.3,4.1,232,ok,False,,116.0,1,42,8,development,S042R08E01,1,1,validation
2,20.5,4.1,233,ok,False,,150.0,0,42,8,development,S042R08E02,0,1,validation
3,28.7,4.1,234,ok,False,,86.0,1,42,8,development,S042R08E03,1,1,validation
4,36.9,4.1,235,ok,False,,142.99999999999997,0,42,8,development,S042R08E04,0,1,validation
5,45.1,4.1,236,ok,False,,181.0,1,42,8,development,S042R08E05,1,1,validation
6,53.3,4.1,237,high_amplitude,True,,204.0,0,42,8,development,S042R08E06,0,1,validation
7,61.5,4.1,238,ok,False,,110.0,1,42,8,development,S042R08E07,1,1,validation
8,69.7,4.1,239,ok,False,,136.0,0,42,8,development,S042R08E08,0,1,validation
9,77.9,4.1,240,ok,False,,166.0,1,42,8,development,S042R08E09,0,1,validation
10,86.1,4.1,241,ok,False,,183.99999999999997,0,42,8,development,S042R08E10,0,1,validation
11,94.3,4.1,242,high_amplitude,True,,208.0,1,42,8,development,S042R08E11,1,1,validation
12,102.5,4.1,243,ok,False,,108.0,1,42,8,development,S042R08E12,1,1,validation
13,110.7,4.1,244,ok,False,,118.0,0,42,8,development,S042R08E13,0,1,validation
14,118.9,4.1,245,ok,False,,124.0,0,42,8,development,S042R08E14,0,1,validation
0,4.1,4.1,246,ok,False,,106.0,1,42,12,development,S042R12E00,1,1,validation
1,12.3,4.1,247,ok,False,,109.0,0,42,12,development,S042R12E01,0,1,validation
2,20.5,4.1,248,ok,False,,109.0,1,42,12,development,S042R12E02,0,1,validation
3,28.7,4.1,249,high_amplitude,True,,223.0,0,42,12,development,S042R12E03,0,1,validation
4,36.9,4.1,250,ok,False,,113.0,0,42,12,development,S042R12E04,0,1,validation
5,45.1,4.1,251,ok,False,,118.0,1,42,12,development,S042R12E05,1,1,validation
6,53.3,4.1,252,ok,False,,196.0,0,42,12,development,S042R12E06,0,1,validation
7,61.5,4.1,253,ok,False,,151.99999999999997,1,42,12,development,S042R12E07,1,1,validation
8,69.7,4.1,254,ok,False,,99.0,1,42,12,development,S042R12E08,1,1,validation
9,77.9,4.1,255,ok,False,,108.0,0,42,12,development,S042R12E09,1,1,validation
10,86.1,4.1,256,ok,False,,129.0,1,42,12,development,S042R12E10,1,1,validation
11,94.3,4.1,257,ok,False,,128.0,0,42,12,development,S042R12E11,0,1,validation
12,102.5,4.1,258,ok,False,,116.0,1,42,12,development,S042R12E12,1,1,validation
13,110.7,4.1,259,ok,False,,110.0,0,42,12,development,S042R12E13,1,1,validation
14,118.9,4.1,260,ok,False,,144.0,1,42,12,development,S042R12E14,1,1,validation
0,4.1,4.1,441,ok,False,,83.0,0,20,4,development,S020R04E00,0,1,validation
1,12.3,4.1,442,ok,False,,101.0,1,20,4,development,S020R04E01,0,1,validation
2,20.5,4.1,443,ok,False,,80.0,1,20,4,development,S020R04E02,0,1,validation
3,28.7,4.1,444,ok,False,,80.99999999999999,0,20,4,development,S020R04E03,0,1,validation
4,36.9,4.1,445,ok,False,,79.0,1,20,4,development,S020R04E04,1,1,validation
5,45.1,4.1,446,ok,False,,88.0,0,20,4,development,S020R04E05,0,1,validation
6,53.3,4.1,447,high_amplitude,True,,260.99999999999994,0,20,4,development,S020R04E06,1,1,validation
7,61.5,4.1,448,ok,False,,113.0,1,20,4,development,S020R04E07,0,1,validation
8,69.7,4.1,449,ok,False,,190.0,0,20,4,development,S020R04E08,0,1,validation
9,77.9,4.1,450,ok,False,,102.0,1,20,4,development,S020R04E09,0,1,validation
10,86.1,4.1,451,high_amplitude,True,,256.99999999999994,1,20,4,development,S020R04E10,0,1,validation
11,94.3,4.1,452,ok,False,,142.99999999999997,0,20,4,development,S020R04E11,0,1,validation
12,102.5,4.1,453,high_amplitude,True,,254.0,1,20,4,development,S020R04E12,0,1,validation
13,110.7,4.1,454,ok,False,,158.0,0,20,4,development,S020R04E13,0,1,validation
14,118.9,4.1,455,ok,False,,130.0,1,20,4,development,S020R04E14,0,1,validation
0,4.1,4.1,456,ok,False,,91.0,1,20,8,development,S020R08E00,0,1,validation
1,12.3,4.1,457,ok,False,,79.0,0,20,8,development,S020R08E01,0,1,validation
2,20.5,4.1,458,ok,False,,121.0,1,20,8,development,S020R08E02,0,1,validation
3,28.7,4.1,459,high_amplitude,True,,241.99999999999997,0,20,8,development,S020R08E03,0,1,validation
4,36.9,4.1,460,ok,False,,89.0,0,20,8,development,S020R08E04,1,1,validation
5,45.1,4.1,461,ok,False,,75.0,1,20,8,development,S020R08E05,0,1,validation
6,53.3,4.1,462,ok,False,,170.0,0,20,8,development,S020R08E06,0,1,validation
7,61.5,4.1,463,ok,False,,88.0,1,20,8,development,S020R08E07,0,1,validation
8,69.7,4.1,464,high_amplitude,True,,241.0,0,20,8,development,S020R08E08,0,1,validation
9,77.9,4.1,465,high_amplitude,True,,228.99999999999997,1,20,8,development,S020R08E09,0,1,validation
10,86.1,4.1,466,high_amplitude,True,,224.0,1,20,8,development,S020R08E10,1,1,validation
11,94.3,4.1,467,high_amplitude,True,,233.0,0,20,8,development,S020R08E11,0,1,validation
12,102.5,4.1,468,ok,False,,84.00000000000001,1,20,8,development,S020R08E12,0,1,validation
13,110.7,4.1,469,ok,False,,76.0,0,20,8,development,S020R08E13,0,1,validation
14,118.9,4.1,470,high_amplitude,True,,227.99999999999997,0,20,8,development,S020R08E14,0,1,validation
0,4.1,4.1,471,ok,False,,189.99999999999997,1,20,12,development,S020R12E00,0,1,validation
1,12.3,4.1,472,ok,False,,83.0,0,20,12,development,S020R12E01,0,1,validation
2,20.5,4.1,473,ok,False,,84.0,1,20,12,development,S020R12E02,1,1,validation
3,28.7,4.1,474,ok,False,,139.0,0,20,12,development,S020R12E03,0,1,validation
4,36.9,4.1,475,ok,False,,84.0,1,20,12,development,S020R12E04,1,1,validation
5,45.1,4.1,476,ok,False,,97.0,0,20,12,development,S020R12E05,1,1,validation
6,53.3,4.1,477,ok,False,,96.0,0,20,12,development,S020R12E06,0,1,validation
7,61.5,4.1,478,ok,False,,95.0,1,20,12,development,S020R12E07,0,1,validation
8,69.7,4.1,479,ok,False,,94.0,0,20,12,development,S020R12E08,0,1,validation
9,77.9,4.1,480,high_amplitude,True,,240.0,1,20,12,development,S020R12E09,0,1,validation
10,86.1,4.1,481,ok,False,,93.0,1,20,12,development,S020R12E10,1,1,validation
11,94.3,4.1,482,ok,False,,84.99999999999999,0,20,12,development,S020R12E11,0,1,validation
12,102.5,4.1,483,ok,False,,80.99999999999999,1,20,12,development,S020R12E12,1,1,validation
13,110.7,4.1,484,ok,False,,100.0,0,20,12,development,S020R12E13,0,1,validation
14,118.9,4.1,485,ok,False,,87.0,0,20,12,development,S020R12E14,0,1,validation
0,4.1,4.1,576,high_amplitude,True,,1163.0,0,91,4,development,S091R04E00,0,1,validation
1,12.3,4.1,577,high_amplitude,True,,1171.0,1,91,4,development,S091R04E01,0,1,validation
2,20.5,4.1,578,high_amplitude,True,,1184.0,0,91,4,development,S091R04E02,1,1,validation
3,28.7,4.1,579,high_amplitude,True,,1167.0,1,91,4,development,S091R04E03,1,1,validation
4,36.9,4.1,580,high_amplitude,True,,678.0,1,91,4,development,S091R04E04,0,1,validation
5,45.1,4.1,581,high_amplitude,True,,1167.9999999999998,0,91,4,development,S091R04E05,0,1,validation
6,53.3,4.1,582,high_amplitude,True,,1167.9999999999998,1,91,4,development,S091R04E06,1,1,validation
7,61.5,4.1,583,high_amplitude,True,,372.99999999999994,0,91,4,development,S091R04E07,0,1,validation
8,69.7,4.1,584,high_amplitude,True,,1191.0,0,91,4,development,S091R04E08,1,1,validation
9,77.9,4.1,585,high_amplitude,True,,1173.0,1,91,4,development,S091R04E09,0,1,validation
10,86.1,4.1,586,high_amplitude,True,,1180.0,0,91,4,development,S091R04E10,0,1,validation
11,94.3,4.1,587,high_amplitude,True,,1183.0,1,91,4,development,S091R04E11,1,1,validation
12,102.5,4.1,588,high_amplitude,True,,1196.0,1,91,4,development,S091R04E12,1,1,validation
13,110.7,4.1,589,high_amplitude,True,,1171.9999999999998,0,91,4,development,S091R04E13,1,1,validation
14,118.9,4.1,590,high_amplitude,True,,1200.9999999999998,0,91,4,development,S091R04E14,0,1,validation
0,4.1,4.1,591,high_amplitude,True,,1176.0,0,91,8,development,S091R08E00,1,1,validation
1,12.3,4.1,592,high_amplitude,True,,1166.0,1,91,8,development,S091R08E01,1,1,validation
2,20.5,4.1,593,high_amplitude,True,,1184.9999999999998,1,91,8,development,S091R08E02,1,1,validation
3,28.7,4.1,594,high_amplitude,True,,1176.0,0,91,8,development,S091R08E03,1,1,validation
4,36.9,4.1,595,high_amplitude,True,,1187.9999999999998,0,91,8,development,S091R08E04,0,1,validation
5,45.1,4.1,596,high_amplitude,True,,1171.0,1,91,8,development,S091R08E05,1,1,validation
6,53.3,4.1,597,high_amplitude,True,,1171.0,1,91,8,development,S091R08E06,0,1,validation
7,61.5,4.1,598,high_amplitude,True,,1179.0,0,91,8,development,S091R08E07,1,1,validation
8,69.7,4.1,599,high_amplitude,True,,1164.0,0,91,8,development,S091R08E08,0,1,validation
9,77.9,4.1,600,high_amplitude,True,,1160.0,1,91,8,development,S091R08E09,1,1,validation
10,86.1,4.1,601,high_amplitude,True,,1203.0,1,91,8,development,S091R08E10,0,1,validation
11,94.3,4.1,602,high_amplitude,True,,1174.0,0,91,8,development,S091R08E11,0,1,validation
12,102.5,4.1,603,high_amplitude,True,,1170.0,1,91,8,development,S091R08E12,1,1,validation
13,110.7,4.1,604,high_amplitude,True,,1180.0,0,91,8,development,S091R08E13,1,1,validation
14,118.9,4.1,605,high_amplitude,True,,1171.0,1,91,8,development,S091R08E14,1,1,validation
0,4.1,4.1,606,high_amplitude,True,,1187.0,1,91,12,development,S091R12E00,1,1,validation
1,12.3,4.1,607,high_amplitude,True,,1190.0,0,91,12,development,S091R12E01,1,1,validation
2,20.5,4.1,608,high_amplitude,True,,1182.0,1,91,12,development,S091R12E02,1,1,validation
3,28.7,4.1,609,high_amplitude,True,,1204.0,0,91,12,development,S091R12E03,1,1,validation
4,36.9,4.1,610,high_amplitude,True,,1184.9999999999998,0,91,12,development,S091R12E04,1,1,validation
5,45.1,4.1,611,high_amplitude,True,,1171.0,1,91,12,development,S091R12E05,0,1,validation
6,53.3,4.1,612,high_amplitude,True,,1193.0,1,91,12,development,S091R12E06,1,1,validation
7,61.5,4.1,613,high_amplitude,True,,1190.0,0,91,12,development,S091R12E07,0,1,validation
8,69.7,4.1,614,high_amplitude,True,,1193.9999999999998,0,91,12,development,S091R12E08,0,1,validation
9,77.9,4.1,615,high_amplitude,True,,1179.0,1,91,12,development,S091R12E09,1,1,validation
10,86.1,4.1,616,high_amplitude,True,,1202.0,0,91,12,development,S091R12E10,1,1,validation
11,94.3,4.1,617,high_amplitude,True,,1192.0,1,91,12,development,S091R12E11,1,1,validation
12,102.5,4.1,618,high_amplitude,True,,1186.0,1,91,12,development,S091R12E12,1,1,validation
13,110.7,4.1,619,high_amplitude,True,,1184.0,0,91,12,development,S091R12E13,0,1,validation
14,118.9,4.1,620,high_amplitude,True,,1214.0,1,91,12,development,S091R12E14,1,1,validation
0,4.2,4.1,891,high_amplitude,True,,1031.0,0,101,4,development,S101R04E00,1,1,validation
1,12.5,4.1,892,high_amplitude,True,,393.0,1,101,4,development,S101R04E01,1,1,validation
2,20.8,4.1,893,high_amplitude,True,,821.0,1,101,4,development,S101R04E02,1,1,validation
3,29.1,4.1,894,high_amplitude,True,,446.0,0,101,4,development,S101R04E03,0,1,validation
4,37.4,4.1,895,high_amplitude,True,,442.0,1,101,4,development,S101R04E04,1,1,validation
5,45.7,4.1,896,high_amplitude,True,,357.0,0,101,4,development,S101R04E05,1,1,validation
6,54.0,4.1,897,high_amplitude,True,,457.0,1,101,4,development,S101R04E06,1,1,validation
7,62.3,4.1,898,high_amplitude,True,,349.0,0,101,4,development,S101R04E07,1,1,validation
8,70.6,4.1,899,high_amplitude,True,,324.0,1,101,4,development,S101R04E08,0,1,validation
9,78.9,4.1,900,high_amplitude,True,,461.99999999999994,0,101,4,development,S101R04E09,1,1,validation
10,87.2,4.1,901,high_amplitude,True,,321.0,0,101,4,development,S101R04E10,1,1,validation
11,95.5,4.1,902,high_amplitude,True,,356.0,1,101,4,development,S101R04E11,1,1,validation
12,103.8,4.1,903,high_amplitude,True,,349.0,1,101,4,development,S101R04E12,0,1,validation
13,112.1,4.1,904,high_amplitude,True,,310.99999999999994,0,101,4,development,S101R04E13,0,1,validation
14,120.4,4.1,905,high_amplitude,True,,513.9999999999999,0,101,4,development,S101R04E14,0,1,validation
0,4.2,4.1,906,high_amplitude,True,,407.0,1,101,8,development,S101R08E00,0,1,validation
1,12.5,4.1,907,high_amplitude,True,,323.0,0,101,8,development,S101R08E01,1,1,validation
2,20.8,4.1,908,high_amplitude,True,,357.0,0,101,8,development,S101R08E02,1,1,validation
3,29.1,4.1,909,high_amplitude,True,,349.0,1,101,8,development,S101R08E03,0,1,validation
4,37.4,4.1,910,high_amplitude,True,,291.0,1,101,8,development,S101R08E04,1,1,validation
5,45.7,4.1,911,high_amplitude,True,,338.0,0,101,8,development,S101R08E05,1,1,validation
6,54.0,4.1,912,high_amplitude,True,,349.99999999999994,0,101,8,development,S101R08E06,1,1,validation
7,62.3,4.1,913,high_amplitude,True,,323.0,1,101,8,development,S101R08E07,0,1,validation
8,70.6,4.1,914,high_amplitude,True,,423.0,1,101,8,development,S101R08E08,0,1,validation
9,78.9,4.1,915,high_amplitude,True,,343.0,0,101,8,development,S101R08E09,0,1,validation
10,87.2,4.1,916,high_amplitude,True,,383.0,1,101,8,development,S101R08E10,1,1,validation
11,95.5,4.1,917,high_amplitude,True,,307.0,0,101,8,development,S101R08E11,0,1,validation
12,103.8,4.1,918,high_amplitude,True,,335.0,1,101,8,development,S101R08E12,0,1,validation
13,112.1,4.1,919,high_amplitude,True,,318.00000000000006,0,101,8,development,S101R08E13,0,1,validation
14,120.4,4.1,920,high_amplitude,True,,381.0,1,101,8,development,S101R08E14,0,1,validation
0,4.2,4.1,921,high_amplitude,True,,350.0,0,101,12,development,S101R12E00,1,1,validation
1,12.5,4.1,922,high_amplitude,True,,326.0,1,101,12,development,S101R12E01,0,1,validation
2,20.8,4.1,923,high_amplitude,True,,285.0,0,101,12,development,S101R12E02,1,1,validation
3,29.1,4.1,924,high_amplitude,True,,323.99999999999994,1,101,12,development,S101R12E03,0,1,validation
4,37.4,4.1,925,high_amplitude,True,,354.99999999999994,1,101,12,development,S101R12E04,0,1,validation
5,45.7,4.1,926,high_amplitude,True,,354.99999999999994,0,101,12,development,S101R12E05,0,1,validation
6,54.0,4.1,927,high_amplitude,True,,277.0,1,101,12,development,S101R12E06,1,1,validation
7,62.3,4.1,928,high_amplitude,True,,314.99999999999994,0,101,12,development,S101R12E07,0,1,validation
8,70.6,4.1,929,high_amplitude,True,,331.0,1,101,12,development,S101R12E08,0,1,validation
9,78.9,4.1,930,high_amplitude,True,,286.0,0,101,12,development,S101R12E09,0,1,validation
10,87.2,4.1,931,high_amplitude,True,,336.99999999999994,1,101,12,development,S101R12E10,1,1,validation
11,95.5,4.1,932,high_amplitude,True,,274.99999999999994,0,101,12,development,S101R12E11,0,1,validation
12,103.8,4.1,933,high_amplitude,True,,301.99999999999994,0,101,12,development,S101R12E12,0,1,validation
13,112.1,4.1,934,high_amplitude,True,,285.0,1,101,12,development,S101R12E13,1,1,validation
14,120.4,4.1,935,high_amplitude,True,,298.0,1,101,12,development,S101R12E14,0,1,validation
0,4.1,4.1,981,high_amplitude,True,,492.99999999999994,0,59,4,development,S059R04E00,0,1,validation
1,12.3,4.1,982,high_amplitude,True,,701.0,1,59,4,development,S059R04E01,0,1,validation
2,20.5,4.1,983,high_amplitude,True,,539.0,0,59,4,development,S059R04E02,1,1,validation
3,28.7,4.1,984,high_amplitude,True,,915.0,1,59,4,development,S059R04E03,0,1,validation
4,36.9,4.1,985,high_amplitude,True,,1125.9999999999998,0,59,4,development,S059R04E04,0,1,validation
5,45.1,4.1,986,high_amplitude,True,,461.0,1,59,4,development,S059R04E05,0,1,validation
6,53.3,4.1,987,high_amplitude,True,,1217.0,0,59,4,development,S059R04E06,0,1,validation
7,61.5,4.1,988,high_amplitude,True,,1374.0,1,59,4,development,S059R04E07,0,1,validation
8,69.7,4.1,989,high_amplitude,True,,917.0,1,59,4,development,S059R04E08,1,1,validation
9,77.9,4.1,990,high_amplitude,True,,514.9999999999999,0,59,4,development,S059R04E09,1,1,validation
10,86.1,4.1,991,high_amplitude,True,,1043.9999999999998,0,59,4,development,S059R04E10,1,1,validation
11,94.3,4.1,992,high_amplitude,True,,1158.9999999999998,1,59,4,development,S059R04E11,0,1,validation
12,102.5,4.1,993,high_amplitude,True,,1006.0,1,59,4,development,S059R04E12,0,1,validation
13,110.7,4.1,994,high_amplitude,True,,824.0,0,59,4,development,S059R04E13,1,1,validation
14,118.9,4.1,995,high_amplitude,True,,944.0,0,59,4,development,S059R04E14,1,1,validation
0,4.1,4.1,996,high_amplitude,True,,767.0,0,59,8,development,S059R08E00,1,1,validation
1,12.3,4.1,997,high_amplitude,True,,457.0,1,59,8,development,S059R08E01,1,1,validation
2,20.5,4.1,998,high_amplitude,True,,963.0,1,59,8,development,S059R08E02,1,1,validation
3,28.7,4.1,999,high_amplitude,True,,928.0,0,59,8,development,S059R08E03,1,1,validation
4,36.9,4.1,1000,high_amplitude,True,,728.9999999999999,0,59,8,development,S059R08E04,1,1,validation
5,45.1,4.1,1001,high_amplitude,True,,407.0,1,59,8,development,S059R08E05,0,1,validation
6,53.3,4.1,1002,high_amplitude,True,,1014.0,0,59,8,development,S059R08E06,1,1,validation
7,61.5,4.1,1003,high_amplitude,True,,1131.0,1,59,8,development,S059R08E07,1,1,validation
8,69.7,4.1,1004,high_amplitude,True,,1134.0,0,59,8,development,S059R08E08,1,1,validation
9,77.9,4.1,1005,high_amplitude,True,,1197.9999999999998,1,59,8,development,S059R08E09,0,1,validation
10,86.1,4.1,1006,high_amplitude,True,,1050.0,0,59,8,development,S059R08E10,1,1,validation
11,94.3,4.1,1007,high_amplitude,True,,465.0,1,59,8,development,S059R08E11,0,1,validation
12,102.5,4.1,1008,high_amplitude,True,,545.0,0,59,8,development,S059R08E12,0,1,validation
13,110.7,4.1,1009,high_amplitude,True,,887.0,1,59,8,development,S059R08E13,0,1,validation
14,118.9,4.1,1010,high_amplitude,True,,952.0,0,59,8,development,S059R08E14,1,1,validation
0,4.1,4.1,1011,high_amplitude,True,,1183.0,1,59,12,development,S059R12E00,1,1,validation
1,12.3,4.1,1012,high_amplitude,True,,506.99999999999994,0,59,12,development,S059R12E01,0,1,validation
2,20.5,4.1,1013,high_amplitude,True,,1044.0,1,59,12,development,S059R12E02,1,1,validation
3,28.7,4.1,1014,high_amplitude,True,,354.99999999999994,0,59,12,development,S059R12E03,0,1,validation
4,36.9,4.1,1015,high_amplitude,True,,1357.0,1,59,12,development,S059R12E04,1,1,validation
5,45.1,4.1,1016,high_amplitude,True,,821.9999999999999,0,59,12,development,S059R12E05,1,1,validation
6,53.3,4.1,1017,high_amplitude,True,,875.9999999999999,1,59,12,development,S059R12E06,0,1,validation
7,61.5,4.1,1018,high_amplitude,True,,1017.9999999999998,0,59,12,development,S059R12E07,1,1,validation
8,69.7,4.1,1019,high_amplitude,True,,1128.0,1,59,12,development,S059R12E08,0,1,validation
9,77.9,4.1,1020,high_amplitude,True,,933.0,0,59,12,development,S059R12E09,1,1,validation
10,86.1,4.1,1021,high_amplitude,True,,741.9999999999999,1,59,12,development,S059R12E10,0,1,validation
11,94.3,4.1,1022,high_amplitude,True,,916.0,0,59,12,development,S059R12E11,0,1,validation
12,102.5,4.1,1023,high_amplitude,True,,1042.0,0,59,12,development,S059R12E12,0,1,validation
13,110.7,4.1,1024,high_amplitude,True,,1149.0,1,59,12,development,S059R12E13,1,1,validation
14,118.9,4.1,1025,high_amplitude,True,,759.9999999999999,0,59,12,development,S059R12E14,1,1,validation
0,4.3,4.1,0,ok,False,,62.0,0,51,4,development,S051R04E00,0,2,train
1,12.5,4.1,1,ok,False,,192.0,1,51,4,development,S051R04E01,1,2,train
2,20.7,4.1,2,ok,False,,59.0,1,51,4,development,S051R04E02,0,2,train
3,28.9,4.1,3,ok,False,,198.99999999999997,0,51,4,development,S051R04E03,0,2,train
4,37.1,4.1,4,ok,False,,76.0,1,51,4,development,S051R04E04,1,2,train
5,45.3,4.1,5,ok,False,,56.0,0,51,4,development,S051R04E05,0,2,train
6,53.5,4.1,6,ok,False,,76.0,1,51,4,development,S051R04E06,0,2,train
7,61.7,4.1,7,ok,False,,61.999999999999986,0,51,4,development,S051R04E07,0,2,train
8,69.9,4.1,8,high_amplitude,True,,226.0,1,51,4,development,S051R04E08,1,2,train
9,78.1,4.1,9,ok,False,,56.0,0,51,4,development,S051R04E09,0,2,train
10,86.3,4.1,10,high_amplitude,True,,225.0,1,51,4,development,S051R04E10,0,2,train
11,94.5,4.1,11,ok,False,,68.0,0,51,4,development,S051R04E11,1,2,train
12,102.7,4.1,12,ok,False,,84.0,1,51,4,development,S051R04E12,1,2,train
13,110.9,4.1,13,ok,False,,77.0,0,51,4,development,S051R04E13,0,2,train
14,119.1,4.0,14,ok,False,,88.0,0,51,4,development,S051R04E14,0,2,train
0,4.3,4.1,15,ok,False,,153.0,1,51,8,development,S051R08E00,1,2,train
1,12.5,4.1,16,ok,False,,55.99999999999999,0,51,8,development,S051R08E01,0,2,train
2,20.7,4.1,17,ok,False,,59.0,1,51,8,development,S051R08E02,0,2,train
3,28.9,4.1,18,ok,False,,68.0,0,51,8,development,S051R08E03,0,2,train
4,37.1,4.1,19,ok,False,,67.99999999999999,1,51,8,development,S051R08E04,0,2,train
5,45.3,4.1,20,ok,False,,46.0,0,51,8,development,S051R08E05,0,2,train
6,53.5,4.1,21,ok,False,,52.00000000000001,0,51,8,development,S051R08E06,1,2,train
7,61.7,4.1,22,ok,False,,160.99999999999997,1,51,8,development,S051R08E07,0,2,train
8,69.9,4.1,23,high_amplitude,True,,263.0,1,51,8,development,S051R08E08,0,2,train
9,78.1,4.1,24,ok,False,,181.0,0,51,8,development,S051R08E09,1,2,train
10,86.3,4.1,25,ok,False,,139.0,1,51,8,development,S051R08E10,1,2,train
11,94.5,4.1,26,high_amplitude,True,,258.0,0,51,8,development,S051R08E11,1,2,train
12,102.7,4.1,27,ok,False,,50.99999999999999,1,51,8,development,S051R08E12,1,2,train
13,110.9,4.1,28,ok,False,,55.0,0,51,8,development,S051R08E13,1,2,train
14,119.1,4.0,29,high_amplitude,True,,205.0,0,51,8,development,S051R08E14,0,2,train
0,4.3,4.1,30,ok,False,,51.0,1,51,12,development,S051R12E00,0,2,train
1,12.5,4.1,31,ok,False,,40.99999999999999,0,51,12,development,S051R12E01,0,2,train
2,20.7,4.1,32,ok,False,,70.0,1,51,12,development,S051R12E02,1,2,train
3,28.9,4.1,33,ok,False,,94.0,0,51,12,development,S051R12E03,0,2,train
4,37.1,4.1,34,ok,False,,84.0,0,51,12,development,S051R12E04,0,2,train
5,45.3,4.1,35,ok,False,,93.0,1,51,12,development,S051R12E05,0,2,train
6,53.5,4.1,36,ok,False,,49.0,0,51,12,development,S051R12E06,1,2,train
7,61.7,4.1,37,ok,False,,48.0,1,51,12,development,S051R12E07,1,2,train
8,69.9,4.1,38,ok,False,,88.0,1,51,12,development,S051R12E08,1,2,train
9,78.1,4.1,39,high_amplitude,True,,212.99999999999997,0,51,12,development,S051R12E09,0,2,train
10,86.3,4.1,40,ok,False,,45.0,0,51,12,development,S051R12E10,0,2,train
11,94.5,4.1,41,ok,False,,70.00000000000001,1,51,12,development,S051R12E11,1,2,train
12,102.7,4.1,42,ok,False,,54.99999999999999,1,51,12,development,S051R12E12,1,2,train
13,110.9,4.1,43,ok,False,,61.0,0,51,12,development,S051R12E13,0,2,train
14,119.1,4.0,44,ok,False,,39.0,0,51,12,development,S051R12E14,1,2,train
0,4.3,4.1,126,high_amplitude,True,,201.0,1,74,4,development,S074R04E00,1,2,train
1,12.5,4.1,127,ok,False,,122.0,0,74,4,development,S074R04E01,0,2,train
2,20.7,4.1,128,ok,False,,111.0,0,74,4,development,S074R04E02,0,2,train
3,28.9,4.1,129,ok,False,,112.0,1,74,4,development,S074R04E03,1,2,train
4,37.1,4.1,130,ok,False,,181.99999999999997,1,74,4,development,S074R04E04,1,2,train
5,45.3,4.1,131,ok,False,,109.0,0,74,4,development,S074R04E05,1,2,train
6,53.5,4.1,132,ok,False,,102.0,1,74,4,development,S074R04E06,0,2,train
7,61.7,4.1,133,ok,False,,93.0,0,74,4,development,S074R04E07,0,2,train
8,69.9,4.1,134,ok,False,,122.0,1,74,4,development,S074R04E08,0,2,train
9,78.1,4.1,135,ok,False,,97.0,0,74,4,development,S074R04E09,0,2,train
10,86.3,4.1,136,ok,False,,96.0,1,74,4,development,S074R04E10,1,2,train
11,94.5,4.1,137,ok,False,,113.0,0,74,4,development,S074R04E11,0,2,train
12,102.7,4.1,138,ok,False,,98.0,0,74,4,development,S074R04E12,1,2,train
13,110.9,4.1,139,ok,False,,114.0,1,74,4,development,S074R04E13,1,2,train
14,119.1,4.0,140,ok,False,,120.0,0,74,4,development,S074R04E14,0,2,train
0,4.2,4.1,141,ok,False,,132.99999999999997,1,74,8,development,S074R08E00,0,2,train
1,12.4,4.1,142,ok,False,,129.0,0,74,8,development,S074R08E01,1,2,train
2,20.6,4.1,143,ok,False,,100.0,1,74,8,development,S074R08E02,0,2,train
3,28.8,4.1,144,ok,False,,139.0,0,74,8,development,S074R08E03,1,2,train
4,37.0,4.1,145,ok,False,,137.0,1,74,8,development,S074R08E04,0,2,train
5,45.2,4.1,146,high_amplitude,True,,205.0,0,74,8,development,S074R08E05,0,2,train
6,53.4,4.1,147,ok,False,,140.99999999999997,0,74,8,development,S074R08E06,0,2,train
7,61.6,4.1,148,ok,False,,127.0,1,74,8,development,S074R08E07,0,2,train
8,69.8,4.1,149,ok,False,,143.0,1,74,8,development,S074R08E08,0,2,train
9,78.0,4.1,150,ok,False,,119.0,0,74,8,development,S074R08E09,0,2,train
10,86.2,4.1,151,ok,False,,121.0,0,74,8,development,S074R08E10,0,2,train
11,94.4,4.1,152,ok,False,,157.0,1,74,8,development,S074R08E11,1,2,train
12,102.6,4.1,153,ok,False,,93.0,1,74,8,development,S074R08E12,1,2,train
13,110.8,4.1,154,ok,False,,115.0,0,74,8,development,S074R08E13,1,2,train
14,119.0,4.0,155,ok,False,,147.0,0,74,8,development,S074R08E14,0,2,train
0,4.2,4.1,156,ok,False,,159.0,1,74,12,development,S074R12E00,0,2,train
1,12.4,4.1,157,ok,False,,157.0,0,74,12,development,S074R12E01,0,2,train
2,20.6,4.1,158,ok,False,,126.0,0,74,12,development,S074R12E02,0,2,train
3,28.8,4.1,159,ok,False,,140.0,1,74,12,development,S074R12E03,1,2,train
4,37.0,4.1,160,ok,False,,123.0,0,74,12,development,S074R12E04,1,2,train
5,45.2,4.1,161,ok,False,,188.0,1,74,12,development,S074R12E05,1,2,train
6,53.4,4.1,162,ok,False,,132.99999999999997,0,74,12,development,S074R12E06,1,2,train
7,61.6,4.1,163,ok,False,,143.0,1,74,12,development,S074R12E07,1,2,train
8,69.8,4.1,164,ok,False,,117.0,1,74,12,development,S074R12E08,1,2,train
9,78.0,4.1,165,ok,False,,189.0,0,74,12,development,S074R12E09,1,2,train
10,86.2,4.1,166,ok,False,,121.0,1,74,12,development,S074R12E10,0,2,train
11,94.4,4.1,167,ok,False,,126.0,0,74,12,development,S074R12E11,1,2,train
12,102.6,4.1,168,ok,False,,167.0,1,74,12,development,S074R12E12,0,2,train
13,110.8,4.1,169,ok,False,,167.0,0,74,12,development,S074R12E13,0,2,train
14,119.0,4.0,170,ok,False,,167.0,0,74,12,development,S074R12E14,0,2,train
0,4.1,4.1,171,high_amplitude,True,,451.0,0,15,4,development,S015R04E00,1,2,train
1,12.3,4.1,172,high_amplitude,True,,411.0,1,15,4,development,S015R04E01,1,2,train
2,20.5,4.1,173,high_amplitude,True,,492.99999999999994,0,15,4,development,S015R04E02,0,2,train
3,28.7,4.1,174,high_amplitude,True,,463.0,1,15,4,development,S015R04E03,1,2,train
4,36.9,4.1,175,high_amplitude,True,,419.0,1,15,4,development,S015R04E04,0,2,train
5,45.1,4.1,176,high_amplitude,True,,463.0,0,15,4,development,S015R04E05,0,2,train
6,53.3,4.1,177,high_amplitude,True,,341.0,0,15,4,development,S015R04E06,0,2,train
7,61.5,4.1,178,high_amplitude,True,,359.99999999999994,1,15,4,development,S015R04E07,1,2,train
8,69.7,4.1,179,high_amplitude,True,,387.0,0,15,4,development,S015R04E08,1,2,train
9,77.9,4.1,180,high_amplitude,True,,349.0,1,15,4,development,S015R04E09,1,2,train
10,86.1,4.1,181,high_amplitude,True,,359.99999999999994,1,15,4,development,S015R04E10,1,2,train
11,94.3,4.1,182,high_amplitude,True,,372.99999999999994,0,15,4,development,S015R04E11,0,2,train
12,102.5,4.1,183,high_amplitude,True,,327.99999999999994,1,15,4,development,S015R04E12,0,2,train
13,110.7,4.1,184,high_amplitude,True,,338.0,0,15,4,development,S015R04E13,0,2,train
14,118.9,4.1,185,high_amplitude,True,,318.00000000000006,1,15,4,development,S015R04E14,1,2,train
0,4.1,4.1,186,high_amplitude,True,,307.0,1,15,8,development,S015R08E00,1,2,train
1,12.3,4.1,187,high_amplitude,True,,335.0,0,15,8,development,S015R08E01,0,2,train
2,20.5,4.1,188,high_amplitude,True,,327.0,1,15,8,development,S015R08E02,1,2,train
3,28.7,4.1,189,high_amplitude,True,,296.99999999999994,0,15,8,development,S015R08E03,0,2,train
4,36.9,4.1,190,high_amplitude,True,,323.99999999999994,0,15,8,development,S015R08E04,1,2,train
5,45.1,4.1,191,high_amplitude,True,,420.99999999999994,1,15,8,development,S015R08E05,0,2,train
6,53.3,4.1,192,high_amplitude,True,,383.0,1,15,8,development,S015R08E06,0,2,train
7,61.5,4.1,193,high_amplitude,True,,434.0,0,15,8,development,S015R08E07,0,2,train
8,69.7,4.1,194,high_amplitude,True,,376.99999999999994,1,15,8,development,S015R08E08,1,2,train
9,77.9,4.1,195,high_amplitude,True,,358.99999999999994,0,15,8,development,S015R08E09,0,2,train
10,86.1,4.1,196,high_amplitude,True,,363.0,0,15,8,development,S015R08E10,0,2,train
11,94.3,4.1,197,high_amplitude,True,,303.0,1,15,8,development,S015R08E11,1,2,train
12,102.5,4.1,198,high_amplitude,True,,338.0,0,15,8,development,S015R08E12,0,2,train
13,110.7,4.1,199,high_amplitude,True,,304.0,1,15,8,development,S015R08E13,1,2,train
14,118.9,4.1,200,high_amplitude,True,,314.0,0,15,8,development,S015R08E14,1,2,train
0,4.1,4.1,201,high_amplitude,True,,312.0,1,15,12,development,S015R12E00,1,2,train
1,12.3,4.1,202,high_amplitude,True,,250.99999999999997,0,15,12,development,S015R12E01,0,2,train
2,20.5,4.1,203,high_amplitude,True,,276.0,1,15,12,development,S015R12E02,0,2,train
3,28.7,4.1,204,high_amplitude,True,,301.99999999999994,0,15,12,development,S015R12E03,0,2,train
4,36.9,4.1,205,high_amplitude,True,,517.0,0,15,12,development,S015R12E04,0,2,train
5,45.1,4.1,206,high_amplitude,True,,239.99999999999997,1,15,12,development,S015R12E05,1,2,train
6,53.3,4.1,207,high_amplitude,True,,294.0,1,15,12,development,S015R12E06,1,2,train
7,61.5,4.1,208,high_amplitude,True,,290.0,0,15,12,development,S015R12E07,0,2,train
8,69.7,4.1,209,high_amplitude,True,,398.0,1,15,12,development,S015R12E08,1,2,train
9,77.9,4.1,210,high_amplitude,True,,486.0,0,15,12,development,S015R12E09,0,2,train
10,86.1,4.1,211,high_amplitude,True,,445.0,0,15,12,development,S015R12E10,0,2,train
11,94.3,4.1,212,high_amplitude,True,,330.0,1,15,12,development,S015R12E11,1,2,train
12,102.5,4.1,213,high_amplitude,True,,313.0,0,15,12,development,S015R12E12,1,2,train
13,110.7,4.1,214,high_amplitude,True,,281.99999999999994,1,15,12,development,S015R12E13,1,2,train
14,118.9,4.1,215,high_amplitude,True,,271.0,0,15,12,development,S015R12E14,1,2,train
0,4.1,4.1,216,ok,False,,195.0,0,42,4,development,S042R04E00,0,2,train
1,12.3,4.1,217,high_amplitude,True,,207.0,1,42,4,development,S042R04E01,1,2,train
2,20.5,4.1,218,ok,False,,144.0,0,42,4,development,S042R04E02,0,2,train
3,28.7,4.1,219,ok,False,,121.0,1,42,4,development,S042R04E03,0,2,train
4,36.9,4.1,220,ok,False,,127.0,0,42,4,development,S042R04E04,0,2,train
5,45.1,4.1,221,ok,False,,192.99999999999997,1,42,4,development,S042R04E05,1,2,train
6,53.3,4.1,222,high_amplitude,True,,208.99999999999997,0,42,4,development,S042R04E06,0,2,train
7,61.5,4.1,223,high_amplitude,True,,228.0,1,42,4,development,S042R04E07,1,2,train
8,69.7,4.1,224,high_amplitude,True,,203.99999999999997,0,42,4,development,S042R04E08,0,2,train
9,77.9,4.1,225,high_amplitude,True,,204.0,1,42,4,development,S042R04E09,1,2,train
10,86.1,4.1,226,ok,False,,104.0,1,42,4,development,S042R04E10,1,2,train
11,94.3,4.1,227,ok,False,,170.99999999999997,0,42,4,development,S042R04E11,0,2,train
12,102.5,4.1,228,ok,False,,132.99999999999997,0,42,4,development,S042R04E12,1,2,train
13,110.7,4.1,229,ok,False,,149.0,1,42,4,development,S042R04E13,1,2,train
14,118.9,4.1,230,ok,False,,179.0,1,42,4,development,S042R04E14,1,2,train
0,4.1,4.1,231,high_amplitude,True,,213.99999999999997,0,42,8,development,S042R08E00,0,2,train
1,12.3,4.1,232,ok,False,,116.0,1,42,8,development,S042R08E01,1,2,train
2,20.5,4.1,233,ok,False,,150.0,0,42,8,development,S042R08E02,0,2,train
3,28.7,4.1,234,ok,False,,86.0,1,42,8,development,S042R08E03,1,2,train
4,36.9,4.1,235,ok,False,,142.99999999999997,0,42,8,development,S042R08E04,0,2,train
5,45.1,4.1,236,ok,False,,181.0,1,42,8,development,S042R08E05,1,2,train
6,53.3,4.1,237,high_amplitude,True,,204.0,0,42,8,development,S042R08E06,0,2,train
7,61.5,4.1,238,ok,False,,110.0,1,42,8,development,S042R08E07,1,2,train
8,69.7,4.1,239,ok,False,,136.0,0,42,8,development,S042R08E08,0,2,train
9,77.9,4.1,240,ok,False,,166.0,1,42,8,development,S042R08E09,1,2,train
10,86.1,4.1,241,ok,False,,183.99999999999997,0,42,8,development,S042R08E10,0,2,train
11,94.3,4.1,242,high_amplitude,True,,208.0,1,42,8,development,S042R08E11,1,2,train
12,102.5,4.1,243,ok,False,,108.0,1,42,8,development,S042R08E12,1,2,train
13,110.7,4.1,244,ok,False,,118.0,0,42,8,development,S042R08E13,0,2,train
14,118.9,4.1,245,ok,False,,124.0,0,42,8,development,S042R08E14,0,2,train
0,4.1,4.1,246,ok,False,,106.0,1,42,12,development,S042R12E00,1,2,train
1,12.3,4.1,247,ok,False,,109.0,0,42,12,development,S042R12E01,0,2,train
2,20.5,4.1,248,ok,False,,109.0,1,42,12,development,S042R12E02,1,2,train
3,28.7,4.1,249,high_amplitude,True,,223.0,0,42,12,development,S042R12E03,0,2,train
4,36.9,4.1,250,ok,False,,113.0,0,42,12,development,S042R12E04,0,2,train
5,45.1,4.1,251,ok,False,,118.0,1,42,12,development,S042R12E05,1,2,train
6,53.3,4.1,252,ok,False,,196.0,0,42,12,development,S042R12E06,0,2,train
7,61.5,4.1,253,ok,False,,151.99999999999997,1,42,12,development,S042R12E07,1,2,train
8,69.7,4.1,254,ok,False,,99.0,1,42,12,development,S042R12E08,1,2,train
9,77.9,4.1,255,ok,False,,108.0,0,42,12,development,S042R12E09,1,2,train
10,86.1,4.1,256,ok,False,,129.0,1,42,12,development,S042R12E10,1,2,train
11,94.3,4.1,257,ok,False,,128.0,0,42,12,development,S042R12E11,0,2,train
12,102.5,4.1,258,ok,False,,116.0,1,42,12,development,S042R12E12,1,2,train
13,110.7,4.1,259,ok,False,,110.0,0,42,12,development,S042R12E13,0,2,train
14,118.9,4.1,260,ok,False,,144.0,1,42,12,development,S042R12E14,1,2,train
0,4.1,4.1,261,high_amplitude,True,,272.99999999999994,1,36,4,development,S036R04E00,0,2,train
1,12.3,4.1,262,high_amplitude,True,,345.99999999999994,0,36,4,development,S036R04E01,1,2,train
2,20.5,4.1,263,high_amplitude,True,,1042.0,1,36,4,development,S036R04E02,0,2,train
3,28.7,4.1,264,high_amplitude,True,,497.99999999999994,0,36,4,development,S036R04E03,0,2,train
4,36.9,4.1,265,high_amplitude,True,,513.9999999999999,0,36,4,development,S036R04E04,0,2,train
5,45.1,4.1,266,high_amplitude,True,,416.00000000000006,1,36,4,development,S036R04E05,0,2,train
6,53.3,4.1,267,high_amplitude,True,,279.0,1,36,4,development,S036R04E06,0,2,train
7,61.5,4.1,268,high_amplitude,True,,378.0,0,36,4,development,S036R04E07,0,2,train
8,69.7,4.1,269,high_amplitude,True,,517.0,0,36,4,development,S036R04E08,1,2,train
9,77.9,4.1,270,high_amplitude,True,,294.0,1,36,4,development,S036R04E09,0,2,train
10,86.1,4.1,271,high_amplitude,True,,401.0,0,36,4,development,S036R04E10,0,2,train
11,94.3,4.1,272,high_amplitude,True,,339.0,1,36,4,development,S036R04E11,0,2,train
12,102.5,4.1,273,high_amplitude,True,,296.0,0,36,4,development,S036R04E12,0,2,train
13,110.7,4.1,274,high_amplitude,True,,577.0,1,36,4,development,S036R04E13,0,2,train
14,118.9,4.1,275,high_amplitude,True,,534.0,0,36,4,development,S036R04E14,0,2,train
0,4.1,4.1,276,high_amplitude,True,,343.0,0,36,8,development,S036R08E00,0,2,train
1,12.3,4.1,277,high_amplitude,True,,320.0,1,36,8,development,S036R08E01,0,2,train
2,20.5,4.1,278,high_amplitude,True,,420.0,1,36,8,development,S036R08E02,0,2,train
3,28.7,4.1,279,high_amplitude,True,,807.9999999999999,0,36,8,development,S036R08E03,1,2,train
4,36.9,4.1,280,high_amplitude,True,,655.0,0,36,8,development,S036R08E04,0,2,train
5,45.1,4.1,281,high_amplitude,True,,625.0,1,36,8,development,S036R08E05,1,2,train
6,53.3,4.1,282,high_amplitude,True,,841.0,0,36,8,development,S036R08E06,1,2,train
7,61.5,4.1,283,high_amplitude,True,,1044.0,1,36,8,development,S036R08E07,0,2,train
8,69.7,4.1,284,high_amplitude,True,,1112.9999999999998,1,36,8,development,S036R08E08,1,2,train
9,77.9,4.1,285,high_amplitude,True,,1049.0,0,36,8,development,S036R08E09,1,2,train
10,86.1,4.1,286,high_amplitude,True,,501.99999999999994,1,36,8,development,S036R08E10,1,2,train
11,94.3,4.1,287,high_amplitude,True,,426.99999999999994,0,36,8,development,S036R08E11,0,2,train
12,102.5,4.1,288,high_amplitude,True,,747.0,1,36,8,development,S036R08E12,1,2,train
13,110.7,4.1,289,high_amplitude,True,,365.99999999999994,0,36,8,development,S036R08E13,0,2,train
14,118.9,4.1,290,high_amplitude,True,,398.0,1,36,8,development,S036R08E14,0,2,train
0,4.1,4.1,291,high_amplitude,True,,359.0,0,36,12,development,S036R12E00,1,2,train
1,12.3,4.1,292,high_amplitude,True,,763.0,1,36,12,development,S036R12E01,1,2,train
2,20.5,4.1,293,high_amplitude,True,,1082.0,1,36,12,development,S036R12E02,1,2,train
3,28.7,4.1,294,high_amplitude,True,,639.0,0,36,12,development,S036R12E03,0,2,train
4,36.9,4.1,295,high_amplitude,True,,812.9999999999999,1,36,12,development,S036R12E04,0,2,train
5,45.1,4.1,296,high_amplitude,True,,1056.0,0,36,12,development,S036R12E05,1,2,train
6,53.3,4.1,297,high_amplitude,True,,1112.9999999999998,0,36,12,development,S036R12E06,0,2,train
7,61.5,4.1,298,high_amplitude,True,,811.0,1,36,12,development,S036R12E07,0,2,train
8,69.7,4.1,299,high_amplitude,True,,761.0,1,36,12,development,S036R12E08,1,2,train
9,77.9,4.1,300,high_amplitude,True,,904.0,0,36,12,development,S036R12E09,0,2,train
10,86.1,4.1,301,high_amplitude,True,,792.9999999999999,1,36,12,development,S036R12E10,0,2,train
11,94.3,4.1,302,high_amplitude,True,,776.0,0,36,12,development,S036R12E11,0,2,train
12,102.5,4.1,303,high_amplitude,True,,794.9999999999999,0,36,12,development,S036R12E12,0,2,train
13,110.7,4.1,304,high_amplitude,True,,730.0,1,36,12,development,S036R12E13,1,2,train
14,118.9,4.1,305,high_amplitude,True,,1088.0,0,36,12,development,S036R12E14,0,2,train
0,4.1,4.1,306,high_amplitude,True,,910.0,1,70,4,development,S070R04E00,1,2,train
1,12.3,4.1,307,high_amplitude,True,,821.0,0,70,4,development,S070R04E01,1,2,train
2,20.5,4.1,308,high_amplitude,True,,518.9999999999999,1,70,4,development,S070R04E02,1,2,train
3,28.7,4.1,309,high_amplitude,True,,718.0,0,70,4,development,S070R04E03,1,2,train
4,36.9,4.1,310,high_amplitude,True,,822.0,0,70,4,development,S070R04E04,0,2,train
5,45.1,4.1,311,high_amplitude,True,,722.0,1,70,4,development,S070R04E05,1,2,train
6,53.3,4.1,312,high_amplitude,True,,634.9999999999999,1,70,4,development,S070R04E06,1,2,train
7,61.5,4.1,313,high_amplitude,True,,816.9999999999999,0,70,4,development,S070R04E07,0,2,train
8,69.7,4.1,314,high_amplitude,True,,861.9999999999999,0,70,4,development,S070R04E08,1,2,train
9,77.9,4.1,315,high_amplitude,True,,797.0,1,70,4,development,S070R04E09,0,2,train
10,86.1,4.1,316,high_amplitude,True,,783.0000000000001,0,70,4,development,S070R04E10,0,2,train
11,94.3,4.1,317,high_amplitude,True,,426.99999999999994,1,70,4,development,S070R04E11,1,2,train
12,102.5,4.1,318,high_amplitude,True,,655.9999999999999,1,70,4,development,S070R04E12,1,2,train
13,110.7,4.1,319,high_amplitude,True,,727.9999999999999,0,70,4,development,S070R04E13,0,2,train
14,118.9,4.1,320,high_amplitude,True,,745.0,1,70,4,development,S070R04E14,1,2,train
0,4.1,4.1,321,high_amplitude,True,,902.0,1,70,8,development,S070R08E00,0,2,train
1,12.3,4.1,322,high_amplitude,True,,647.0,0,70,8,development,S070R08E01,1,2,train
2,20.5,4.1,323,high_amplitude,True,,408.99999999999994,0,70,8,development,S070R08E02,0,2,train
3,28.7,4.1,324,high_amplitude,True,,902.0,1,70,8,development,S070R08E03,0,2,train
4,36.9,4.1,325,high_amplitude,True,,452.99999999999994,1,70,8,development,S070R08E04,0,2,train
5,45.1,4.1,326,high_amplitude,True,,793.0,0,70,8,development,S070R08E05,0,2,train
6,53.3,4.1,327,high_amplitude,True,,761.0,1,70,8,development,S070R08E06,1,2,train
7,61.5,4.1,328,high_amplitude,True,,907.0,0,70,8,development,S070R08E07,0,2,train
8,69.7,4.1,329,high_amplitude,True,,412.99999999999994,1,70,8,development,S070R08E08,1,2,train
9,77.9,4.1,330,high_amplitude,True,,708.0,0,70,8,development,S070R08E09,0,2,train
10,86.1,4.1,331,high_amplitude,True,,500.99999999999994,1,70,8,development,S070R08E10,1,2,train
11,94.3,4.1,332,high_amplitude,True,,834.0,0,70,8,development,S070R08E11,1,2,train
12,102.5,4.1,333,high_amplitude,True,,799.0,0,70,8,development,S070R08E12,1,2,train
13,110.7,4.1,334,high_amplitude,True,,759.0,1,70,8,development,S070R08E13,1,2,train
14,118.9,4.1,335,high_amplitude,True,,683.0,0,70,8,development,S070R08E14,1,2,train
0,4.1,4.1,336,high_amplitude,True,,348.0,1,70,12,development,S070R12E00,0,2,train
1,12.3,4.1,337,high_amplitude,True,,410.0,0,70,12,development,S070R12E01,0,2,train
2,20.5,4.1,338,high_amplitude,True,,372.0,0,70,12,development,S070R12E02,0,2,train
3,28.7,4.1,339,high_amplitude,True,,368.99999999999994,1,70,12,development,S070R12E03,1,2,train
4,36.9,4.1,340,high_amplitude,True,,401.0,0,70,12,development,S070R12E04,0,2,train
5,45.1,4.1,341,high_amplitude,True,,387.0,1,70,12,development,S070R12E05,0,2,train
6,53.3,4.1,342,high_amplitude,True,,322.0,0,70,12,development,S070R12E06,0,2,train
7,61.5,4.1,343,high_amplitude,True,,383.99999999999994,1,70,12,development,S070R12E07,0,2,train
8,69.7,4.1,344,high_amplitude,True,,518.0,0,70,12,development,S070R12E08,0,2,train
9,77.9,4.1,345,high_amplitude,True,,443.0,1,70,12,development,S070R12E09,0,2,train
10,86.1,4.1,346,high_amplitude,True,,514.9999999999999,0,70,12,development,S070R12E10,0,2,train
11,94.3,4.1,347,high_amplitude,True,,419.0,1,70,12,development,S070R12E11,1,2,train
12,102.5,4.1,348,high_amplitude,True,,892.9999999999999,0,70,12,development,S070R12E12,0,2,train
13,110.7,4.1,349,high_amplitude,True,,606.0,1,70,12,development,S070R12E13,0,2,train
14,118.9,4.1,350,high_amplitude,True,,374.0,1,70,12,development,S070R12E14,1,2,train
0,4.1,4.1,351,high_amplitude,True,,699.0,0,109,4,development,S109R04E00,0,2,train
1,12.3,4.1,352,high_amplitude,True,,704.9999999999999,1,109,4,development,S109R04E01,1,2,train
2,20.5,4.1,353,high_amplitude,True,,727.9999999999999,1,109,4,development,S109R04E02,1,2,train
3,28.7,4.1,354,high_amplitude,True,,716.0,0,109,4,development,S109R04E03,0,2,train
4,36.9,4.1,355,high_amplitude,True,,710.0,1,109,4,development,S109R04E04,1,2,train
5,45.1,4.1,356,high_amplitude,True,,688.9999999999999,0,109,4,development,S109R04E05,0,2,train
6,53.3,4.1,357,high_amplitude,True,,696.9999999999999,1,109,4,development,S109R04E06,1,2,train
7,61.5,4.1,358,high_amplitude,True,,704.9999999999999,0,109,4,development,S109R04E07,0,2,train
8,69.7,4.1,359,high_amplitude,True,,727.0,1,109,4,development,S109R04E08,1,2,train
9,77.9,4.1,360,high_amplitude,True,,725.0,0,109,4,development,S109R04E09,0,2,train
10,86.1,4.1,361,high_amplitude,True,,711.0,0,109,4,development,S109R04E10,1,2,train
11,94.3,4.1,362,high_amplitude,True,,704.0,1,109,4,development,S109R04E11,1,2,train
12,102.5,4.1,363,high_amplitude,True,,726.0,0,109,4,development,S109R04E12,1,2,train
13,110.7,4.1,364,high_amplitude,True,,727.9999999999999,1,109,4,development,S109R04E13,1,2,train
14,118.9,4.1,365,high_amplitude,True,,718.0,1,109,4,development,S109R04E14,0,2,train
0,4.1,4.1,366,high_amplitude,True,,719.9999999999999,1,109,8,development,S109R08E00,0,2,train
1,12.3,4.1,367,high_amplitude,True,,657.0,0,109,8,development,S109R08E01,0,2,train
2,20.5,4.1,368,high_amplitude,True,,645.0,1,109,8,development,S109R08E02,1,2,train
3,28.7,4.1,369,high_amplitude,True,,683.9999999999999,0,109,8,development,S109R08E03,1,2,train
4,36.9,4.1,370,high_amplitude,True,,658.0,0,109,8,development,S109R08E04,0,2,train
5,45.1,4.1,371,high_amplitude,True,,691.0,1,109,8,development,S109R08E05,1,2,train
6,53.3,4.1,372,high_amplitude,True,,690.0,0,109,8,development,S109R08E06,0,2,train
7,61.5,4.1,373,high_amplitude,True,,700.0,1,109,8,development,S109R08E07,1,2,train
8,69.7,4.1,374,high_amplitude,True,,658.0,1,109,8,development,S109R08E08,1,2,train
9,77.9,4.1,375,high_amplitude,True,,683.0,0,109,8,development,S109R08E09,0,2,train
10,86.1,4.1,376,high_amplitude,True,,668.0,1,109,8,development,S109R08E10,0,2,train
11,94.3,4.1,377,high_amplitude,True,,704.0,0,109,8,development,S109R08E11,0,2,train
12,102.5,4.1,378,high_amplitude,True,,691.0,1,109,8,development,S109R08E12,1,2,train
13,110.7,4.1,379,high_amplitude,True,,683.0,0,109,8,development,S109R08E13,1,2,train
14,118.9,4.1,380,high_amplitude,True,,676.0,0,109,8,development,S109R08E14,0,2,train
0,4.1,4.1,381,high_amplitude,True,,704.9999999999999,1,109,12,development,S109R12E00,1,2,train
1,12.3,4.1,382,high_amplitude,True,,691.9999999999999,0,109,12,development,S109R12E01,0,2,train
2,20.5,4.1,383,high_amplitude,True,,670.9999999999999,1,109,12,development,S109R12E02,0,2,train
3,28.7,4.1,384,high_amplitude,True,,688.9999999999999,0,109,12,development,S109R12E03,0,2,train
4,36.9,4.1,385,high_amplitude,True,,685.0,0,109,12,development,S109R12E04,1,2,train
5,45.1,4.1,386,high_amplitude,True,,676.0,1,109,12,development,S109R12E05,1,2,train
6,53.3,4.1,387,high_amplitude,True,,654.0,1,109,12,development,S109R12E06,1,2,train
7,61.5,4.1,388,high_amplitude,True,,717.9999999999999,0,109,12,development,S109R12E07,1,2,train
8,69.7,4.1,389,high_amplitude,True,,701.9999999999999,1,109,12,development,S109R12E08,0,2,train
9,77.9,4.1,390,high_amplitude,True,,714.9999999999999,0,109,12,development,S109R12E09,1,2,train
10,86.1,4.1,391,high_amplitude,True,,690.0,0,109,12,development,S109R12E10,1,2,train
11,94.3,4.1,392,high_amplitude,True,,704.0,1,109,12,development,S109R12E11,0,2,train
12,102.5,4.1,393,high_amplitude,True,,669.0,0,109,12,development,S109R12E12,0,2,train
13,110.7,4.1,394,high_amplitude,True,,676.0,1,109,12,development,S109R12E13,1,2,train
14,118.9,4.1,395,high_amplitude,True,,678.9999999999999,0,109,12,development,S109R12E14,0,2,train
0,4.1,4.1,441,ok,False,,83.0,0,20,4,development,S020R04E00,0,2,train
1,12.3,4.1,442,ok,False,,101.0,1,20,4,development,S020R04E01,1,2,train
2,20.5,4.1,443,ok,False,,80.0,1,20,4,development,S020R04E02,1,2,train
3,28.7,4.1,444,ok,False,,80.99999999999999,0,20,4,development,S020R04E03,0,2,train
4,36.9,4.1,445,ok,False,,79.0,1,20,4,development,S020R04E04,1,2,train
5,45.1,4.1,446,ok,False,,88.0,0,20,4,development,S020R04E05,1,2,train
6,53.3,4.1,447,high_amplitude,True,,260.99999999999994,0,20,4,development,S020R04E06,1,2,train
7,61.5,4.1,448,ok,False,,113.0,1,20,4,development,S020R04E07,1,2,train
8,69.7,4.1,449,ok,False,,190.0,0,20,4,development,S020R04E08,0,2,train
9,77.9,4.1,450,ok,False,,102.0,1,20,4,development,S020R04E09,1,2,train
10,86.1,4.1,451,high_amplitude,True,,256.99999999999994,1,20,4,development,S020R04E10,1,2,train
11,94.3,4.1,452,ok,False,,142.99999999999997,0,20,4,development,S020R04E11,0,2,train
12,102.5,4.1,453,high_amplitude,True,,254.0,1,20,4,development,S020R04E12,1,2,train
13,110.7,4.1,454,ok,False,,158.0,0,20,4,development,S020R04E13,0,2,train
14,118.9,4.1,455,ok,False,,130.0,1,20,4,development,S020R04E14,0,2,train
0,4.1,4.1,456,ok,False,,91.0,1,20,8,development,S020R08E00,0,2,train
1,12.3,4.1,457,ok,False,,79.0,0,20,8,development,S020R08E01,0,2,train
2,20.5,4.1,458,ok,False,,121.0,1,20,8,development,S020R08E02,1,2,train
3,28.7,4.1,459,high_amplitude,True,,241.99999999999997,0,20,8,development,S020R08E03,0,2,train
4,36.9,4.1,460,ok,False,,89.0,0,20,8,development,S020R08E04,1,2,train
5,45.1,4.1,461,ok,False,,75.0,1,20,8,development,S020R08E05,1,2,train
6,53.3,4.1,462,ok,False,,170.0,0,20,8,development,S020R08E06,0,2,train
7,61.5,4.1,463,ok,False,,88.0,1,20,8,development,S020R08E07,1,2,train
8,69.7,4.1,464,high_amplitude,True,,241.0,0,20,8,development,S020R08E08,0,2,train
9,77.9,4.1,465,high_amplitude,True,,228.99999999999997,1,20,8,development,S020R08E09,0,2,train
10,86.1,4.1,466,high_amplitude,True,,224.0,1,20,8,development,S020R08E10,1,2,train
11,94.3,4.1,467,high_amplitude,True,,233.0,0,20,8,development,S020R08E11,0,2,train
12,102.5,4.1,468,ok,False,,84.00000000000001,1,20,8,development,S020R08E12,1,2,train
13,110.7,4.1,469,ok,False,,76.0,0,20,8,development,S020R08E13,0,2,train
14,118.9,4.1,470,high_amplitude,True,,227.99999999999997,0,20,8,development,S020R08E14,0,2,train
0,4.1,4.1,471,ok,False,,189.99999999999997,1,20,12,development,S020R12E00,1,2,train
1,12.3,4.1,472,ok,False,,83.0,0,20,12,development,S020R12E01,0,2,train
2,20.5,4.1,473,ok,False,,84.0,1,20,12,development,S020R12E02,1,2,train
3,28.7,4.1,474,ok,False,,139.0,0,20,12,development,S020R12E03,0,2,train
4,36.9,4.1,475,ok,False,,84.0,1,20,12,development,S020R12E04,1,2,train
5,45.1,4.1,476,ok,False,,97.0,0,20,12,development,S020R12E05,0,2,train
6,53.3,4.1,477,ok,False,,96.0,0,20,12,development,S020R12E06,0,2,train
7,61.5,4.1,478,ok,False,,95.0,1,20,12,development,S020R12E07,0,2,train
8,69.7,4.1,479,ok,False,,94.0,0,20,12,development,S020R12E08,0,2,train
9,77.9,4.1,480,high_amplitude,True,,240.0,1,20,12,development,S020R12E09,1,2,train
10,86.1,4.1,481,ok,False,,93.0,1,20,12,development,S020R12E10,1,2,train
11,94.3,4.1,482,ok,False,,84.99999999999999,0,20,12,development,S020R12E11,0,2,train
12,102.5,4.1,483,ok,False,,80.99999999999999,1,20,12,development,S020R12E12,1,2,train
13,110.7,4.1,484,ok,False,,100.0,0,20,12,development,S020R12E13,0,2,train
14,118.9,4.1,485,ok,False,,87.0,0,20,12,development,S020R12E14,0,2,train
0,4.1,4.1,486,high_amplitude,True,,505.99999999999994,0,10,4,development,S010R04E00,0,2,train
1,12.3,4.1,487,high_amplitude,True,,359.0,1,10,4,development,S010R04E01,0,2,train
2,20.5,4.1,488,high_amplitude,True,,665.9999999999999,0,10,4,development,S010R04E02,0,2,train
3,28.7,4.1,489,high_amplitude,True,,343.0,1,10,4,development,S010R04E03,0,2,train
4,36.9,4.1,490,high_amplitude,True,,1052.0,0,10,4,development,S010R04E04,0,2,train
5,45.1,4.1,491,high_amplitude,True,,899.0,1,10,4,development,S010R04E05,1,2,train
6,53.3,4.1,492,high_amplitude,True,,1044.0,1,10,4,development,S010R04E06,1,2,train
7,61.5,4.1,493,high_amplitude,True,,675.0,0,10,4,development,S010R04E07,0,2,train
8,69.7,4.1,494,high_amplitude,True,,940.0,1,10,4,development,S010R04E08,0,2,train
9,77.9,4.1,495,high_amplitude,True,,760.0,0,10,4,development,S010R04E09,0,2,train
10,86.1,4.1,496,high_amplitude,True,,904.0,1,10,4,development,S010R04E10,1,2,train
11,94.3,4.1,497,high_amplitude,True,,1066.9999999999998,0,10,4,development,S010R04E11,1,2,train
12,102.5,4.1,498,high_amplitude,True,,888.9999999999999,1,10,4,development,S010R04E12,1,2,train
13,110.7,4.1,499,high_amplitude,True,,624.9999999999999,0,10,4,development,S010R04E13,0,2,train
14,118.9,4.1,500,high_amplitude,True,,821.0,0,10,4,development,S010R04E14,0,2,train
0,4.1,4.1,501,high_amplitude,True,,999.0,1,10,8,development,S010R08E00,0,2,train
1,12.3,4.1,502,high_amplitude,True,,637.0,0,10,8,development,S010R08E01,0,2,train
2,20.5,4.1,503,high_amplitude,True,,305.99999999999994,0,10,8,development,S010R08E02,0,2,train
3,28.7,4.1,504,high_amplitude,True,,939.0,1,10,8,development,S010R08E03,1,2,train
4,36.9,4.1,505,high_amplitude,True,,1080.0,1,10,8,development,S010R08E04,0,2,train
5,45.1,4.1,506,high_amplitude,True,,1139.0,0,10,8,development,S010R08E05,0,2,train
6,53.3,4.1,507,high_amplitude,True,,786.9999999999999,1,10,8,development,S010R08E06,0,2,train
7,61.5,4.1,508,high_amplitude,True,,530.0,0,10,8,development,S010R08E07,1,2,train
8,69.7,4.1,509,high_amplitude,True,,979.0,1,10,8,development,S010R08E08,1,2,train
9,77.9,4.1,510,high_amplitude,True,,1096.0,0,10,8,development,S010R08E09,1,2,train
10,86.1,4.1,511,high_amplitude,True,,722.0,1,10,8,development,S010R08E10,0,2,train
11,94.3,4.1,512,high_amplitude,True,,739.0,0,10,8,development,S010R08E11,0,2,train
12,102.5,4.1,513,high_amplitude,True,,1008.0,0,10,8,development,S010R08E12,0,2,train
13,110.7,4.1,514,high_amplitude,True,,727.9999999999999,1,10,8,development,S010R08E13,1,2,train
14,118.9,4.1,515,high_amplitude,True,,763.0,0,10,8,development,S010R08E14,0,2,train
0,4.1,4.1,516,high_amplitude,True,,679.9999999999999,0,10,12,development,S010R12E00,0,2,train
1,12.3,4.1,517,high_amplitude,True,,543.0,1,10,12,development,S010R12E01,0,2,train
2,20.5,4.1,518,high_amplitude,True,,792.0,1,10,12,development,S010R12E02,1,2,train
3,28.7,4.1,519,high_amplitude,True,,851.9999999999999,0,10,12,development,S010R12E03,0,2,train
4,36.9,4.1,520,high_amplitude,True,,916.0,1,10,12,development,S010R12E04,0,2,train
5,45.1,4.1,521,high_amplitude,True,,944.0,0,10,12,development,S010R12E05,1,2,train
6,53.3,4.1,522,high_amplitude,True,,789.0,0,10,12,development,S010R12E06,1,2,train
7,61.5,4.1,523,high_amplitude,True,,879.9999999999999,1,10,12,development,S010R12E07,0,2,train
8,69.7,4.1,524,high_amplitude,True,,812.0,0,10,12,development,S010R12E08,1,2,train
9,77.9,4.1,525,high_amplitude,True,,1002.0,1,10,12,development,S010R12E09,1,2,train
10,86.1,4.1,526,high_amplitude,True,,1096.9999999999998,0,10,12,development,S010R12E10,1,2,train
11,94.3,4.1,527,high_amplitude,True,,877.9999999999999,1,10,12,development,S010R12E11,1,2,train
12,102.5,4.1,528,high_amplitude,True,,951.0,1,10,12,development,S010R12E12,0,2,train
13,110.7,4.1,529,high_amplitude,True,,869.0,0,10,12,development,S010R12E13,1,2,train
14,118.9,4.1,530,high_amplitude,True,,820.0,0,10,12,development,S010R12E14,0,2,train
0,4.2,4.1,531,high_amplitude,True,,436.0,1,57,4,development,S057R04E00,0,2,train
1,12.5,4.1,532,high_amplitude,True,,348.0,0,57,4,development,S057R04E01,0,2,train
2,20.8,4.1,533,high_amplitude,True,,292.0,0,57,4,development,S057R04E02,0,2,train
3,29.1,4.1,534,high_amplitude,True,,303.0,1,57,4,development,S057R04E03,0,2,train
4,37.4,4.1,535,high_amplitude,True,,307.0,0,57,4,development,S057R04E04,0,2,train
5,45.7,4.1,536,high_amplitude,True,,287.99999999999994,1,57,4,development,S057R04E05,0,2,train
6,54.0,4.1,537,high_amplitude,True,,274.0,1,57,4,development,S057R04E06,1,2,train
7,62.3,4.1,538,high_amplitude,True,,285.0,0,57,4,development,S057R04E07,0,2,train
8,70.6,4.1,539,high_amplitude,True,,265.0,0,57,4,development,S057R04E08,0,2,train
9,78.9,4.1,540,high_amplitude,True,,301.0,1,57,4,development,S057R04E09,0,2,train
10,87.2,4.1,541,high_amplitude,True,,243.0,0,57,4,development,S057R04E10,1,2,train
11,95.5,4.1,542,high_amplitude,True,,320.0,1,57,4,development,S057R04E11,0,2,train
12,103.8,4.1,543,high_amplitude,True,,592.0,0,57,4,development,S057R04E12,1,2,train
13,112.1,4.1,544,high_amplitude,True,,254.0,1,57,4,development,S057R04E13,1,2,train
14,120.4,4.1,545,high_amplitude,True,,322.99999999999994,0,57,4,development,S057R04E14,0,2,train
0,4.2,4.1,546,high_amplitude,True,,429.0,1,57,8,development,S057R08E00,0,2,train
1,12.5,4.1,547,high_amplitude,True,,455.0,0,57,8,development,S057R08E01,0,2,train
2,20.8,4.1,548,high_amplitude,True,,716.0,1,57,8,development,S057R08E02,0,2,train
3,29.1,4.1,549,high_amplitude,True,,686.0,0,57,8,development,S057R08E03,1,2,train
4,37.4,4.1,550,high_amplitude,True,,477.0,0,57,8,development,S057R08E04,0,2,train
5,45.7,4.1,551,high_amplitude,True,,552.0,1,57,8,development,S057R08E05,1,2,train
6,54.0,4.1,552,high_amplitude,True,,429.0,0,57,8,development,S057R08E06,1,2,train
7,62.3,4.1,553,high_amplitude,True,,650.0,1,57,8,development,S057R08E07,1,2,train
8,70.6,4.1,554,high_amplitude,True,,641.0,1,57,8,development,S057R08E08,0,2,train
9,78.9,4.1,555,high_amplitude,True,,580.0,0,57,8,development,S057R08E09,0,2,train
10,87.2,4.1,556,high_amplitude,True,,601.9999999999999,1,57,8,development,S057R08E10,1,2,train
11,95.5,4.1,557,high_amplitude,True,,439.0,0,57,8,development,S057R08E11,0,2,train
12,103.8,4.1,558,high_amplitude,True,,647.0,1,57,8,development,S057R08E12,0,2,train
13,112.1,4.1,559,high_amplitude,True,,624.0,0,57,8,development,S057R08E13,1,2,train
14,120.4,4.1,560,high_amplitude,True,,911.0,0,57,8,development,S057R08E14,1,2,train
0,4.2,4.1,561,high_amplitude,True,,250.99999999999997,0,57,12,development,S057R12E00,0,2,train
1,12.5,4.1,562,high_amplitude,True,,323.99999999999994,1,57,12,development,S057R12E01,0,2,train
2,20.8,4.1,563,high_amplitude,True,,686.9999999999999,0,57,12,development,S057R12E02,0,2,train
3,29.1,4.1,564,high_amplitude,True,,724.0,1,57,12,development,S057R12E03,1,2,train
4,37.4,4.1,565,high_amplitude,True,,749.0,1,57,12,development,S057R12E04,1,2,train
5,45.7,4.1,566,high_amplitude,True,,560.0,0,57,12,development,S057R12E05,1,2,train
6,54.0,4.1,567,high_amplitude,True,,551.0,0,57,12,development,S057R12E06,0,2,train
7,62.3,4.1,568,high_amplitude,True,,593.0,1,57,12,development,S057R12E07,1,2,train
8,70.6,4.1,569,high_amplitude,True,,578.0,0,57,12,development,S057R12E08,1,2,train
9,78.9,4.1,570,high_amplitude,True,,649.0,1,57,12,development,S057R12E09,0,2,train
10,87.2,4.1,571,high_amplitude,True,,817.9999999999999,1,57,12,development,S057R12E10,0,2,train
11,95.5,4.1,572,high_amplitude,True,,690.0,0,57,12,development,S057R12E11,0,2,train
12,103.8,4.1,573,high_amplitude,True,,791.0,0,57,12,development,S057R12E12,0,2,train
13,112.1,4.1,574,high_amplitude,True,,551.0,1,57,12,development,S057R12E13,0,2,train
14,120.4,4.1,575,high_amplitude,True,,634.0,0,57,12,development,S057R12E14,0,2,train
0,4.1,4.1,576,high_amplitude,True,,1163.0,0,91,4,development,S091R04E00,0,2,train
1,12.3,4.1,577,high_amplitude,True,,1171.0,1,91,4,development,S091R04E01,0,2,train
2,20.5,4.1,578,high_amplitude,True,,1184.0,0,91,4,development,S091R04E02,0,2,train
3,28.7,4.1,579,high_amplitude,True,,1167.0,1,91,4,development,S091R04E03,1,2,train
4,36.9,4.1,580,high_amplitude,True,,678.0,1,91,4,development,S091R04E04,0,2,train
5,45.1,4.1,581,high_amplitude,True,,1167.9999999999998,0,91,4,development,S091R04E05,0,2,train
6,53.3,4.1,582,high_amplitude,True,,1167.9999999999998,1,91,4,development,S091R04E06,0,2,train
7,61.5,4.1,583,high_amplitude,True,,372.99999999999994,0,91,4,development,S091R04E07,0,2,train
8,69.7,4.1,584,high_amplitude,True,,1191.0,0,91,4,development,S091R04E08,1,2,train
9,77.9,4.1,585,high_amplitude,True,,1173.0,1,91,4,development,S091R04E09,0,2,train
10,86.1,4.1,586,high_amplitude,True,,1180.0,0,91,4,development,S091R04E10,0,2,train
11,94.3,4.1,587,high_amplitude,True,,1183.0,1,91,4,development,S091R04E11,1,2,train
12,102.5,4.1,588,high_amplitude,True,,1196.0,1,91,4,development,S091R04E12,1,2,train
13,110.7,4.1,589,high_amplitude,True,,1171.9999999999998,0,91,4,development,S091R04E13,1,2,train
14,118.9,4.1,590,high_amplitude,True,,1200.9999999999998,0,91,4,development,S091R04E14,0,2,train
0,4.1,4.1,591,high_amplitude,True,,1176.0,0,91,8,development,S091R08E00,1,2,train
1,12.3,4.1,592,high_amplitude,True,,1166.0,1,91,8,development,S091R08E01,1,2,train
2,20.5,4.1,593,high_amplitude,True,,1184.9999999999998,1,91,8,development,S091R08E02,1,2,train
3,28.7,4.1,594,high_amplitude,True,,1176.0,0,91,8,development,S091R08E03,1,2,train
4,36.9,4.1,595,high_amplitude,True,,1187.9999999999998,0,91,8,development,S091R08E04,0,2,train
5,45.1,4.1,596,high_amplitude,True,,1171.0,1,91,8,development,S091R08E05,1,2,train
6,53.3,4.1,597,high_amplitude,True,,1171.0,1,91,8,development,S091R08E06,0,2,train
7,61.5,4.1,598,high_amplitude,True,,1179.0,0,91,8,development,S091R08E07,1,2,train
8,69.7,4.1,599,high_amplitude,True,,1164.0,0,91,8,development,S091R08E08,0,2,train
9,77.9,4.1,600,high_amplitude,True,,1160.0,1,91,8,development,S091R08E09,1,2,train
10,86.1,4.1,601,high_amplitude,True,,1203.0,1,91,8,development,S091R08E10,0,2,train
11,94.3,4.1,602,high_amplitude,True,,1174.0,0,91,8,development,S091R08E11,0,2,train
12,102.5,4.1,603,high_amplitude,True,,1170.0,1,91,8,development,S091R08E12,1,2,train
13,110.7,4.1,604,high_amplitude,True,,1180.0,0,91,8,development,S091R08E13,0,2,train
14,118.9,4.1,605,high_amplitude,True,,1171.0,1,91,8,development,S091R08E14,1,2,train
0,4.1,4.1,606,high_amplitude,True,,1187.0,1,91,12,development,S091R12E00,1,2,train
1,12.3,4.1,607,high_amplitude,True,,1190.0,0,91,12,development,S091R12E01,1,2,train
2,20.5,4.1,608,high_amplitude,True,,1182.0,1,91,12,development,S091R12E02,0,2,train
3,28.7,4.1,609,high_amplitude,True,,1204.0,0,91,12,development,S091R12E03,1,2,train
4,36.9,4.1,610,high_amplitude,True,,1184.9999999999998,0,91,12,development,S091R12E04,1,2,train
5,45.1,4.1,611,high_amplitude,True,,1171.0,1,91,12,development,S091R12E05,0,2,train
6,53.3,4.1,612,high_amplitude,True,,1193.0,1,91,12,development,S091R12E06,1,2,train
7,61.5,4.1,613,high_amplitude,True,,1190.0,0,91,12,development,S091R12E07,0,2,train
8,69.7,4.1,614,high_amplitude,True,,1193.9999999999998,0,91,12,development,S091R12E08,0,2,train
9,77.9,4.1,615,high_amplitude,True,,1179.0,1,91,12,development,S091R12E09,0,2,train
10,86.1,4.1,616,high_amplitude,True,,1202.0,0,91,12,development,S091R12E10,0,2,train
11,94.3,4.1,617,high_amplitude,True,,1192.0,1,91,12,development,S091R12E11,1,2,train
12,102.5,4.1,618,high_amplitude,True,,1186.0,1,91,12,development,S091R12E12,1,2,train
13,110.7,4.1,619,high_amplitude,True,,1184.0,0,91,12,development,S091R12E13,0,2,train
14,118.9,4.1,620,high_amplitude,True,,1214.0,1,91,12,development,S091R12E14,1,2,train
0,4.1,4.1,711,high_amplitude,True,,401.0,1,87,4,development,S087R04E00,1,2,train
1,12.3,4.1,712,high_amplitude,True,,289.0,0,87,4,development,S087R04E01,1,2,train
2,20.5,4.1,713,high_amplitude,True,,318.0,0,87,4,development,S087R04E02,1,2,train
3,28.7,4.1,714,high_amplitude,True,,472.99999999999994,1,87,4,development,S087R04E03,1,2,train
4,36.9,4.1,715,high_amplitude,True,,380.0,0,87,4,development,S087R04E04,1,2,train
5,45.1,4.1,716,high_amplitude,True,,428.0,1,87,4,development,S087R04E05,1,2,train
6,53.3,4.1,717,high_amplitude,True,,505.99999999999994,0,87,4,development,S087R04E06,1,2,train
7,61.5,4.1,718,high_amplitude,True,,746.9999999999999,1,87,4,development,S087R04E07,0,2,train
8,69.7,4.1,719,high_amplitude,True,,392.0,0,87,4,development,S087R04E08,1,2,train
9,77.9,4.1,720,high_amplitude,True,,815.0,1,87,4,development,S087R04E09,1,2,train
10,86.1,4.1,721,high_amplitude,True,,486.0,0,87,4,development,S087R04E10,0,2,train
11,94.3,4.1,722,high_amplitude,True,,330.0,1,87,4,development,S087R04E11,1,2,train
12,102.5,4.1,723,high_amplitude,True,,1050.0,0,87,4,development,S087R04E12,1,2,train
13,110.7,4.1,724,high_amplitude,True,,379.0,1,87,4,development,S087R04E13,1,2,train
14,118.9,4.1,725,high_amplitude,True,,548.0,0,87,4,development,S087R04E14,1,2,train
0,4.1,4.1,726,high_amplitude,True,,278.0,1,87,8,development,S087R08E00,1,2,train
1,12.3,4.1,727,high_amplitude,True,,358.0,0,87,8,development,S087R08E01,0,2,train
2,20.5,4.1,728,high_amplitude,True,,392.0,0,87,8,development,S087R08E02,0,2,train
3,28.7,4.1,729,high_amplitude,True,,384.0,1,87,8,development,S087R08E03,1,2,train
4,36.9,4.1,730,high_amplitude,True,,484.99999999999994,0,87,8,development,S087R08E04,0,2,train
5,45.1,4.1,731,high_amplitude,True,,352.0,1,87,8,development,S087R08E05,1,2,train
6,53.3,4.1,732,high_amplitude,True,,362.0,1,87,8,development,S087R08E06,1,2,train
7,61.5,4.1,733,high_amplitude,True,,383.0,0,87,8,development,S087R08E07,0,2,train
8,69.7,4.1,734,high_amplitude,True,,406.0,0,87,8,development,S087R08E08,0,2,train
9,77.9,4.1,735,high_amplitude,True,,381.0,1,87,8,development,S087R08E09,1,2,train
10,86.1,4.1,736,high_amplitude,True,,341.0,1,87,8,development,S087R08E10,0,2,train
11,94.3,4.1,737,high_amplitude,True,,450.0,0,87,8,development,S087R08E11,0,2,train
12,102.5,4.1,738,high_amplitude,True,,503.0,0,87,8,development,S087R08E12,0,2,train
13,110.7,4.1,739,high_amplitude,True,,457.99999999999994,1,87,8,development,S087R08E13,1,2,train
14,118.9,4.1,740,high_amplitude,True,,436.0,1,87,8,development,S087R08E14,1,2,train
0,4.1,4.1,741,high_amplitude,True,,336.00000000000006,1,87,12,development,S087R12E00,1,2,train
1,12.3,4.1,742,high_amplitude,True,,320.0,0,87,12,development,S087R12E01,0,2,train
2,20.5,4.1,743,high_amplitude,True,,345.0,1,87,12,development,S087R12E02,1,2,train
3,28.7,4.1,744,high_amplitude,True,,619.0,0,87,12,development,S087R12E03,0,2,train
4,36.9,4.1,745,high_amplitude,True,,334.0,0,87,12,development,S087R12E04,1,2,train
5,45.1,4.1,746,high_amplitude,True,,327.0,1,87,12,development,S087R12E05,1,2,train
6,53.3,4.1,747,high_amplitude,True,,910.0,0,87,12,development,S087R12E06,0,2,train
7,61.5,4.1,748,high_amplitude,True,,318.0,1,87,12,development,S087R12E07,1,2,train
8,69.7,4.1,749,high_amplitude,True,,355.0,1,87,12,development,S087R12E08,1,2,train
9,77.9,4.1,750,high_amplitude,True,,387.0,0,87,12,development,S087R12E09,0,2,train
10,86.1,4.1,751,high_amplitude,True,,375.0,1,87,12,development,S087R12E10,1,2,train
11,94.3,4.1,752,high_amplitude,True,,352.0,0,87,12,development,S087R12E11,0,2,train
12,102.5,4.1,753,high_amplitude,True,,567.0,1,87,12,development,S087R12E12,1,2,train
13,110.7,4.1,754,high_amplitude,True,,445.0,0,87,12,development,S087R12E13,0,2,train
14,118.9,4.1,755,high_amplitude,True,,388.0,1,87,12,development,S087R12E14,0,2,train
0,4.2,4.1,846,ok,False,,141.99999999999997,0,73,4,development,S073R04E00,1,2,train
1,12.4,4.1,847,high_amplitude,True,,203.0,1,73,4,development,S073R04E01,1,2,train
2,20.6,4.1,848,ok,False,,163.99999999999997,0,73,4,development,S073R04E02,0,2,train
3,28.8,4.1,849,high_amplitude,True,,234.0,1,73,4,development,S073R04E03,1,2,train
4,37.0,4.1,850,high_amplitude,True,,236.0,0,73,4,development,S073R04E04,0,2,train
5,45.2,4.1,851,high_amplitude,True,,238.99999999999997,1,73,4,development,S073R04E05,1,2,train
6,53.4,4.1,852,high_amplitude,True,,230.0,1,73,4,development,S073R04E06,1,2,train
7,61.6,4.1,853,ok,False,,119.0,0,73,4,development,S073R04E07,0,2,train
8,69.8,4.1,854,ok,False,,99.0,0,73,4,development,S073R04E08,0,2,train
9,78.0,4.1,855,high_amplitude,True,,217.00000000000003,1,73,4,development,S073R04E09,1,2,train
10,86.2,4.1,856,high_amplitude,True,,241.0,1,73,4,development,S073R04E10,0,2,train
11,94.4,4.1,857,ok,False,,169.99999999999997,0,73,4,development,S073R04E11,1,2,train
12,102.6,4.1,858,high_amplitude,True,,257.0,0,73,4,development,S073R04E12,0,2,train
13,110.8,4.1,859,high_amplitude,True,,248.0,1,73,4,development,S073R04E13,1,2,train
14,119.0,4.0,860,high_amplitude,True,,247.0,0,73,4,development,S073R04E14,1,2,train
0,4.2,4.1,861,high_amplitude,True,,223.0,1,73,8,development,S073R08E00,0,2,train
1,12.4,4.1,862,high_amplitude,True,,210.0,0,73,8,development,S073R08E01,0,2,train
2,20.6,4.1,863,high_amplitude,True,,260.0,1,73,8,development,S073R08E02,1,2,train
3,28.8,4.1,864,ok,False,,177.0,0,73,8,development,S073R08E03,0,2,train
4,37.0,4.1,865,high_amplitude,True,,220.99999999999997,0,73,8,development,S073R08E04,0,2,train
5,45.2,4.1,866,high_amplitude,True,,201.99999999999997,1,73,8,development,S073R08E05,1,2,train
6,53.4,4.1,867,high_amplitude,True,,219.0,1,73,8,development,S073R08E06,1,2,train
7,61.6,4.1,868,high_amplitude,True,,234.0,0,73,8,development,S073R08E07,0,2,train
8,69.8,4.1,869,high_amplitude,True,,247.99999999999991,1,73,8,development,S073R08E08,1,2,train
9,78.0,4.1,870,ok,False,,147.0,0,73,8,development,S073R08E09,1,2,train
10,86.2,4.1,871,high_amplitude,True,,239.99999999999997,0,73,8,development,S073R08E10,0,2,train
11,94.4,4.1,872,high_amplitude,True,,221.99999999999997,1,73,8,development,S073R08E11,0,2,train
12,102.6,4.1,873,high_amplitude,True,,213.0,1,73,8,development,S073R08E12,0,2,train
13,110.8,4.1,874,high_amplitude,True,,222.0,0,73,8,development,S073R08E13,0,2,train
14,119.0,4.0,875,ok,False,,185.0,0,73,8,development,S073R08E14,0,2,train
0,4.2,4.1,876,high_amplitude,True,,222.0,0,73,12,development,S073R12E00,0,2,train
1,12.4,4.1,877,high_amplitude,True,,223.99999999999997,1,73,12,development,S073R12E01,1,2,train
2,20.6,4.1,878,high_amplitude,True,,214.99999999999997,0,73,12,development,S073R12E02,0,2,train
3,28.8,4.1,879,high_amplitude,True,,259.0,1,73,12,development,S073R12E03,0,2,train
4,37.0,4.1,880,high_amplitude,True,,221.99999999999997,0,73,12,development,S073R12E04,1,2,train
5,45.2,4.1,881,high_amplitude,True,,232.99999999999997,1,73,12,development,S073R12E05,0,2,train
6,53.4,4.1,882,high_amplitude,True,,228.0,1,73,12,development,S073R12E06,0,2,train
7,61.6,4.1,883,ok,False,,152.0,0,73,12,development,S073R12E07,0,2,train
8,69.8,4.1,884,high_amplitude,True,,224.0,1,73,12,development,S073R12E08,0,2,train
9,78.0,4.1,885,high_amplitude,True,,219.0,0,73,12,development,S073R12E09,0,2,train
10,86.2,4.1,886,high_amplitude,True,,226.0,1,73,12,development,S073R12E10,1,2,train
11,94.4,4.1,887,high_amplitude,True,,212.0,0,73,12,development,S073R12E11,0,2,train
12,102.6,4.1,888,high_amplitude,True,,228.99999999999997,0,73,12,development,S073R12E12,1,2,train
13,110.8,4.1,889,ok,False,,199.99999999999997,1,73,12,development,S073R12E13,0,2,train
14,119.0,4.0,890,ok,False,,170.0,1,73,12,development,S073R12E14,1,2,train
0,4.2,4.1,891,high_amplitude,True,,1031.0,0,101,4,development,S101R04E00,1,2,train
1,12.5,4.1,892,high_amplitude,True,,393.0,1,101,4,development,S101R04E01,1,2,train
2,20.8,4.1,893,high_amplitude,True,,821.0,1,101,4,development,S101R04E02,1,2,train
3,29.1,4.1,894,high_amplitude,True,,446.0,0,101,4,development,S101R04E03,0,2,train
4,37.4,4.1,895,high_amplitude,True,,442.0,1,101,4,development,S101R04E04,0,2,train
5,45.7,4.1,896,high_amplitude,True,,357.0,0,101,4,development,S101R04E05,1,2,train
6,54.0,4.1,897,high_amplitude,True,,457.0,1,101,4,development,S101R04E06,1,2,train
7,62.3,4.1,898,high_amplitude,True,,349.0,0,101,4,development,S101R04E07,0,2,train
8,70.6,4.1,899,high_amplitude,True,,324.0,1,101,4,development,S101R04E08,0,2,train
9,78.9,4.1,900,high_amplitude,True,,461.99999999999994,0,101,4,development,S101R04E09,1,2,train
10,87.2,4.1,901,high_amplitude,True,,321.0,0,101,4,development,S101R04E10,1,2,train
11,95.5,4.1,902,high_amplitude,True,,356.0,1,101,4,development,S101R04E11,1,2,train
12,103.8,4.1,903,high_amplitude,True,,349.0,1,101,4,development,S101R04E12,1,2,train
13,112.1,4.1,904,high_amplitude,True,,310.99999999999994,0,101,4,development,S101R04E13,0,2,train
14,120.4,4.1,905,high_amplitude,True,,513.9999999999999,0,101,4,development,S101R04E14,0,2,train
0,4.2,4.1,906,high_amplitude,True,,407.0,1,101,8,development,S101R08E00,0,2,train
1,12.5,4.1,907,high_amplitude,True,,323.0,0,101,8,development,S101R08E01,1,2,train
2,20.8,4.1,908,high_amplitude,True,,357.0,0,101,8,development,S101R08E02,1,2,train
3,29.1,4.1,909,high_amplitude,True,,349.0,1,101,8,development,S101R08E03,0,2,train
4,37.4,4.1,910,high_amplitude,True,,291.0,1,101,8,development,S101R08E04,0,2,train
5,45.7,4.1,911,high_amplitude,True,,338.0,0,101,8,development,S101R08E05,0,2,train
6,54.0,4.1,912,high_amplitude,True,,349.99999999999994,0,101,8,development,S101R08E06,1,2,train
7,62.3,4.1,913,high_amplitude,True,,323.0,1,101,8,development,S101R08E07,0,2,train
8,70.6,4.1,914,high_amplitude,True,,423.0,1,101,8,development,S101R08E08,0,2,train
9,78.9,4.1,915,high_amplitude,True,,343.0,0,101,8,development,S101R08E09,0,2,train
10,87.2,4.1,916,high_amplitude,True,,383.0,1,101,8,development,S101R08E10,1,2,train
11,95.5,4.1,917,high_amplitude,True,,307.0,0,101,8,development,S101R08E11,0,2,train
12,103.8,4.1,918,high_amplitude,True,,335.0,1,101,8,development,S101R08E12,0,2,train
13,112.1,4.1,919,high_amplitude,True,,318.00000000000006,0,101,8,development,S101R08E13,0,2,train
14,120.4,4.1,920,high_amplitude,True,,381.0,1,101,8,development,S101R08E14,1,2,train
0,4.2,4.1,921,high_amplitude,True,,350.0,0,101,12,development,S101R12E00,0,2,train
1,12.5,4.1,922,high_amplitude,True,,326.0,1,101,12,development,S101R12E01,1,2,train
2,20.8,4.1,923,high_amplitude,True,,285.0,0,101,12,development,S101R12E02,0,2,train
3,29.1,4.1,924,high_amplitude,True,,323.99999999999994,1,101,12,development,S101R12E03,0,2,train
4,37.4,4.1,925,high_amplitude,True,,354.99999999999994,1,101,12,development,S101R12E04,0,2,train
5,45.7,4.1,926,high_amplitude,True,,354.99999999999994,0,101,12,development,S101R12E05,0,2,train
6,54.0,4.1,927,high_amplitude,True,,277.0,1,101,12,development,S101R12E06,1,2,train
7,62.3,4.1,928,high_amplitude,True,,314.99999999999994,0,101,12,development,S101R12E07,0,2,train
8,70.6,4.1,929,high_amplitude,True,,331.0,1,101,12,development,S101R12E08,1,2,train
9,78.9,4.1,930,high_amplitude,True,,286.0,0,101,12,development,S101R12E09,0,2,train
10,87.2,4.1,931,high_amplitude,True,,336.99999999999994,1,101,12,development,S101R12E10,1,2,train
11,95.5,4.1,932,high_amplitude,True,,274.99999999999994,0,101,12,development,S101R12E11,0,2,train
12,103.8,4.1,933,high_amplitude,True,,301.99999999999994,0,101,12,development,S101R12E12,0,2,train
13,112.1,4.1,934,high_amplitude,True,,285.0,1,101,12,development,S101R12E13,1,2,train
14,120.4,4.1,935,high_amplitude,True,,298.0,1,101,12,development,S101R12E14,0,2,train
0,4.1,4.1,936,high_amplitude,True,,254.0,1,26,4,development,S026R04E00,1,2,train
1,12.3,4.1,937,high_amplitude,True,,246.00000000000003,0,26,4,development,S026R04E01,0,2,train
2,20.5,4.1,938,high_amplitude,True,,250.99999999999997,1,26,4,development,S026R04E02,1,2,train
3,28.7,4.1,939,ok,False,,154.0,0,26,4,development,S026R04E03,0,2,train
4,36.9,4.1,940,ok,False,,196.0,1,26,4,development,S026R04E04,1,2,train
5,45.1,4.1,941,ok,False,,134.99999999999997,0,26,4,development,S026R04E05,1,2,train
6,53.3,4.1,942,high_amplitude,True,,231.0,0,26,4,development,S026R04E06,1,2,train
7,61.5,4.1,943,high_amplitude,True,,301.0,1,26,4,development,S026R04E07,1,2,train
8,69.7,4.1,944,high_amplitude,True,,239.0,0,26,4,development,S026R04E08,1,2,train
9,77.9,4.1,945,high_amplitude,True,,255.00000000000003,1,26,4,development,S026R04E09,1,2,train
10,86.1,4.1,946,high_amplitude,True,,248.99999999999997,0,26,4,development,S026R04E10,0,2,train
11,94.3,4.1,947,ok,False,,194.0,1,26,4,development,S026R04E11,1,2,train
12,102.5,4.1,948,high_amplitude,True,,246.00000000000003,1,26,4,development,S026R04E12,1,2,train
13,110.7,4.1,949,ok,False,,126.0,0,26,4,development,S026R04E13,0,2,train
14,118.9,4.1,950,high_amplitude,True,,234.99999999999997,0,26,4,development,S026R04E14,0,2,train
0,4.1,4.1,951,high_amplitude,True,,243.0,0,26,8,development,S026R08E00,0,2,train
1,12.3,4.1,952,ok,False,,91.0,1,26,8,development,S026R08E01,0,2,train
2,20.5,4.1,953,high_amplitude,True,,237.00000000000003,0,26,8,development,S026R08E02,0,2,train
3,28.7,4.1,954,high_amplitude,True,,250.0,1,26,8,development,S026R08E03,0,2,train
4,36.9,4.1,955,ok,False,,114.0,1,26,8,development,S026R08E04,0,2,train
5,45.1,4.1,956,ok,False,,105.0,0,26,8,development,S026R08E05,0,2,train
6,53.3,4.1,957,high_amplitude,True,,239.99999999999997,1,26,8,development,S026R08E06,0,2,train
7,61.5,4.1,958,high_amplitude,True,,245.0,0,26,8,development,S026R08E07,0,2,train
8,69.7,4.1,959,ok,False,,102.0,1,26,8,development,S026R08E08,0,2,train
9,77.9,4.1,960,ok,False,,124.0,0,26,8,development,S026R08E09,0,2,train
10,86.1,4.1,961,ok,False,,118.0,1,26,8,development,S026R08E10,1,2,train
11,94.3,4.1,962,ok,False,,128.0,0,26,8,development,S026R08E11,0,2,train
12,102.5,4.1,963,high_amplitude,True,,251.00000000000003,1,26,8,development,S026R08E12,0,2,train
13,110.7,4.1,964,high_amplitude,True,,225.0,0,26,8,development,S026R08E13,0,2,train
14,118.9,4.1,965,high_amplitude,True,,236.0,0,26,8,development,S026R08E14,0,2,train
0,4.1,4.1,966,ok,False,,113.0,0,26,12,development,S026R12E00,0,2,train
1,12.3,4.1,967,high_amplitude,True,,260.0,1,26,12,development,S026R12E01,1,2,train
2,20.5,4.1,968,high_amplitude,True,,239.99999999999997,1,26,12,development,S026R12E02,1,2,train
3,28.7,4.1,969,ok,False,,195.0,0,26,12,development,S026R12E03,0,2,train
4,36.9,4.1,970,ok,False,,85.0,1,26,12,development,S026R12E04,1,2,train
5,45.1,4.1,971,ok,False,,98.0,0,26,12,development,S026R12E05,0,2,train
6,53.3,4.1,972,high_amplitude,True,,245.0,0,26,12,development,S026R12E06,0,2,train
7,61.5,4.1,973,high_amplitude,True,,212.0,1,26,12,development,S026R12E07,1,2,train
8,69.7,4.1,974,high_amplitude,True,,236.0,0,26,12,development,S026R12E08,0,2,train
9,77.9,4.1,975,high_amplitude,True,,217.00000000000003,1,26,12,development,S026R12E09,0,2,train
10,86.1,4.1,976,high_amplitude,True,,237.00000000000003,0,26,12,development,S026R12E10,0,2,train
11,94.3,4.1,977,high_amplitude,True,,223.0,1,26,12,development,S026R12E11,0,2,train
12,102.5,4.1,978,high_amplitude,True,,241.0,0,26,12,development,S026R12E12,0,2,train
13,110.7,4.1,979,high_amplitude,True,,222.0,1,26,12,development,S026R12E13,0,2,train
14,118.9,4.1,980,high_amplitude,True,,255.00000000000003,0,26,12,development,S026R12E14,0,2,train
0,4.1,4.1,981,high_amplitude,True,,492.99999999999994,0,59,4,development,S059R04E00,0,2,train
1,12.3,4.1,982,high_amplitude,True,,701.0,1,59,4,development,S059R04E01,0,2,train
2,20.5,4.1,983,high_amplitude,True,,539.0,0,59,4,development,S059R04E02,0,2,train
3,28.7,4.1,984,high_amplitude,True,,915.0,1,59,4,development,S059R04E03,0,2,train
4,36.9,4.1,985,high_amplitude,True,,1125.9999999999998,0,59,4,development,S059R04E04,0,2,train
5,45.1,4.1,986,high_amplitude,True,,461.0,1,59,4,development,S059R04E05,0,2,train
6,53.3,4.1,987,high_amplitude,True,,1217.0,0,59,4,development,S059R04E06,0,2,train
7,61.5,4.1,988,high_amplitude,True,,1374.0,1,59,4,development,S059R04E07,1,2,train
8,69.7,4.1,989,high_amplitude,True,,917.0,1,59,4,development,S059R04E08,1,2,train
9,77.9,4.1,990,high_amplitude,True,,514.9999999999999,0,59,4,development,S059R04E09,1,2,train
10,86.1,4.1,991,high_amplitude,True,,1043.9999999999998,0,59,4,development,S059R04E10,1,2,train
11,94.3,4.1,992,high_amplitude,True,,1158.9999999999998,1,59,4,development,S059R04E11,0,2,train
12,102.5,4.1,993,high_amplitude,True,,1006.0,1,59,4,development,S059R04E12,0,2,train
13,110.7,4.1,994,high_amplitude,True,,824.0,0,59,4,development,S059R04E13,1,2,train
14,118.9,4.1,995,high_amplitude,True,,944.0,0,59,4,development,S059R04E14,0,2,train
0,4.1,4.1,996,high_amplitude,True,,767.0,0,59,8,development,S059R08E00,1,2,train
1,12.3,4.1,997,high_amplitude,True,,457.0,1,59,8,development,S059R08E01,1,2,train
2,20.5,4.1,998,high_amplitude,True,,963.0,1,59,8,development,S059R08E02,1,2,train
3,28.7,4.1,999,high_amplitude,True,,928.0,0,59,8,development,S059R08E03,1,2,train
4,36.9,4.1,1000,high_amplitude,True,,728.9999999999999,0,59,8,development,S059R08E04,0,2,train
5,45.1,4.1,1001,high_amplitude,True,,407.0,1,59,8,development,S059R08E05,0,2,train
6,53.3,4.1,1002,high_amplitude,True,,1014.0,0,59,8,development,S059R08E06,1,2,train
7,61.5,4.1,1003,high_amplitude,True,,1131.0,1,59,8,development,S059R08E07,1,2,train
8,69.7,4.1,1004,high_amplitude,True,,1134.0,0,59,8,development,S059R08E08,0,2,train
9,77.9,4.1,1005,high_amplitude,True,,1197.9999999999998,1,59,8,development,S059R08E09,0,2,train
10,86.1,4.1,1006,high_amplitude,True,,1050.0,0,59,8,development,S059R08E10,1,2,train
11,94.3,4.1,1007,high_amplitude,True,,465.0,1,59,8,development,S059R08E11,0,2,train
12,102.5,4.1,1008,high_amplitude,True,,545.0,0,59,8,development,S059R08E12,0,2,train
13,110.7,4.1,1009,high_amplitude,True,,887.0,1,59,8,development,S059R08E13,0,2,train
14,118.9,4.1,1010,high_amplitude,True,,952.0,0,59,8,development,S059R08E14,1,2,train
0,4.1,4.1,1011,high_amplitude,True,,1183.0,1,59,12,development,S059R12E00,1,2,train
1,12.3,4.1,1012,high_amplitude,True,,506.99999999999994,0,59,12,development,S059R12E01,0,2,train
2,20.5,4.1,1013,high_amplitude,True,,1044.0,1,59,12,development,S059R12E02,1,2,train
3,28.7,4.1,1014,high_amplitude,True,,354.99999999999994,0,59,12,development,S059R12E03,0,2,train
4,36.9,4.1,1015,high_amplitude,True,,1357.0,1,59,12,development,S059R12E04,1,2,train
5,45.1,4.1,1016,high_amplitude,True,,821.9999999999999,0,59,12,development,S059R12E05,0,2,train
6,53.3,4.1,1017,high_amplitude,True,,875.9999999999999,1,59,12,development,S059R12E06,0,2,train
7,61.5,4.1,1018,high_amplitude,True,,1017.9999999999998,0,59,12,development,S059R12E07,1,2,train
8,69.7,4.1,1019,high_amplitude,True,,1128.0,1,59,12,development,S059R12E08,1,2,train
9,77.9,4.1,1020,high_amplitude,True,,933.0,0,59,12,development,S059R12E09,1,2,train
10,86.1,4.1,1021,high_amplitude,True,,741.9999999999999,1,59,12,development,S059R12E10,0,2,train
11,94.3,4.1,1022,high_amplitude,True,,916.0,0,59,12,development,S059R12E11,0,2,train
12,102.5,4.1,1023,high_amplitude,True,,1042.0,0,59,12,development,S059R12E12,0,2,train
13,110.7,4.1,1024,high_amplitude,True,,1149.0,1,59,12,development,S059R12E13,1,2,train
14,118.9,4.1,1025,high_amplitude,True,,759.9999999999999,0,59,12,development,S059R12E14,1,2,train
0,4.1,4.15,1026,ok,False,,64.0,0,89,4,development,S089R04E00,0,2,train
1,12.3,4.15,1027,high_amplitude,True,,207.0,1,89,4,development,S089R04E01,0,2,train
2,20.5,4.15,1028,ok,False,,77.0,0,89,4,development,S089R04E02,0,2,train
3,28.7,4.15,1029,ok,False,,66.0,1,89,4,development,S089R04E03,1,2,train
4,36.9,4.15,1030,ok,False,,75.0,0,89,4,development,S089R04E04,0,2,train
5,45.1,4.15,1031,ok,False,,64.0,1,89,4,development,S089R04E05,0,2,train
6,53.3,4.15,1032,ok,False,,70.99999999999999,0,89,4,development,S089R04E06,0,2,train
7,61.5,4.15,1033,ok,False,,72.99999999999999,1,89,4,development,S089R04E07,0,2,train
8,69.7,4.15,1034,ok,False,,82.99999999999999,1,89,4,development,S089R04E08,0,2,train
9,77.9,4.15,1035,ok,False,,82.0,0,89,4,development,S089R04E09,0,2,train
10,86.1,4.15,1036,ok,False,,76.0,1,89,4,development,S089R04E10,0,2,train
11,94.3,4.15,1037,ok,False,,73.0,0,89,4,development,S089R04E11,1,2,train
12,102.5,4.15,1038,high_amplitude,True,,232.0,0,89,4,development,S089R04E12,0,2,train
13,110.7,4.15,1039,ok,False,,125.0,1,89,4,development,S089R04E13,0,2,train
14,118.9,4.1,1040,high_amplitude,True,,205.0,0,89,4,development,S089R04E14,0,2,train
0,4.1,4.15,1041,ok,False,,69.0,0,89,8,development,S089R08E00,1,2,train
1,12.3,4.15,1042,ok,False,,46.0,1,89,8,development,S089R08E01,1,2,train
2,20.5,4.15,1043,high_amplitude,True,,201.99999999999997,1,89,8,development,S089R08E02,0,2,train
3,28.7,4.15,1044,high_amplitude,True,,214.0,0,89,8,development,S089R08E03,0,2,train
4,36.9,4.15,1045,ok,False,,192.99999999999997,1,89,8,development,S089R08E04,0,2,train
5,45.1,4.15,1046,ok,False,,195.0,0,89,8,development,S089R08E05,1,2,train
6,53.3,4.15,1047,ok,False,,172.99999999999997,1,89,8,development,S089R08E06,0,2,train
7,61.5,4.15,1048,high_amplitude,True,,201.99999999999997,0,89,8,development,S089R08E07,0,2,train
8,69.7,4.15,1049,high_amplitude,True,,201.99999999999997,0,89,8,development,S089R08E08,0,2,train
9,77.9,4.15,1050,ok,False,,179.99999999999997,1,89,8,development,S089R08E09,0,2,train
10,86.1,4.15,1051,high_amplitude,True,,207.0,0,89,8,development,S089R08E10,0,2,train
11,94.3,4.15,1052,ok,False,,191.0,1,89,8,development,S089R08E11,1,2,train
12,102.5,4.15,1053,ok,False,,174.99999999999997,1,89,8,development,S089R08E12,1,2,train
13,110.7,4.15,1054,high_amplitude,True,,210.99999999999997,0,89,8,development,S089R08E13,1,2,train
14,118.9,4.1,1055,high_amplitude,True,,207.0,0,89,8,development,S089R08E14,1,2,train
0,4.1,4.15,1056,high_amplitude,True,,227.0,0,89,12,development,S089R12E00,1,2,train
1,12.3,4.15,1057,ok,False,,189.0,1,89,12,development,S089R12E01,0,2,train
2,20.5,4.15,1058,high_amplitude,True,,207.0,0,89,12,development,S089R12E02,0,2,train
3,28.7,4.15,1059,high_amplitude,True,,222.99999999999997,1,89,12,development,S089R12E03,1,2,train
4,36.9,4.15,1060,high_amplitude,True,,207.0,0,89,12,development,S089R12E04,0,2,train
5,45.1,4.15,1061,high_amplitude,True,,212.0,1,89,12,development,S089R12E05,1,2,train
6,53.3,4.15,1062,ok,False,,163.0,1,89,12,development,S089R12E06,1,2,train
7,61.5,4.15,1063,high_amplitude,True,,215.0,0,89,12,development,S089R12E07,0,2,train
8,69.7,4.15,1064,ok,False,,161.0,0,89,12,development,S089R12E08,1,2,train
9,77.9,4.15,1065,high_amplitude,True,,221.99999999999997,1,89,12,development,S089R12E09,1,2,train
10,86.1,4.15,1066,high_amplitude,True,,208.0,0,89,12,development,S089R12E10,1,2,train
11,94.3,4.15,1067,high_amplitude,True,,217.0,1,89,12,development,S089R12E11,0,2,train
12,102.5,4.15,1068,high_amplitude,True,,208.99999999999997,0,89,12,development,S089R12E12,0,2,train
13,110.7,4.15,1069,high_amplitude,True,,202.0,1,89,12,development,S089R12E13,1,2,train
14,118.9,4.1,1070,ok,False,,172.0,0,89,12,development,S089R12E14,0,2,train
0,4.1,4.1,1071,high_amplitude,True,,399.00000000000006,1,68,4,development,S068R04E00,1,2,train
1,12.3,4.1,1072,high_amplitude,True,,491.0,0,68,4,development,S068R04E01,0,2,train
2,20.5,4.1,1073,high_amplitude,True,,785.0,0,68,4,development,S068R04E02,0,2,train
3,28.7,4.1,1074,high_amplitude,True,,454.0,1,68,4,development,S068R04E03,0,2,train
4,36.9,4.1,1075,high_amplitude,True,,692.9999999999999,1,68,4,development,S068R04E04,1,2,train
5,45.1,4.1,1076,high_amplitude,True,,437.0,0,68,4,development,S068R04E05,1,2,train
6,53.3,4.1,1077,high_amplitude,True,,637.0,1,68,4,development,S068R04E06,1,2,train
7,61.5,4.1,1078,high_amplitude,True,,1017.0,0,68,4,development,S068R04E07,0,2,train
8,69.7,4.1,1079,high_amplitude,True,,609.0,1,68,4,development,S068R04E08,0,2,train
9,77.9,4.1,1080,high_amplitude,True,,454.0,0,68,4,development,S068R04E09,0,2,train
10,86.1,4.1,1081,high_amplitude,True,,598.0,0,68,4,development,S068R04E10,0,2,train
11,94.3,4.1,1082,high_amplitude,True,,379.0,1,68,4,development,S068R04E11,1,2,train
12,102.5,4.1,1083,high_amplitude,True,,448.0,1,68,4,development,S068R04E12,1,2,train
13,110.7,4.1,1084,high_amplitude,True,,611.0,0,68,4,development,S068R04E13,0,2,train
14,118.9,4.1,1085,high_amplitude,True,,1092.9999999999998,0,68,4,development,S068R04E14,0,2,train
0,4.1,4.1,1086,high_amplitude,True,,508.0,1,68,8,development,S068R08E00,1,2,train
1,12.3,4.1,1087,high_amplitude,True,,381.0,0,68,8,development,S068R08E01,0,2,train
2,20.5,4.1,1088,high_amplitude,True,,1225.0,1,68,8,development,S068R08E02,1,2,train
3,28.7,4.1,1089,high_amplitude,True,,488.0,0,68,8,development,S068R08E03,0,2,train
4,36.9,4.1,1090,high_amplitude,True,,436.0,0,68,8,development,S068R08E04,1,2,train
5,45.1,4.1,1091,high_amplitude,True,,819.0,1,68,8,development,S068R08E05,1,2,train
6,53.3,4.1,1092,high_amplitude,True,,727.0,1,68,8,development,S068R08E06,0,2,train
7,61.5,4.1,1093,high_amplitude,True,,469.0,0,68,8,development,S068R08E07,0,2,train
8,69.7,4.1,1094,high_amplitude,True,,544.9999999999999,0,68,8,development,S068R08E08,0,2,train
9,77.9,4.1,1095,high_amplitude,True,,496.99999999999994,1,68,8,development,S068R08E09,1,2,train
10,86.1,4.1,1096,high_amplitude,True,,521.0,0,68,8,development,S068R08E10,1,2,train
11,94.3,4.1,1097,high_amplitude,True,,457.99999999999994,1,68,8,development,S068R08E11,0,2,train
12,102.5,4.1,1098,high_amplitude,True,,680.0,1,68,8,development,S068R08E12,1,2,train
13,110.7,4.1,1099,high_amplitude,True,,609.0,0,68,8,development,S068R08E13,0,2,train
14,118.9,4.1,1100,high_amplitude,True,,583.0,1,68,8,development,S068R08E14,1,2,train
0,4.1,4.1,1101,high_amplitude,True,,707.0,0,68,12,development,S068R12E00,0,2,train
1,12.3,4.1,1102,high_amplitude,True,,1222.0,1,68,12,development,S068R12E01,0,2,train
2,20.5,4.1,1103,high_amplitude,True,,1115.9999999999998,0,68,12,development,S068R12E02,1,2,train
3,28.7,4.1,1104,high_amplitude,True,,811.0,1,68,12,development,S068R12E03,0,2,train
4,36.9,4.1,1105,high_amplitude,True,,407.0,1,68,12,development,S068R12E04,0,2,train
5,45.1,4.1,1106,high_amplitude,True,,799.0,0,68,12,development,S068R12E05,0,2,train
6,53.3,4.1,1107,high_amplitude,True,,758.0,0,68,12,development,S068R12E06,0,2,train
7,61.5,4.1,1108,high_amplitude,True,,540.9999999999999,1,68,12,development,S068R12E07,1,2,train
8,69.7,4.1,1109,high_amplitude,True,,421.0,1,68,12,development,S068R12E08,1,2,train
9,77.9,4.1,1110,high_amplitude,True,,799.9999999999999,0,68,12,development,S068R12E09,0,2,train
10,86.1,4.1,1111,high_amplitude,True,,753.0,0,68,12,development,S068R12E10,1,2,train
11,94.3,4.1,1112,high_amplitude,True,,625.9999999999999,1,68,12,development,S068R12E11,1,2,train
12,102.5,4.1,1113,high_amplitude,True,,735.0,0,68,12,development,S068R12E12,0,2,train
13,110.7,4.1,1114,high_amplitude,True,,766.9999999999999,1,68,12,development,S068R12E13,1,2,train
14,118.9,4.1,1115,high_amplitude,True,,479.99999999999994,1,68,12,development,S068R12E14,1,2,train
0,4.1,4.1,1116,high_amplitude,True,,303.0,0,14,4,development,S014R04E00,0,2,train
1,12.3,4.1,1117,high_amplitude,True,,619.0,1,14,4,development,S014R04E01,0,2,train
2,20.5,4.1,1118,high_amplitude,True,,208.99999999999997,1,14,4,development,S014R04E02,1,2,train
3,28.7,4.1,1119,high_amplitude,True,,294.99999999999994,0,14,4,development,S014R04E03,0,2,train
4,36.9,4.1,1120,high_amplitude,True,,330.0,0,14,4,development,S014R04E04,1,2,train
5,45.1,4.1,1121,high_amplitude,True,,264.0,1,14,4,development,S014R04E05,1,2,train
6,53.3,4.1,1122,high_amplitude,True,,235.0,1,14,4,development,S014R04E06,1,2,train
7,61.5,4.1,1123,high_amplitude,True,,243.0,0,14,4,development,S014R04E07,0,2,train
8,69.7,4.1,1124,high_amplitude,True,,258.0,0,14,4,development,S014R04E08,1,2,train
9,77.9,4.1,1125,high_amplitude,True,,223.0,1,14,4,development,S014R04E09,1,2,train
10,86.1,4.1,1126,high_amplitude,True,,216.0,0,14,4,development,S014R04E10,1,2,train
11,94.3,4.1,1127,high_amplitude,True,,237.00000000000003,1,14,4,development,S014R04E11,1,2,train
12,102.5,4.1,1128,high_amplitude,True,,237.99999999999997,0,14,4,development,S014R04E12,0,2,train
13,110.7,4.1,1129,high_amplitude,True,,370.0,1,14,4,development,S014R04E13,1,2,train
14,118.9,4.1,1130,ok,False,,196.0,1,14,4,development,S014R04E14,1,2,train
0,4.1,4.1,1131,high_amplitude,True,,255.00000000000003,0,14,8,development,S014R08E00,0,2,train
1,12.3,4.1,1132,high_amplitude,True,,296.99999999999994,1,14,8,development,S014R08E01,1,2,train
2,20.5,4.1,1133,high_amplitude,True,,397.0,0,14,8,development,S014R08E02,0,2,train
3,28.7,4.1,1134,high_amplitude,True,,274.0,1,14,8,development,S014R08E03,1,2,train
4,36.9,4.1,1135,high_amplitude,True,,291.0,0,14,8,development,S014R08E04,1,2,train
5,45.1,4.1,1136,ok,False,,199.0,1,14,8,development,S014R08E05,1,2,train
6,53.3,4.1,1137,high_amplitude,True,,606.0,1,14,8,development,S014R08E06,1,2,train
7,61.5,4.1,1138,high_amplitude,True,,265.0,0,14,8,development,S014R08E07,0,2,train
8,69.7,4.1,1139,high_amplitude,True,,234.0,0,14,8,development,S014R08E08,0,2,train
9,77.9,4.1,1140,high_amplitude,True,,534.0,1,14,8,development,S014R08E09,1,2,train
10,86.1,4.1,1141,high_amplitude,True,,208.00000000000003,0,14,8,development,S014R08E10,0,2,train
11,94.3,4.1,1142,high_amplitude,True,,614.0,1,14,8,development,S014R08E11,0,2,train
12,102.5,4.1,1143,high_amplitude,True,,237.99999999999997,0,14,8,development,S014R08E12,1,2,train
13,110.7,4.1,1144,high_amplitude,True,,365.0,1,14,8,development,S014R08E13,1,2,train
14,118.9,4.1,1145,high_amplitude,True,,387.0,1,14,8,development,S014R08E14,1,2,train
0,4.1,4.1,1146,high_amplitude,True,,287.99999999999994,1,14,12,development,S014R12E00,0,2,train
1,12.3,4.1,1147,high_amplitude,True,,252.99999999999997,0,14,12,development,S014R12E01,0,2,train
2,20.5,4.1,1148,high_amplitude,True,,247.99999999999991,0,14,12,development,S014R12E02,0,2,train
3,28.7,4.1,1149,high_amplitude,True,,299.0,1,14,12,development,S014R12E03,0,2,train
4,36.9,4.1,1150,high_amplitude,True,,256.0,0,14,12,development,S014R12E04,0,2,train
5,45.1,4.1,1151,high_amplitude,True,,611.0,1,14,12,development,S014R12E05,0,2,train
6,53.3,4.1,1152,high_amplitude,True,,605.0,0,14,12,development,S014R12E06,0,2,train
7,61.5,4.1,1153,high_amplitude,True,,274.0,1,14,12,development,S014R12E07,0,2,train
8,69.7,4.1,1154,high_amplitude,True,,381.99999999999994,0,14,12,development,S014R12E08,1,2,train
9,77.9,4.1,1155,high_amplitude,True,,487.0,1,14,12,development,S014R12E09,0,2,train
10,86.1,4.1,1156,high_amplitude,True,,298.0,0,14,12,development,S014R12E10,0,2,train
11,94.3,4.1,1157,high_amplitude,True,,251.00000000000003,1,14,12,development,S014R12E11,0,2,train
12,102.5,4.1,1158,high_amplitude,True,,367.00000000000006,0,14,12,development,S014R12E12,1,2,train
13,110.7,4.1,1159,high_amplitude,True,,307.0,1,14,12,development,S014R12E13,1,2,train
14,118.9,4.1,1160,high_amplitude,True,,396.0,0,14,12,development,S014R12E14,0,2,train
0,4.1,4.1,1161,high_amplitude,True,,665.9999999999999,1,39,4,development,S039R04E00,0,2,train
1,12.3,4.1,1162,high_amplitude,True,,465.0,0,39,4,development,S039R04E01,0,2,train
2,20.5,4.1,1163,high_amplitude,True,,414.0,1,39,4,development,S039R04E02,0,2,train
3,28.7,4.1,1164,high_amplitude,True,,735.0,0,39,4,development,S039R04E03,0,2,train
4,36.9,4.1,1165,high_amplitude,True,,740.0,0,39,4,development,S039R04E04,0,2,train
5,45.1,4.1,1166,high_amplitude,True,,1072.0,1,39,4,development,S039R04E05,1,2,train
6,53.3,4.1,1167,high_amplitude,True,,625.0,0,39,4,development,S039R04E06,0,2,train
7,61.5,4.1,1168,high_amplitude,True,,525.0,1,39,4,development,S039R04E07,1,2,train
8,69.7,4.1,1169,high_amplitude,True,,539.0,1,39,4,development,S039R04E08,0,2,train
9,77.9,4.1,1170,high_amplitude,True,,838.9999999999999,0,39,4,development,S039R04E09,0,2,train
10,86.1,4.1,1171,high_amplitude,True,,665.0,0,39,4,development,S039R04E10,1,2,train
11,94.3,4.1,1172,high_amplitude,True,,531.9999999999999,1,39,4,development,S039R04E11,1,2,train
12,102.5,4.1,1173,high_amplitude,True,,598.0,1,39,4,development,S039R04E12,1,2,train
13,110.7,4.1,1174,high_amplitude,True,,601.0,0,39,4,development,S039R04E13,1,2,train
14,118.9,4.1,1175,high_amplitude,True,,925.0,0,39,4,development,S039R04E14,0,2,train
0,4.1,4.1,1176,high_amplitude,True,,802.9999999999999,1,39,8,development,S039R08E00,0,2,train
1,12.3,4.1,1177,high_amplitude,True,,1056.0,0,39,8,development,S039R08E01,0,2,train
2,20.5,4.1,1178,high_amplitude,True,,978.0,1,39,8,development,S039R08E02,1,2,train
3,28.7,4.1,1179,high_amplitude,True,,1063.9999999999998,0,39,8,development,S039R08E03,1,2,train
4,36.9,4.1,1180,high_amplitude,True,,1229.0,1,39,8,development,S039R08E04,1,2,train
5,45.1,4.1,1181,high_amplitude,True,,777.9999999999999,0,39,8,development,S039R08E05,0,2,train
6,53.3,4.1,1182,high_amplitude,True,,1020.0,1,39,8,development,S039R08E06,0,2,train
7,61.5,4.1,1183,high_amplitude,True,,937.0,0,39,8,development,S039R08E07,0,2,train
8,69.7,4.1,1184,high_amplitude,True,,962.0,1,39,8,development,S039R08E08,0,2,train
9,77.9,4.1,1185,high_amplitude,True,,1060.0,0,39,8,development,S039R08E09,0,2,train
10,86.1,4.1,1186,high_amplitude,True,,708.0,1,39,8,development,S039R08E10,1,2,train
11,94.3,4.1,1187,high_amplitude,True,,900.0,0,39,8,development,S039R08E11,0,2,train
12,102.5,4.1,1188,high_amplitude,True,,1264.0,0,39,8,development,S039R08E12,1,2,train
13,110.7,4.1,1189,high_amplitude,True,,743.0,1,39,8,development,S039R08E13,0,2,train
14,118.9,4.1,1190,high_amplitude,True,,1222.0,0,39,8,development,S039R08E14,1,2,train
0,4.1,4.1,1191,high_amplitude,True,,841.9999999999999,0,39,12,development,S039R12E00,0,2,train
1,12.3,4.1,1192,high_amplitude,True,,1158.9999999999998,1,39,12,development,S039R12E01,0,2,train
2,20.5,4.1,1193,high_amplitude,True,,1186.0,1,39,12,development,S039R12E02,1,2,train
3,28.7,4.1,1194,high_amplitude,True,,1266.0,0,39,12,development,S039R12E03,1,2,train
4,36.9,4.1,1195,high_amplitude,True,,1060.0,1,39,12,development,S039R12E04,0,2,train
5,45.1,4.1,1196,high_amplitude,True,,1034.0,0,39,12,development,S039R12E05,0,2,train
6,53.3,4.1,1197,high_amplitude,True,,717.9999999999999,0,39,12,development,S039R12E06,0,2,train
7,61.5,4.1,1198,high_amplitude,True,,1231.0,1,39,12,development,S039R12E07,1,2,train
8,69.7,4.1,1199,high_amplitude,True,,1167.0,0,39,12,development,S039R12E08,0,2,train
9,77.9,4.1,1200,high_amplitude,True,,902.0,1,39,12,development,S039R12E09,0,2,train
10,86.1,4.1,1201,high_amplitude,True,,606.0,0,39,12,development,S039R12E10,0,2,train
11,94.3,4.1,1202,high_amplitude,True,,1121.0,1,39,12,development,S039R12E11,1,2,train
12,102.5,4.1,1203,high_amplitude,True,,974.0,1,39,12,development,S039R12E12,1,2,train
13,110.7,4.1,1204,high_amplitude,True,,1050.0,0,39,12,development,S039R12E13,1,2,train
14,118.9,4.1,1205,high_amplitude,True,,1194.0,1,39,12,development,S039R12E14,1,2,train
0,4.1,4.1,1206,ok,False,,79.0,1,18,4,development,S018R04E00,0,2,train
1,12.3,4.1,1207,ok,False,,76.0,0,18,4,development,S018R04E01,1,2,train
2,20.5,4.1,1208,ok,False,,87.0,0,18,4,development,S018R04E02,1,2,train
3,28.7,4.1,1209,ok,False,,87.0,1,18,4,development,S018R04E03,1,2,train
4,36.9,4.1,1210,ok,False,,80.99999999999999,0,18,4,development,S018R04E04,1,2,train
5,45.1,4.1,1211,ok,False,,85.0,1,18,4,development,S018R04E05,0,2,train
6,53.3,4.1,1212,ok,False,,89.0,1,18,4,development,S018R04E06,1,2,train
7,61.5,4.1,1213,high_amplitude,True,,233.0,0,18,4,development,S018R04E07,0,2,train
8,69.7,4.1,1214,ok,False,,70.99999999999999,0,18,4,development,S018R04E08,1,2,train
9,77.9,4.1,1215,high_amplitude,True,,234.0,1,18,4,development,S018R04E09,0,2,train
10,86.1,4.1,1216,high_amplitude,True,,217.0,0,18,4,development,S018R04E10,1,2,train
11,94.3,4.1,1217,ok,False,,83.0,1,18,4,development,S018R04E11,1,2,train
12,102.5,4.1,1218,ok,False,,79.0,1,18,4,development,S018R04E12,1,2,train
13,110.7,4.1,1219,high_amplitude,True,,218.0,0,18,4,development,S018R04E13,0,2,train
14,118.9,4.1,1220,ok,False,,166.0,1,18,4,development,S018R04E14,0,2,train
0,4.1,4.1,1221,ok,False,,70.99999999999999,1,18,8,development,S018R08E00,1,2,train
1,12.3,4.1,1222,ok,False,,86.0,0,18,8,development,S018R08E01,0,2,train
2,20.5,4.1,1223,high_amplitude,True,,236.99999999999997,0,18,8,development,S018R08E02,1,2,train
3,28.7,4.1,1224,high_amplitude,True,,208.99999999999997,1,18,8,development,S018R08E03,1,2,train
4,36.9,4.1,1225,high_amplitude,True,,241.0,0,18,8,development,S018R08E04,1,2,train
5,45.1,4.1,1226,ok,False,,110.0,1,18,8,development,S018R08E05,1,2,train
6,53.3,4.1,1227,ok,False,,121.0,0,18,8,development,S018R08E06,1,2,train
7,61.5,4.1,1228,high_amplitude,True,,251.00000000000003,1,18,8,development,S018R08E07,1,2,train
8,69.7,4.1,1229,high_amplitude,True,,252.99999999999997,0,18,8,development,S018R08E08,1,2,train
9,77.9,4.1,1230,high_amplitude,True,,237.99999999999997,1,18,8,development,S018R08E09,1,2,train
10,86.1,4.1,1231,high_amplitude,True,,224.0,0,18,8,development,S018R08E10,0,2,train
11,94.3,4.1,1232,high_amplitude,True,,239.0,1,18,8,development,S018R08E11,0,2,train
12,102.5,4.1,1233,high_amplitude,True,,239.99999999999997,1,18,8,development,S018R08E12,0,2,train
13,110.7,4.1,1234,high_amplitude,True,,237.99999999999997,0,18,8,development,S018R08E13,1,2,train
14,118.9,4.1,1235,high_amplitude,True,,251.00000000000003,0,18,8,development,S018R08E14,0,2,train
0,4.1,4.1,1236,high_amplitude,True,,239.99999999999997,0,18,12,development,S018R12E00,0,2,train
1,12.3,4.1,1237,high_amplitude,True,,252.0,1,18,12,development,S018R12E01,1,2,train
2,20.5,4.1,1238,high_amplitude,True,,228.0,1,18,12,development,S018R12E02,1,2,train
3,28.7,4.1,1239,high_amplitude,True,,219.0,0,18,12,development,S018R12E03,1,2,train
4,36.9,4.1,1240,high_amplitude,True,,239.99999999999997,0,18,12,development,S018R12E04,0,2,train
5,45.1,4.1,1241,high_amplitude,True,,230.99999999999997,1,18,12,development,S018R12E05,0,2,train
6,53.3,4.1,1242,high_amplitude,True,,237.99999999999997,0,18,12,development,S018R12E06,0,2,train
7,61.5,4.1,1243,high_amplitude,True,,243.0,1,18,12,development,S018R12E07,1,2,train
8,69.7,4.1,1244,high_amplitude,True,,237.00000000000003,1,18,12,development,S018R12E08,0,2,train
9,77.9,4.1,1245,high_amplitude,True,,237.99999999999997,0,18,12,development,S018R12E09,1,2,train
10,86.1,4.1,1246,high_amplitude,True,,248.0,1,18,12,development,S018R12E10,1,2,train
11,94.3,4.1,1247,high_amplitude,True,,230.0,0,18,12,development,S018R12E11,0,2,train
12,102.5,4.1,1248,high_amplitude,True,,218.0,0,18,12,development,S018R12E12,1,2,train
13,110.7,4.1,1249,high_amplitude,True,,222.0,1,18,12,development,S018R12E13,1,2,train
14,118.9,4.1,1250,high_amplitude,True,,227.0,1,18,12,development,S018R12E14,1,2,train
0,4.1,4.1,1251,high_amplitude,True,,206.0,0,55,4,development,S055R04E00,0,2,train
1,12.3,4.1,1252,ok,False,,194.0,1,55,4,development,S055R04E01,0,2,train
2,20.5,4.1,1253,high_amplitude,True,,212.0,0,55,4,development,S055R04E02,0,2,train
3,28.7,4.1,1254,high_amplitude,True,,214.0,1,55,4,development,S055R04E03,1,2,train
4,36.9,4.1,1255,high_amplitude,True,,226.00000000000003,1,55,4,development,S055R04E04,1,2,train
5,45.1,4.1,1256,high_amplitude,True,,216.0,0,55,4,development,S055R04E05,0,2,train
6,53.3,4.1,1257,high_amplitude,True,,203.0,0,55,4,development,S055R04E06,0,2,train
7,61.5,4.1,1258,high_amplitude,True,,228.99999999999997,1,55,4,development,S055R04E07,1,2,train
8,69.7,4.1,1259,high_amplitude,True,,239.99999999999997,1,55,4,development,S055R04E08,1,2,train
9,77.9,4.1,1260,ok,False,,199.0,0,55,4,development,S055R04E09,0,2,train
10,86.1,4.1,1261,high_amplitude,True,,230.0,0,55,4,development,S055R04E10,0,2,train
11,94.3,4.1,1262,high_amplitude,True,,233.0,1,55,4,development,S055R04E11,0,2,train
12,102.5,4.1,1263,high_amplitude,True,,226.0,1,55,4,development,S055R04E12,1,2,train
13,110.7,4.1,1264,high_amplitude,True,,217.0,0,55,4,development,S055R04E13,0,2,train
14,118.9,4.1,1265,high_amplitude,True,,221.0,0,55,4,development,S055R04E14,0,2,train
0,4.1,4.1,1266,high_amplitude,True,,233.0,1,55,8,development,S055R08E00,0,2,train
1,12.3,4.1,1267,high_amplitude,True,,213.0,0,55,8,development,S055R08E01,0,2,train
2,20.5,4.1,1268,high_amplitude,True,,215.0,1,55,8,development,S055R08E02,1,2,train
3,28.7,4.1,1269,high_amplitude,True,,214.0,0,55,8,development,S055R08E03,1,2,train
4,36.9,4.1,1270,high_amplitude,True,,212.99999999999997,0,55,8,development,S055R08E04,0,2,train
5,45.1,4.1,1271,high_amplitude,True,,241.99999999999997,1,55,8,development,S055R08E05,1,2,train
6,53.3,4.1,1272,high_amplitude,True,,212.99999999999997,1,55,8,development,S055R08E06,1,2,train
7,61.5,4.1,1273,high_amplitude,True,,223.0,0,55,8,development,S055R08E07,0,2,train
8,69.7,4.1,1274,high_amplitude,True,,230.99999999999997,0,55,8,development,S055R08E08,0,2,train
9,77.9,4.1,1275,high_amplitude,True,,239.99999999999997,1,55,8,development,S055R08E09,1,2,train
10,86.1,4.1,1276,high_amplitude,True,,223.99999999999997,0,55,8,development,S055R08E10,0,2,train
11,94.3,4.1,1277,high_amplitude,True,,221.99999999999997,1,55,8,development,S055R08E11,1,2,train
12,102.5,4.1,1278,high_amplitude,True,,201.99999999999997,1,55,8,development,S055R08E12,1,2,train
13,110.7,4.1,1279,high_amplitude,True,,259.0,0,55,8,development,S055R08E13,0,2,train
14,118.9,4.1,1280,high_amplitude,True,,218.0,0,55,8,development,S055R08E14,1,2,train
0,4.1,4.1,1281,high_amplitude,True,,223.0,0,55,12,development,S055R12E00,0,2,train
1,12.3,4.1,1282,high_amplitude,True,,250.0,1,55,12,development,S055R12E01,1,2,train
2,20.5,4.1,1283,high_amplitude,True,,226.0,1,55,12,development,S055R12E02,1,2,train
3,28.7,4.1,1284,high_amplitude,True,,221.0,0,55,12,development,S055R12E03,1,2,train
4,36.9,4.1,1285,high_amplitude,True,,256.99999999999994,1,55,12,development,S055R12E04,1,2,train
5,45.1,4.1,1286,high_amplitude,True,,210.99999999999997,0,55,12,development,S055R12E05,0,2,train
6,53.3,4.1,1287,high_amplitude,True,,256.99999999999994,1,55,12,development,S055R12E06,1,2,train
7,61.5,4.1,1288,high_amplitude,True,,230.0,0,55,12,development,S055R12E07,0,2,train
8,69.7,4.1,1289,high_amplitude,True,,234.0,0,55,12,development,S055R12E08,1,2,train
9,77.9,4.1,1290,ok,False,,197.0,1,55,12,development,S055R12E09,1,2,train
10,86.1,4.1,1291,high_amplitude,True,,207.0,1,55,12,development,S055R12E10,1,2,train
11,94.3,4.1,1292,high_amplitude,True,,232.99999999999997,0,55,12,development,S055R12E11,0,2,train
12,102.5,4.1,1293,high_amplitude,True,,260.0,0,55,12,development,S055R12E12,0,2,train
13,110.7,4.1,1294,high_amplitude,True,,223.99999999999997,1,55,12,development,S055R12E13,1,2,train
14,118.9,4.1,1295,high_amplitude,True,,235.0,1,55,12,development,S055R12E14,1,2,train
0,4.1,4.1,1296,high_amplitude,True,,388.0,0,82,4,development,S082R04E00,0,2,train
1,12.3,4.1,1297,high_amplitude,True,,389.0,1,82,4,development,S082R04E01,1,2,train
2,20.5,4.1,1298,high_amplitude,True,,366.0,0,82,4,development,S082R04E02,1,2,train
3,28.7,4.1,1299,high_amplitude,True,,383.0,1,82,4,development,S082R04E03,1,2,train
4,36.9,4.1,1300,high_amplitude,True,,362.0,0,82,4,development,S082R04E04,1,2,train
5,45.1,4.1,1301,high_amplitude,True,,370.0,1,82,4,development,S082R04E05,1,2,train
6,53.3,4.1,1302,high_amplitude,True,,384.0,0,82,4,development,S082R04E06,0,2,train
7,61.5,4.1,1303,high_amplitude,True,,356.0,1,82,4,development,S082R04E07,0,2,train
8,69.7,4.1,1304,high_amplitude,True,,350.99999999999994,1,82,4,development,S082R04E08,1,2,train
9,77.9,4.1,1305,high_amplitude,True,,414.0,0,82,4,development,S082R04E09,0,2,train
10,86.1,4.1,1306,high_amplitude,True,,341.0,1,82,4,development,S082R04E10,0,2,train
11,94.3,4.1,1307,high_amplitude,True,,368.0,0,82,4,development,S082R04E11,1,2,train
12,102.5,4.1,1308,high_amplitude,True,,336.0,1,82,4,development,S082R04E12,0,2,train
13,110.7,4.1,1309,high_amplitude,True,,365.0,0,82,4,development,S082R04E13,0,2,train
14,118.9,4.1,1310,high_amplitude,True,,325.0,0,82,4,development,S082R04E14,0,2,train
0,4.1,4.1,1311,high_amplitude,True,,208.0,0,82,8,development,S082R08E00,0,2,train
1,12.3,4.1,1312,high_amplitude,True,,265.99999999999994,1,82,8,development,S082R08E01,1,2,train
2,20.5,4.1,1313,high_amplitude,True,,291.0,0,82,8,development,S082R08E02,0,2,train
3,28.7,4.1,1314,high_amplitude,True,,339.0,1,82,8,development,S082R08E03,1,2,train
4,36.9,4.1,1315,high_amplitude,True,,322.0,1,82,8,development,S082R08E04,1,2,train
5,45.1,4.1,1316,high_amplitude,True,,445.0,0,82,8,development,S082R08E05,1,2,train
6,53.3,4.1,1317,high_amplitude,True,,513.9999999999999,1,82,8,development,S082R08E06,1,2,train
7,61.5,4.1,1318,high_amplitude,True,,398.0,0,82,8,development,S082R08E07,1,2,train
8,69.7,4.1,1319,high_amplitude,True,,448.99999999999994,0,82,8,development,S082R08E08,1,2,train
9,77.9,4.1,1320,high_amplitude,True,,281.0,1,82,8,development,S082R08E09,0,2,train
10,86.1,4.1,1321,high_amplitude,True,,423.0,0,82,8,development,S082R08E10,1,2,train
11,94.3,4.1,1322,high_amplitude,True,,424.0,1,82,8,development,S082R08E11,0,2,train
12,102.5,4.1,1323,high_amplitude,True,,392.0,0,82,8,development,S082R08E12,0,2,train
13,110.7,4.1,1324,high_amplitude,True,,301.99999999999994,1,82,8,development,S082R08E13,0,2,train
14,118.9,4.1,1325,high_amplitude,True,,260.00000000000006,1,82,8,development,S082R08E14,0,2,train
0,4.1,4.1,1326,high_amplitude,True,,272.99999999999994,0,82,12,development,S082R12E00,1,2,train
1,12.3,4.1,1327,high_amplitude,True,,291.0,1,82,12,development,S082R12E01,1,2,train
2,20.5,4.1,1328,high_amplitude,True,,510.99999999999994,1,82,12,development,S082R12E02,1,2,train
3,28.7,4.1,1329,high_amplitude,True,,488.0,0,82,12,development,S082R12E03,1,2,train
4,36.9,4.1,1330,high_amplitude,True,,441.0,0,82,12,development,S082R12E04,1,2,train
5,45.1,4.1,1331,high_amplitude,True,,341.99999999999994,1,82,12,development,S082R12E05,1,2,train
6,53.3,4.1,1332,high_amplitude,True,,450.99999999999994,0,82,12,development,S082R12E06,0,2,train
7,61.5,4.1,1333,high_amplitude,True,,465.0,1,82,12,development,S082R12E07,1,2,train
8,69.7,4.1,1334,high_amplitude,True,,245.0,0,82,12,development,S082R12E08,1,2,train
9,77.9,4.1,1335,high_amplitude,True,,330.0,1,82,12,development,S082R12E09,1,2,train
10,86.1,4.1,1336,high_amplitude,True,,254.0,0,82,12,development,S082R12E10,1,2,train
11,94.3,4.1,1337,high_amplitude,True,,307.0,1,82,12,development,S082R12E11,1,2,train
12,102.5,4.1,1338,high_amplitude,True,,250.0,1,82,12,development,S082R12E12,1,2,train
13,110.7,4.1,1339,ok,False,,199.99999999999997,0,82,12,development,S082R12E13,1,2,train
14,118.9,4.1,1340,high_amplitude,True,,416.99999999999994,0,82,12,development,S082R12E14,0,2,train
0,4.3,4.1,45,high_amplitude,True,,252.0,1,64,4,development,S064R04E00,0,2,validation
1,12.5,4.1,46,high_amplitude,True,,236.0,0,64,4,development,S064R04E01,1,2,validation
2,20.7,4.1,47,ok,False,,150.99999999999997,1,64,4,development,S064R04E02,0,2,validation
3,28.9,4.1,48,ok,False,,189.0,0,64,4,development,S064R04E03,0,2,validation
4,37.1,4.1,49,ok,False,,157.0,0,64,4,development,S064R04E04,1,2,validation
5,45.3,4.1,50,high_amplitude,True,,245.0,1,64,4,development,S064R04E05,1,2,validation
6,53.5,4.1,51,high_amplitude,True,,243.0,0,64,4,development,S064R04E06,0,2,validation
7,61.7,4.1,52,high_amplitude,True,,250.0,1,64,4,development,S064R04E07,1,2,validation
8,69.9,4.1,53,ok,False,,140.0,1,64,4,development,S064R04E08,1,2,validation
9,78.1,4.1,54,high_amplitude,True,,228.0,0,64,4,development,S064R04E09,0,2,validation
10,86.3,4.1,55,high_amplitude,True,,206.0,0,64,4,development,S064R04E10,0,2,validation
11,94.5,4.1,56,high_amplitude,True,,252.99999999999997,1,64,4,development,S064R04E11,0,2,validation
12,102.7,4.1,57,high_amplitude,True,,252.99999999999997,1,64,4,development,S064R04E12,1,2,validation
13,110.9,4.1,58,high_amplitude,True,,250.99999999999997,0,64,4,development,S064R04E13,0,2,validation
14,119.1,4.0,59,high_amplitude,True,,206.00000000000003,0,64,4,development,S064R04E14,0,2,validation
0,4.3,4.1,60,high_amplitude,True,,254.0,1,64,8,development,S064R08E00,1,2,validation
1,12.5,4.1,61,ok,False,,75.0,0,64,8,development,S064R08E01,1,2,validation
2,20.7,4.1,62,high_amplitude,True,,210.0,1,64,8,development,S064R08E02,1,2,validation
3,28.9,4.1,63,high_amplitude,True,,218.0,0,64,8,development,S064R08E03,1,2,validation
4,37.1,4.1,64,high_amplitude,True,,205.0,1,64,8,development,S064R08E04,0,2,validation
5,45.3,4.1,65,ok,False,,73.0,0,64,8,development,S064R08E05,0,2,validation
6,53.5,4.1,66,high_amplitude,True,,225.0,1,64,8,development,S064R08E06,0,2,validation
7,61.7,4.1,67,high_amplitude,True,,248.99999999999997,0,64,8,development,S064R08E07,0,2,validation
8,69.9,4.1,68,ok,False,,192.0,1,64,8,development,S064R08E08,1,2,validation
9,78.1,4.1,69,ok,False,,128.0,0,64,8,development,S064R08E09,1,2,validation
10,86.3,4.1,70,high_amplitude,True,,218.0,1,64,8,development,S064R08E10,1,2,validation
11,94.5,4.1,71,high_amplitude,True,,219.0,0,64,8,development,S064R08E11,1,2,validation
12,102.7,4.1,72,high_amplitude,True,,230.99999999999997,0,64,8,development,S064R08E12,0,2,validation
13,110.9,4.1,73,high_amplitude,True,,232.0,1,64,8,development,S064R08E13,0,2,validation
14,119.1,4.0,74,high_amplitude,True,,239.0,0,64,8,development,S064R08E14,0,2,validation
0,4.2,4.1,75,high_amplitude,True,,232.0,1,64,12,development,S064R12E00,1,2,validation
1,12.4,4.1,76,high_amplitude,True,,237.0,0,64,12,development,S064R12E01,1,2,validation
2,20.6,4.1,77,ok,False,,78.0,1,64,12,development,S064R12E02,1,2,validation
3,28.8,4.1,78,high_amplitude,True,,219.99999999999997,0,64,12,development,S064R12E03,1,2,validation
4,37.0,4.1,79,high_amplitude,True,,228.0,1,64,12,development,S064R12E04,1,2,validation
5,45.2,4.1,80,ok,False,,167.0,0,64,12,development,S064R12E05,0,2,validation
6,53.4,4.1,81,ok,False,,166.0,1,64,12,development,S064R12E06,0,2,validation
7,61.6,4.1,82,ok,False,,97.0,0,64,12,development,S064R12E07,0,2,validation
8,69.8,4.1,83,ok,False,,190.0,1,64,12,development,S064R12E08,1,2,validation
9,78.0,4.1,84,ok,False,,80.0,0,64,12,development,S064R12E09,1,2,validation
10,86.2,4.1,85,ok,False,,198.0,0,64,12,development,S064R12E10,1,2,validation
11,94.4,4.1,86,high_amplitude,True,,204.0,1,64,12,development,S064R12E11,0,2,validation
12,102.6,4.1,87,ok,False,,95.0,0,64,12,development,S064R12E12,0,2,validation
13,110.8,4.1,88,ok,False,,197.0,1,64,12,development,S064R12E13,1,2,validation
14,119.0,4.0,89,high_amplitude,True,,206.0,1,64,12,development,S064R12E14,1,2,validation
0,4.1,4.1,396,high_amplitude,True,,921.0,0,75,4,development,S075R04E00,0,2,validation
1,12.3,4.1,397,high_amplitude,True,,726.0,1,75,4,development,S075R04E01,0,2,validation
2,20.5,4.1,398,high_amplitude,True,,768.0,1,75,4,development,S075R04E02,0,2,validation
3,28.7,4.1,399,high_amplitude,True,,701.9999999999999,0,75,4,development,S075R04E03,0,2,validation
4,36.9,4.1,400,high_amplitude,True,,765.0,1,75,4,development,S075R04E04,0,2,validation
5,45.1,4.1,401,high_amplitude,True,,686.9999999999999,0,75,4,development,S075R04E05,0,2,validation
6,53.3,4.1,402,high_amplitude,True,,672.0,1,75,4,development,S075R04E06,0,2,validation
7,61.5,4.1,403,high_amplitude,True,,633.0,0,75,4,development,S075R04E07,0,2,validation
8,69.7,4.1,404,high_amplitude,True,,706.0,1,75,4,development,S075R04E08,0,2,validation
9,77.9,4.1,405,high_amplitude,True,,955.0,0,75,4,development,S075R04E09,0,2,validation
10,86.1,4.1,406,high_amplitude,True,,683.9999999999999,0,75,4,development,S075R04E10,0,2,validation
11,94.3,4.1,407,high_amplitude,True,,910.0,1,75,4,development,S075R04E11,0,2,validation
12,102.5,4.1,408,high_amplitude,True,,1117.0,1,75,4,development,S075R04E12,0,2,validation
13,110.7,4.1,409,high_amplitude,True,,1019.0,0,75,4,development,S075R04E13,0,2,validation
14,118.9,4.1,410,high_amplitude,True,,652.9999999999999,1,75,4,development,S075R04E14,0,2,validation
0,4.1,4.1,411,high_amplitude,True,,525.0,0,75,8,development,S075R08E00,0,2,validation
1,12.3,4.1,412,high_amplitude,True,,1043.0,1,75,8,development,S075R08E01,0,2,validation
2,20.5,4.1,413,high_amplitude,True,,931.0,0,75,8,development,S075R08E02,0,2,validation
3,28.7,4.1,414,high_amplitude,True,,1055.0,1,75,8,development,S075R08E03,0,2,validation
4,36.9,4.1,415,high_amplitude,True,,616.0,1,75,8,development,S075R08E04,0,2,validation
5,45.1,4.1,416,high_amplitude,True,,868.0000000000001,0,75,8,development,S075R08E05,0,2,validation
6,53.3,4.1,417,high_amplitude,True,,966.0,0,75,8,development,S075R08E06,0,2,validation
7,61.5,4.1,418,high_amplitude,True,,1115.9999999999998,1,75,8,development,S075R08E07,0,2,validation
8,69.7,4.1,419,high_amplitude,True,,998.0,1,75,8,development,S075R08E08,1,2,validation
9,77.9,4.1,420,high_amplitude,True,,925.0,0,75,8,development,S075R08E09,0,2,validation
10,86.1,4.1,421,high_amplitude,True,,904.0,1,75,8,development,S075R08E10,0,2,validation
11,94.3,4.1,422,high_amplitude,True,,892.9999999999999,0,75,8,development,S075R08E11,0,2,validation
12,102.5,4.1,423,high_amplitude,True,,1108.9999999999998,1,75,8,development,S075R08E12,1,2,validation
13,110.7,4.1,424,high_amplitude,True,,993.0,0,75,8,development,S075R08E13,0,2,validation
14,118.9,4.1,425,high_amplitude,True,,991.0,1,75,8,development,S075R08E14,1,2,validation
0,4.1,4.1,426,high_amplitude,True,,998.0,0,75,12,development,S075R12E00,0,2,validation
1,12.3,4.1,427,high_amplitude,True,,921.0,1,75,12,development,S075R12E01,0,2,validation
2,20.5,4.1,428,high_amplitude,True,,996.0,0,75,12,development,S075R12E02,0,2,validation
3,28.7,4.1,429,high_amplitude,True,,917.0,1,75,12,development,S075R12E03,0,2,validation
4,36.9,4.1,430,high_amplitude,True,,1059.0,1,75,12,development,S075R12E04,0,2,validation
5,45.1,4.1,431,high_amplitude,True,,928.0,0,75,12,development,S075R12E05,0,2,validation
6,53.3,4.1,432,high_amplitude,True,,851.9999999999999,0,75,12,development,S075R12E06,0,2,validation
7,61.5,4.1,433,high_amplitude,True,,1096.0,1,75,12,development,S075R12E07,0,2,validation
8,69.7,4.1,434,high_amplitude,True,,1002.0,0,75,12,development,S075R12E08,0,2,validation
9,77.9,4.1,435,high_amplitude,True,,989.0,1,75,12,development,S075R12E09,1,2,validation
10,86.1,4.1,436,high_amplitude,True,,975.0,0,75,12,development,S075R12E10,0,2,validation
11,94.3,4.1,437,high_amplitude,True,,1005.0,1,75,12,development,S075R12E11,1,2,validation
12,102.5,4.1,438,high_amplitude,True,,1010.0,0,75,12,development,S075R12E12,0,2,validation
13,110.7,4.1,439,high_amplitude,True,,1122.9999999999998,1,75,12,development,S075R12E13,0,2,validation
14,118.9,4.1,440,high_amplitude,True,,877.0,0,75,12,development,S075R12E14,0,2,validation
0,4.1,4.1,621,ok,False,,130.0,1,25,4,development,S025R04E00,0,2,validation
1,12.3,4.1,622,ok,False,,156.0,0,25,4,development,S025R04E01,0,2,validation
2,20.5,4.1,623,high_amplitude,True,,203.0,1,25,4,development,S025R04E02,0,2,validation
3,28.7,4.1,624,high_amplitude,True,,248.99999999999997,0,25,4,development,S025R04E03,0,2,validation
4,36.9,4.1,625,ok,False,,138.0,1,25,4,development,S025R04E04,1,2,validation
5,45.1,4.1,626,ok,False,,192.99999999999997,0,25,4,development,S025R04E05,0,2,validation
6,53.3,4.1,627,ok,False,,131.0,1,25,4,development,S025R04E06,0,2,validation
7,61.5,4.1,628,ok,False,,165.0,0,25,4,development,S025R04E07,0,2,validation
8,69.7,4.1,629,ok,False,,127.0,1,25,4,development,S025R04E08,0,2,validation
9,77.9,4.1,630,ok,False,,114.0,0,25,4,development,S025R04E09,0,2,validation
10,86.1,4.1,631,ok,False,,112.0,1,25,4,development,S025R04E10,0,2,validation
11,94.3,4.1,632,ok,False,,114.0,0,25,4,development,S025R04E11,0,2,validation
12,102.5,4.1,633,ok,False,,129.0,0,25,4,development,S025R04E12,0,2,validation
13,110.7,4.1,634,ok,False,,137.0,1,25,4,development,S025R04E13,0,2,validation
14,118.9,4.1,635,ok,False,,129.0,1,25,4,development,S025R04E14,0,2,validation
0,4.1,4.1,636,high_amplitude,True,,226.0,0,25,8,development,S025R08E00,1,2,validation
1,12.3,4.1,637,ok,False,,194.0,1,25,8,development,S025R08E01,0,2,validation
2,20.5,4.1,638,ok,False,,192.0,1,25,8,development,S025R08E02,0,2,validation
3,28.7,4.1,639,high_amplitude,True,,212.99999999999997,0,25,8,development,S025R08E03,0,2,validation
4,36.9,4.1,640,ok,False,,185.0,0,25,8,development,S025R08E04,0,2,validation
5,45.1,4.1,641,ok,False,,172.99999999999997,1,25,8,development,S025R08E05,1,2,validation
6,53.3,4.1,642,ok,False,,138.0,1,25,8,development,S025R08E06,0,2,validation
7,61.5,4.1,643,ok,False,,160.0,0,25,8,development,S025R08E07,1,2,validation
8,69.7,4.1,644,ok,False,,192.99999999999997,0,25,8,development,S025R08E08,0,2,validation
9,77.9,4.1,645,ok,False,,199.99999999999997,1,25,8,development,S025R08E09,1,2,validation
10,86.1,4.1,646,ok,False,,132.0,0,25,8,development,S025R08E10,0,2,validation
11,94.3,4.1,647,ok,False,,185.0,1,25,8,development,S025R08E11,0,2,validation
12,102.5,4.1,648,ok,False,,149.0,1,25,8,development,S025R08E12,0,2,validation
13,110.7,4.1,649,ok,False,,177.0,0,25,8,development,S025R08E13,0,2,validation
14,118.9,4.1,650,ok,False,,141.0,1,25,8,development,S025R08E14,0,2,validation
0,4.1,4.1,651,ok,False,,126.0,1,25,12,development,S025R12E00,0,2,validation
1,12.3,4.1,652,ok,False,,101.0,0,25,12,development,S025R12E01,0,2,validation
2,20.5,4.1,653,ok,False,,116.0,0,25,12,development,S025R12E02,0,2,validation
3,28.7,4.1,654,ok,False,,112.0,1,25,12,development,S025R12E03,0,2,validation
4,36.9,4.1,655,ok,False,,91.0,0,25,12,development,S025R12E04,0,2,validation
5,45.1,4.1,656,ok,False,,117.0,1,25,12,development,S025R12E05,1,2,validation
6,53.3,4.1,657,ok,False,,115.0,1,25,12,development,S025R12E06,1,2,validation
7,61.5,4.1,658,ok,False,,95.0,0,25,12,development,S025R12E07,0,2,validation
8,69.7,4.1,659,ok,False,,183.0,1,25,12,development,S025R12E08,0,2,validation
9,77.9,4.1,660,ok,False,,98.0,0,25,12,development,S025R12E09,0,2,validation
10,86.1,4.1,661,ok,False,,106.0,1,25,12,development,S025R12E10,0,2,validation
11,94.3,4.1,662,ok,False,,104.0,0,25,12,development,S025R12E11,0,2,validation
12,102.5,4.1,663,ok,False,,141.99999999999997,0,25,12,development,S025R12E12,0,2,validation
13,110.7,4.1,664,ok,False,,122.0,1,25,12,development,S025R12E13,0,2,validation
14,118.9,4.1,665,ok,False,,143.99999999999997,0,25,12,development,S025R12E14,0,2,validation
0,4.1,4.1,666,high_amplitude,True,,500.99999999999994,0,11,4,development,S011R04E00,0,2,validation
1,12.3,4.1,667,high_amplitude,True,,219.99999999999997,1,11,4,development,S011R04E01,0,2,validation
2,20.5,4.1,668,high_amplitude,True,,285.0,0,11,4,development,S011R04E02,0,2,validation
3,28.7,4.1,669,high_amplitude,True,,206.0,1,11,4,development,S011R04E03,0,2,validation
4,36.9,4.1,670,ok,False,,167.0,0,11,4,development,S011R04E04,0,2,validation
5,45.1,4.1,671,ok,False,,192.99999999999997,1,11,4,development,S011R04E05,0,2,validation
6,53.3,4.1,672,high_amplitude,True,,262.0,1,11,4,development,S011R04E06,0,2,validation
7,61.5,4.1,673,high_amplitude,True,,245.0,0,11,4,development,S011R04E07,0,2,validation
8,69.7,4.1,674,high_amplitude,True,,203.0,1,11,4,development,S011R04E08,0,2,validation
9,77.9,4.1,675,high_amplitude,True,,225.0,0,11,4,development,S011R04E09,0,2,validation
10,86.1,4.1,676,high_amplitude,True,,361.99999999999994,0,11,4,development,S011R04E10,0,2,validation
11,94.3,4.1,677,high_amplitude,True,,394.0,1,11,4,development,S011R04E11,0,2,validation
12,102.5,4.1,678,high_amplitude,True,,490.9999999999999,1,11,4,development,S011R04E12,0,2,validation
13,110.7,4.1,679,high_amplitude,True,,441.0,0,11,4,development,S011R04E13,0,2,validation
14,118.9,4.1,680,high_amplitude,True,,228.0,0,11,4,development,S011R04E14,0,2,validation
0,4.1,4.1,681,ok,False,,169.0,0,11,8,development,S011R08E00,0,2,validation
1,12.3,4.1,682,ok,False,,154.0,1,11,8,development,S011R08E01,0,2,validation
2,20.5,4.1,683,high_amplitude,True,,293.0,0,11,8,development,S011R08E02,0,2,validation
3,28.7,4.1,684,ok,False,,174.0,1,11,8,development,S011R08E03,1,2,validation
4,36.9,4.1,685,ok,False,,167.0,0,11,8,development,S011R08E04,0,2,validation
5,45.1,4.1,686,ok,False,,181.99999999999997,1,11,8,development,S011R08E05,0,2,validation
6,53.3,4.1,687,ok,False,,165.0,0,11,8,development,S011R08E06,0,2,validation
7,61.5,4.1,688,high_amplitude,True,,215.0,1,11,8,development,S011R08E07,0,2,validation
8,69.7,4.1,689,ok,False,,170.99999999999997,1,11,8,development,S011R08E08,0,2,validation
9,77.9,4.1,690,ok,False,,179.0,0,11,8,development,S011R08E09,1,2,validation
10,86.1,4.1,691,high_amplitude,True,,225.99999999999997,0,11,8,development,S011R08E10,0,2,validation
11,94.3,4.1,692,high_amplitude,True,,212.0,1,11,8,development,S011R08E11,1,2,validation
12,102.5,4.1,693,ok,False,,165.0,0,11,8,development,S011R08E12,1,2,validation
13,110.7,4.1,694,ok,False,,193.0,1,11,8,development,S011R08E13,1,2,validation
14,118.9,4.1,695,high_amplitude,True,,238.99999999999997,1,11,8,development,S011R08E14,1,2,validation
0,4.1,4.1,696,ok,False,,155.0,0,11,12,development,S011R12E00,1,2,validation
1,12.3,4.1,697,high_amplitude,True,,206.0,1,11,12,development,S011R12E01,0,2,validation
2,20.5,4.1,698,ok,False,,186.0,0,11,12,development,S011R12E02,1,2,validation
3,28.7,4.1,699,high_amplitude,True,,208.99999999999997,1,11,12,development,S011R12E03,0,2,validation
4,36.9,4.1,700,ok,False,,197.00000000000003,1,11,12,development,S011R12E04,1,2,validation
5,45.1,4.1,701,ok,False,,149.0,0,11,12,development,S011R12E05,0,2,validation
6,53.3,4.1,702,ok,False,,170.0,1,11,12,development,S011R12E06,0,2,validation
7,61.5,4.1,703,ok,False,,167.0,0,11,12,development,S011R12E07,0,2,validation
8,69.7,4.1,704,ok,False,,140.0,1,11,12,development,S011R12E08,0,2,validation
9,77.9,4.1,705,ok,False,,177.0,0,11,12,development,S011R12E09,0,2,validation
10,86.1,4.1,706,high_amplitude,True,,216.0,0,11,12,development,S011R12E10,0,2,validation
11,94.3,4.1,707,high_amplitude,True,,210.99999999999997,1,11,12,development,S011R12E11,0,2,validation
12,102.5,4.1,708,high_amplitude,True,,274.0,1,11,12,development,S011R12E12,0,2,validation
13,110.7,4.1,709,high_amplitude,True,,248.99999999999997,0,11,12,development,S011R12E13,0,2,validation
14,118.9,4.1,710,ok,False,,166.0,0,11,12,development,S011R12E14,1,2,validation
0,4.1,4.1,756,high_amplitude,True,,1167.9999999999998,0,97,4,development,S097R04E00,1,2,validation
1,12.3,4.1,757,high_amplitude,True,,989.0,1,97,4,development,S097R04E01,0,2,validation
2,20.5,4.1,758,high_amplitude,True,,1001.0,1,97,4,development,S097R04E02,0,2,validation
3,28.7,4.1,759,high_amplitude,True,,243.0,0,97,4,development,S097R04E03,0,2,validation
4,36.9,4.1,760,high_amplitude,True,,241.99999999999997,0,97,4,development,S097R04E04,0,2,validation
5,45.1,4.1,761,high_amplitude,True,,942.0,1,97,4,development,S097R04E05,0,2,validation
6,53.3,4.1,762,high_amplitude,True,,966.0,0,97,4,development,S097R04E06,0,2,validation
7,61.5,4.1,763,high_amplitude,True,,975.0,1,97,4,development,S097R04E07,0,2,validation
8,69.7,4.1,764,high_amplitude,True,,1010.0,0,97,4,development,S097R04E08,0,2,validation
9,77.9,4.1,765,high_amplitude,True,,423.0,1,97,4,development,S097R04E09,0,2,validation
10,86.1,4.1,766,high_amplitude,True,,222.99999999999997,1,97,4,development,S097R04E10,0,2,validation
11,94.3,4.1,767,high_amplitude,True,,1004.0,0,97,4,development,S097R04E11,0,2,validation
12,102.5,4.1,768,high_amplitude,True,,255.00000000000003,1,97,4,development,S097R04E12,0,2,validation
13,110.7,4.1,769,high_amplitude,True,,926.0,0,97,4,development,S097R04E13,1,2,validation
14,118.9,4.1,770,high_amplitude,True,,243.0,0,97,4,development,S097R04E14,0,2,validation
0,4.1,4.1,771,high_amplitude,True,,1037.0,0,97,8,development,S097R08E00,0,2,validation
1,12.3,4.1,772,high_amplitude,True,,1054.0,1,97,8,development,S097R08E01,1,2,validation
2,20.5,4.1,773,high_amplitude,True,,1069.0,1,97,8,development,S097R08E02,0,2,validation
3,28.7,4.1,774,high_amplitude,True,,1078.0,0,97,8,development,S097R08E03,1,2,validation
4,36.9,4.1,775,high_amplitude,True,,997.0,1,97,8,development,S097R08E04,1,2,validation
5,45.1,4.1,776,high_amplitude,True,,1102.9999999999998,0,97,8,development,S097R08E05,0,2,validation
6,53.3,4.1,777,high_amplitude,True,,966.0,1,97,8,development,S097R08E06,0,2,validation
7,61.5,4.1,778,high_amplitude,True,,900.0,0,97,8,development,S097R08E07,0,2,validation
8,69.7,4.1,779,high_amplitude,True,,924.0,1,97,8,development,S097R08E08,0,2,validation
9,77.9,4.1,780,high_amplitude,True,,1055.9999999999998,0,97,8,development,S097R08E09,0,2,validation
10,86.1,4.1,781,high_amplitude,True,,1019.0,0,97,8,development,S097R08E10,1,2,validation
11,94.3,4.1,782,high_amplitude,True,,905.0,1,97,8,development,S097R08E11,0,2,validation
12,102.5,4.1,783,high_amplitude,True,,835.9999999999999,0,97,8,development,S097R08E12,0,2,validation
13,110.7,4.1,784,high_amplitude,True,,825.9999999999999,1,97,8,development,S097R08E13,0,2,validation
14,118.9,4.1,785,high_amplitude,True,,944.0,1,97,8,development,S097R08E14,0,2,validation
0,4.1,4.1,786,high_amplitude,True,,1071.0,1,97,12,development,S097R12E00,0,2,validation
1,12.3,4.1,787,high_amplitude,True,,1082.0,0,97,12,development,S097R12E01,0,2,validation
2,20.5,4.1,788,high_amplitude,True,,1125.0,1,97,12,development,S097R12E02,1,2,validation
3,28.7,4.1,789,high_amplitude,True,,1078.9999999999998,0,97,12,development,S097R12E03,0,2,validation
4,36.9,4.1,790,high_amplitude,True,,1082.0,1,97,12,development,S097R12E04,0,2,validation
5,45.1,4.1,791,high_amplitude,True,,1120.0,0,97,12,development,S097R12E05,0,2,validation
6,53.3,4.1,792,high_amplitude,True,,1063.9999999999998,0,97,12,development,S097R12E06,0,2,validation
7,61.5,4.1,793,high_amplitude,True,,1019.0,1,97,12,development,S097R12E07,0,2,validation
8,69.7,4.1,794,high_amplitude,True,,1050.9999999999998,1,97,12,development,S097R12E08,0,2,validation
9,77.9,4.1,795,high_amplitude,True,,1034.0,0,97,12,development,S097R12E09,0,2,validation
10,86.1,4.1,796,high_amplitude,True,,1073.0,1,97,12,development,S097R12E10,0,2,validation
11,94.3,4.1,797,high_amplitude,True,,1052.0,0,97,12,development,S097R12E11,0,2,validation
12,102.5,4.1,798,high_amplitude,True,,1109.0,0,97,12,development,S097R12E12,0,2,validation
13,110.7,4.1,799,high_amplitude,True,,1069.0,1,97,12,development,S097R12E13,0,2,validation
14,118.9,4.1,800,high_amplitude,True,,1043.0,0,97,12,development,S097R12E14,0,2,validation
0,4.1,4.1,801,high_amplitude,True,,719.9999999999999,1,48,4,development,S048R04E00,0,2,validation
1,12.3,4.1,802,high_amplitude,True,,500.0,0,48,4,development,S048R04E01,0,2,validation
2,20.5,4.1,803,high_amplitude,True,,877.0,0,48,4,development,S048R04E02,0,2,validation
3,28.7,4.1,804,high_amplitude,True,,526.0,1,48,4,development,S048R04E03,0,2,validation
4,36.9,4.1,805,high_amplitude,True,,709.9999999999999,1,48,4,development,S048R04E04,0,2,validation
5,45.1,4.1,806,high_amplitude,True,,1093.0,0,48,4,development,S048R04E05,0,2,validation
6,53.3,4.1,807,high_amplitude,True,,627.0,0,48,4,development,S048R04E06,0,2,validation
7,61.5,4.1,808,high_amplitude,True,,598.9999999999999,1,48,4,development,S048R04E07,0,2,validation
8,69.7,4.1,809,high_amplitude,True,,587.0,0,48,4,development,S048R04E08,0,2,validation
9,77.9,4.1,810,high_amplitude,True,,1171.0,1,48,4,development,S048R04E09,0,2,validation
10,86.1,4.1,811,high_amplitude,True,,691.0,1,48,4,development,S048R04E10,0,2,validation
11,94.3,4.1,812,high_amplitude,True,,860.9999999999999,0,48,4,development,S048R04E11,0,2,validation
12,102.5,4.1,813,high_amplitude,True,,582.0,0,48,4,development,S048R04E12,0,2,validation
13,110.7,4.1,814,high_amplitude,True,,794.0,1,48,4,development,S048R04E13,0,2,validation
14,118.9,4.1,815,high_amplitude,True,,578.0,0,48,4,development,S048R04E14,0,2,validation
0,4.1,4.1,816,high_amplitude,True,,725.0,1,48,8,development,S048R08E00,0,2,validation
1,12.3,4.1,817,high_amplitude,True,,932.0,0,48,8,development,S048R08E01,0,2,validation
2,20.5,4.1,818,high_amplitude,True,,886.0,0,48,8,development,S048R08E02,0,2,validation
3,28.7,4.1,819,high_amplitude,True,,882.0,1,48,8,development,S048R08E03,0,2,validation
4,36.9,4.1,820,high_amplitude,True,,869.0,0,48,8,development,S048R08E04,0,2,validation
5,45.1,4.1,821,high_amplitude,True,,781.0,1,48,8,development,S048R08E05,0,2,validation
6,53.3,4.1,822,high_amplitude,True,,789.9999999999999,1,48,8,development,S048R08E06,1,2,validation
7,61.5,4.1,823,high_amplitude,True,,763.9999999999999,0,48,8,development,S048R08E07,0,2,validation
8,69.7,4.1,824,high_amplitude,True,,863.0,0,48,8,development,S048R08E08,0,2,validation
9,77.9,4.1,825,high_amplitude,True,,789.0,1,48,8,development,S048R08E09,1,2,validation
10,86.1,4.1,826,high_amplitude,True,,802.9999999999999,1,48,8,development,S048R08E10,0,2,validation
11,94.3,4.1,827,high_amplitude,True,,825.0,0,48,8,development,S048R08E11,0,2,validation
12,102.5,4.1,828,high_amplitude,True,,841.0,0,48,8,development,S048R08E12,0,2,validation
13,110.7,4.1,829,high_amplitude,True,,1125.9999999999998,1,48,8,development,S048R08E13,0,2,validation
14,118.9,4.1,830,high_amplitude,True,,778.0,1,48,8,development,S048R08E14,1,2,validation
0,4.1,4.1,831,high_amplitude,True,,543.0,1,48,12,development,S048R12E00,0,2,validation
1,12.3,4.1,832,high_amplitude,True,,851.9999999999999,0,48,12,development,S048R12E01,0,2,validation
2,20.5,4.1,833,high_amplitude,True,,1013.0,1,48,12,development,S048R12E02,0,2,validation
3,28.7,4.1,834,high_amplitude,True,,965.0,0,48,12,development,S048R12E03,0,2,validation
4,36.9,4.1,835,high_amplitude,True,,904.0,1,48,12,development,S048R12E04,0,2,validation
5,45.1,4.1,836,high_amplitude,True,,1152.0,0,48,12,development,S048R12E05,0,2,validation
6,53.3,4.1,837,high_amplitude,True,,900.0,0,48,12,development,S048R12E06,0,2,validation
7,61.5,4.1,838,high_amplitude,True,,940.0,1,48,12,development,S048R12E07,0,2,validation
8,69.7,4.1,839,high_amplitude,True,,848.9999999999999,1,48,12,development,S048R12E08,1,2,validation
9,77.9,4.1,840,high_amplitude,True,,981.0,0,48,12,development,S048R12E09,0,2,validation
10,86.1,4.1,841,high_amplitude,True,,1090.0,1,48,12,development,S048R12E10,0,2,validation
11,94.3,4.1,842,high_amplitude,True,,1059.0,0,48,12,development,S048R12E11,0,2,validation
12,102.5,4.1,843,high_amplitude,True,,1138.9999999999998,0,48,12,development,S048R12E12,0,2,validation
13,110.7,4.1,844,high_amplitude,True,,1032.0,1,48,12,development,S048R12E13,0,2,validation
14,118.9,4.1,845,high_amplitude,True,,1242.0,1,48,12,development,S048R12E14,0,2,validation
0,4.3,4.1,45,high_amplitude,True,,252.0,1,64,4,development,S064R04E00,0,3,train
1,12.5,4.1,46,high_amplitude,True,,236.0,0,64,4,development,S064R04E01,1,3,train
2,20.7,4.1,47,ok,False,,150.99999999999997,1,64,4,development,S064R04E02,0,3,train
3,28.9,4.1,48,ok,False,,189.0,0,64,4,development,S064R04E03,0,3,train
4,37.1,4.1,49,ok,False,,157.0,0,64,4,development,S064R04E04,1,3,train
5,45.3,4.1,50,high_amplitude,True,,245.0,1,64,4,development,S064R04E05,1,3,train
6,53.5,4.1,51,high_amplitude,True,,243.0,0,64,4,development,S064R04E06,0,3,train
7,61.7,4.1,52,high_amplitude,True,,250.0,1,64,4,development,S064R04E07,1,3,train
8,69.9,4.1,53,ok,False,,140.0,1,64,4,development,S064R04E08,1,3,train
9,78.1,4.1,54,high_amplitude,True,,228.0,0,64,4,development,S064R04E09,1,3,train
10,86.3,4.1,55,high_amplitude,True,,206.0,0,64,4,development,S064R04E10,0,3,train
11,94.5,4.1,56,high_amplitude,True,,252.99999999999997,1,64,4,development,S064R04E11,1,3,train
12,102.7,4.1,57,high_amplitude,True,,252.99999999999997,1,64,4,development,S064R04E12,1,3,train
13,110.9,4.1,58,high_amplitude,True,,250.99999999999997,0,64,4,development,S064R04E13,0,3,train
14,119.1,4.0,59,high_amplitude,True,,206.00000000000003,0,64,4,development,S064R04E14,0,3,train
0,4.3,4.1,60,high_amplitude,True,,254.0,1,64,8,development,S064R08E00,1,3,train
1,12.5,4.1,61,ok,False,,75.0,0,64,8,development,S064R08E01,1,3,train
2,20.7,4.1,62,high_amplitude,True,,210.0,1,64,8,development,S064R08E02,1,3,train
3,28.9,4.1,63,high_amplitude,True,,218.0,0,64,8,development,S064R08E03,1,3,train
4,37.1,4.1,64,high_amplitude,True,,205.0,1,64,8,development,S064R08E04,0,3,train
5,45.3,4.1,65,ok,False,,73.0,0,64,8,development,S064R08E05,0,3,train
6,53.5,4.1,66,high_amplitude,True,,225.0,1,64,8,development,S064R08E06,1,3,train
7,61.7,4.1,67,high_amplitude,True,,248.99999999999997,0,64,8,development,S064R08E07,1,3,train
8,69.9,4.1,68,ok,False,,192.0,1,64,8,development,S064R08E08,1,3,train
9,78.1,4.1,69,ok,False,,128.0,0,64,8,development,S064R08E09,1,3,train
10,86.3,4.1,70,high_amplitude,True,,218.0,1,64,8,development,S064R08E10,1,3,train
11,94.5,4.1,71,high_amplitude,True,,219.0,0,64,8,development,S064R08E11,1,3,train
12,102.7,4.1,72,high_amplitude,True,,230.99999999999997,0,64,8,development,S064R08E12,0,3,train
13,110.9,4.1,73,high_amplitude,True,,232.0,1,64,8,development,S064R08E13,0,3,train
14,119.1,4.0,74,high_amplitude,True,,239.0,0,64,8,development,S064R08E14,0,3,train
0,4.2,4.1,75,high_amplitude,True,,232.0,1,64,12,development,S064R12E00,1,3,train
1,12.4,4.1,76,high_amplitude,True,,237.0,0,64,12,development,S064R12E01,1,3,train
2,20.6,4.1,77,ok,False,,78.0,1,64,12,development,S064R12E02,1,3,train
3,28.8,4.1,78,high_amplitude,True,,219.99999999999997,0,64,12,development,S064R12E03,1,3,train
4,37.0,4.1,79,high_amplitude,True,,228.0,1,64,12,development,S064R12E04,1,3,train
5,45.2,4.1,80,ok,False,,167.0,0,64,12,development,S064R12E05,0,3,train
6,53.4,4.1,81,ok,False,,166.0,1,64,12,development,S064R12E06,0,3,train
7,61.6,4.1,82,ok,False,,97.0,0,64,12,development,S064R12E07,1,3,train
8,69.8,4.1,83,ok,False,,190.0,1,64,12,development,S064R12E08,1,3,train
9,78.0,4.1,84,ok,False,,80.0,0,64,12,development,S064R12E09,1,3,train
10,86.2,4.1,85,ok,False,,198.0,0,64,12,development,S064R12E10,1,3,train
11,94.4,4.1,86,high_amplitude,True,,204.0,1,64,12,development,S064R12E11,1,3,train
12,102.6,4.1,87,ok,False,,95.0,0,64,12,development,S064R12E12,0,3,train
13,110.8,4.1,88,ok,False,,197.0,1,64,12,development,S064R12E13,1,3,train
14,119.0,4.0,89,high_amplitude,True,,206.0,1,64,12,development,S064R12E14,1,3,train
0,4.3,4.1,126,high_amplitude,True,,201.0,1,74,4,development,S074R04E00,1,3,train
1,12.5,4.1,127,ok,False,,122.0,0,74,4,development,S074R04E01,1,3,train
2,20.7,4.1,128,ok,False,,111.0,0,74,4,development,S074R04E02,0,3,train
3,28.9,4.1,129,ok,False,,112.0,1,74,4,development,S074R04E03,1,3,train
4,37.1,4.1,130,ok,False,,181.99999999999997,1,74,4,development,S074R04E04,1,3,train
5,45.3,4.1,131,ok,False,,109.0,0,74,4,development,S074R04E05,1,3,train
6,53.5,4.1,132,ok,False,,102.0,1,74,4,development,S074R04E06,0,3,train
7,61.7,4.1,133,ok,False,,93.0,0,74,4,development,S074R04E07,0,3,train
8,69.9,4.1,134,ok,False,,122.0,1,74,4,development,S074R04E08,0,3,train
9,78.1,4.1,135,ok,False,,97.0,0,74,4,development,S074R04E09,0,3,train
10,86.3,4.1,136,ok,False,,96.0,1,74,4,development,S074R04E10,1,3,train
11,94.5,4.1,137,ok,False,,113.0,0,74,4,development,S074R04E11,0,3,train
12,102.7,4.1,138,ok,False,,98.0,0,74,4,development,S074R04E12,0,3,train
13,110.9,4.1,139,ok,False,,114.0,1,74,4,development,S074R04E13,1,3,train
14,119.1,4.0,140,ok,False,,120.0,0,74,4,development,S074R04E14,1,3,train
0,4.2,4.1,141,ok,False,,132.99999999999997,1,74,8,development,S074R08E00,0,3,train
1,12.4,4.1,142,ok,False,,129.0,0,74,8,development,S074R08E01,0,3,train
2,20.6,4.1,143,ok,False,,100.0,1,74,8,development,S074R08E02,0,3,train
3,28.8,4.1,144,ok,False,,139.0,0,74,8,development,S074R08E03,0,3,train
4,37.0,4.1,145,ok,False,,137.0,1,74,8,development,S074R08E04,0,3,train
5,45.2,4.1,146,high_amplitude,True,,205.0,0,74,8,development,S074R08E05,1,3,train
6,53.4,4.1,147,ok,False,,140.99999999999997,0,74,8,development,S074R08E06,0,3,train
7,61.6,4.1,148,ok,False,,127.0,1,74,8,development,S074R08E07,1,3,train
8,69.8,4.1,149,ok,False,,143.0,1,74,8,development,S074R08E08,0,3,train
9,78.0,4.1,150,ok,False,,119.0,0,74,8,development,S074R08E09,1,3,train
10,86.2,4.1,151,ok,False,,121.0,0,74,8,development,S074R08E10,0,3,train
11,94.4,4.1,152,ok,False,,157.0,1,74,8,development,S074R08E11,1,3,train
12,102.6,4.1,153,ok,False,,93.0,1,74,8,development,S074R08E12,1,3,train
13,110.8,4.1,154,ok,False,,115.0,0,74,8,development,S074R08E13,1,3,train
14,119.0,4.0,155,ok,False,,147.0,0,74,8,development,S074R08E14,0,3,train
0,4.2,4.1,156,ok,False,,159.0,1,74,12,development,S074R12E00,1,3,train
1,12.4,4.1,157,ok,False,,157.0,0,74,12,development,S074R12E01,0,3,train
2,20.6,4.1,158,ok,False,,126.0,0,74,12,development,S074R12E02,1,3,train
3,28.8,4.1,159,ok,False,,140.0,1,74,12,development,S074R12E03,0,3,train
4,37.0,4.1,160,ok,False,,123.0,0,74,12,development,S074R12E04,0,3,train
5,45.2,4.1,161,ok,False,,188.0,1,74,12,development,S074R12E05,1,3,train
6,53.4,4.1,162,ok,False,,132.99999999999997,0,74,12,development,S074R12E06,1,3,train
7,61.6,4.1,163,ok,False,,143.0,1,74,12,development,S074R12E07,1,3,train
8,69.8,4.1,164,ok,False,,117.0,1,74,12,development,S074R12E08,1,3,train
9,78.0,4.1,165,ok,False,,189.0,0,74,12,development,S074R12E09,1,3,train
10,86.2,4.1,166,ok,False,,121.0,1,74,12,development,S074R12E10,0,3,train
11,94.4,4.1,167,ok,False,,126.0,0,74,12,development,S074R12E11,0,3,train
12,102.6,4.1,168,ok,False,,167.0,1,74,12,development,S074R12E12,0,3,train
13,110.8,4.1,169,ok,False,,167.0,0,74,12,development,S074R12E13,0,3,train
14,119.0,4.0,170,ok,False,,167.0,0,74,12,development,S074R12E14,0,3,train
0,4.1,4.1,171,high_amplitude,True,,451.0,0,15,4,development,S015R04E00,1,3,train
1,12.3,4.1,172,high_amplitude,True,,411.0,1,15,4,development,S015R04E01,1,3,train
2,20.5,4.1,173,high_amplitude,True,,492.99999999999994,0,15,4,development,S015R04E02,0,3,train
3,28.7,4.1,174,high_amplitude,True,,463.0,1,15,4,development,S015R04E03,1,3,train
4,36.9,4.1,175,high_amplitude,True,,419.0,1,15,4,development,S015R04E04,1,3,train
5,45.1,4.1,176,high_amplitude,True,,463.0,0,15,4,development,S015R04E05,0,3,train
6,53.3,4.1,177,high_amplitude,True,,341.0,0,15,4,development,S015R04E06,0,3,train
7,61.5,4.1,178,high_amplitude,True,,359.99999999999994,1,15,4,development,S015R04E07,1,3,train
8,69.7,4.1,179,high_amplitude,True,,387.0,0,15,4,development,S015R04E08,0,3,train
9,77.9,4.1,180,high_amplitude,True,,349.0,1,15,4,development,S015R04E09,1,3,train
10,86.1,4.1,181,high_amplitude,True,,359.99999999999994,1,15,4,development,S015R04E10,1,3,train
11,94.3,4.1,182,high_amplitude,True,,372.99999999999994,0,15,4,development,S015R04E11,0,3,train
12,102.5,4.1,183,high_amplitude,True,,327.99999999999994,1,15,4,development,S015R04E12,1,3,train
13,110.7,4.1,184,high_amplitude,True,,338.0,0,15,4,development,S015R04E13,0,3,train
14,118.9,4.1,185,high_amplitude,True,,318.00000000000006,1,15,4,development,S015R04E14,1,3,train
0,4.1,4.1,186,high_amplitude,True,,307.0,1,15,8,development,S015R08E00,1,3,train
1,12.3,4.1,187,high_amplitude,True,,335.0,0,15,8,development,S015R08E01,0,3,train
2,20.5,4.1,188,high_amplitude,True,,327.0,1,15,8,development,S015R08E02,1,3,train
3,28.7,4.1,189,high_amplitude,True,,296.99999999999994,0,15,8,development,S015R08E03,0,3,train
4,36.9,4.1,190,high_amplitude,True,,323.99999999999994,0,15,8,development,S015R08E04,1,3,train
5,45.1,4.1,191,high_amplitude,True,,420.99999999999994,1,15,8,development,S015R08E05,1,3,train
6,53.3,4.1,192,high_amplitude,True,,383.0,1,15,8,development,S015R08E06,0,3,train
7,61.5,4.1,193,high_amplitude,True,,434.0,0,15,8,development,S015R08E07,0,3,train
8,69.7,4.1,194,high_amplitude,True,,376.99999999999994,1,15,8,development,S015R08E08,1,3,train
9,77.9,4.1,195,high_amplitude,True,,358.99999999999994,0,15,8,development,S015R08E09,0,3,train
10,86.1,4.1,196,high_amplitude,True,,363.0,0,15,8,development,S015R08E10,1,3,train
11,94.3,4.1,197,high_amplitude,True,,303.0,1,15,8,development,S015R08E11,1,3,train
12,102.5,4.1,198,high_amplitude,True,,338.0,0,15,8,development,S015R08E12,0,3,train
13,110.7,4.1,199,high_amplitude,True,,304.0,1,15,8,development,S015R08E13,1,3,train
14,118.9,4.1,200,high_amplitude,True,,314.0,0,15,8,development,S015R08E14,0,3,train
0,4.1,4.1,201,high_amplitude,True,,312.0,1,15,12,development,S015R12E00,1,3,train
1,12.3,4.1,202,high_amplitude,True,,250.99999999999997,0,15,12,development,S015R12E01,0,3,train
2,20.5,4.1,203,high_amplitude,True,,276.0,1,15,12,development,S015R12E02,1,3,train
3,28.7,4.1,204,high_amplitude,True,,301.99999999999994,0,15,12,development,S015R12E03,0,3,train
4,36.9,4.1,205,high_amplitude,True,,517.0,0,15,12,development,S015R12E04,0,3,train
5,45.1,4.1,206,high_amplitude,True,,239.99999999999997,1,15,12,development,S015R12E05,1,3,train
6,53.3,4.1,207,high_amplitude,True,,294.0,1,15,12,development,S015R12E06,1,3,train
7,61.5,4.1,208,high_amplitude,True,,290.0,0,15,12,development,S015R12E07,0,3,train
8,69.7,4.1,209,high_amplitude,True,,398.0,1,15,12,development,S015R12E08,1,3,train
9,77.9,4.1,210,high_amplitude,True,,486.0,0,15,12,development,S015R12E09,1,3,train
10,86.1,4.1,211,high_amplitude,True,,445.0,0,15,12,development,S015R12E10,0,3,train
11,94.3,4.1,212,high_amplitude,True,,330.0,1,15,12,development,S015R12E11,1,3,train
12,102.5,4.1,213,high_amplitude,True,,313.0,0,15,12,development,S015R12E12,1,3,train
13,110.7,4.1,214,high_amplitude,True,,281.99999999999994,1,15,12,development,S015R12E13,1,3,train
14,118.9,4.1,215,high_amplitude,True,,271.0,0,15,12,development,S015R12E14,1,3,train
0,4.1,4.1,216,ok,False,,195.0,0,42,4,development,S042R04E00,0,3,train
1,12.3,4.1,217,high_amplitude,True,,207.0,1,42,4,development,S042R04E01,1,3,train
2,20.5,4.1,218,ok,False,,144.0,0,42,4,development,S042R04E02,0,3,train
3,28.7,4.1,219,ok,False,,121.0,1,42,4,development,S042R04E03,0,3,train
4,36.9,4.1,220,ok,False,,127.0,0,42,4,development,S042R04E04,0,3,train
5,45.1,4.1,221,ok,False,,192.99999999999997,1,42,4,development,S042R04E05,1,3,train
6,53.3,4.1,222,high_amplitude,True,,208.99999999999997,0,42,4,development,S042R04E06,0,3,train
7,61.5,4.1,223,high_amplitude,True,,228.0,1,42,4,development,S042R04E07,1,3,train
8,69.7,4.1,224,high_amplitude,True,,203.99999999999997,0,42,4,development,S042R04E08,0,3,train
9,77.9,4.1,225,high_amplitude,True,,204.0,1,42,4,development,S042R04E09,1,3,train
10,86.1,4.1,226,ok,False,,104.0,1,42,4,development,S042R04E10,1,3,train
11,94.3,4.1,227,ok,False,,170.99999999999997,0,42,4,development,S042R04E11,0,3,train
12,102.5,4.1,228,ok,False,,132.99999999999997,0,42,4,development,S042R04E12,1,3,train
13,110.7,4.1,229,ok,False,,149.0,1,42,4,development,S042R04E13,0,3,train
14,118.9,4.1,230,ok,False,,179.0,1,42,4,development,S042R04E14,1,3,train
0,4.1,4.1,231,high_amplitude,True,,213.99999999999997,0,42,8,development,S042R08E00,0,3,train
1,12.3,4.1,232,ok,False,,116.0,1,42,8,development,S042R08E01,1,3,train
2,20.5,4.1,233,ok,False,,150.0,0,42,8,development,S042R08E02,0,3,train
3,28.7,4.1,234,ok,False,,86.0,1,42,8,development,S042R08E03,1,3,train
4,36.9,4.1,235,ok,False,,142.99999999999997,0,42,8,development,S042R08E04,0,3,train
5,45.1,4.1,236,ok,False,,181.0,1,42,8,development,S042R08E05,1,3,train
6,53.3,4.1,237,high_amplitude,True,,204.0,0,42,8,development,S042R08E06,0,3,train
7,61.5,4.1,238,ok,False,,110.0,1,42,8,development,S042R08E07,1,3,train
8,69.7,4.1,239,ok,False,,136.0,0,42,8,development,S042R08E08,0,3,train
9,77.9,4.1,240,ok,False,,166.0,1,42,8,development,S042R08E09,1,3,train
10,86.1,4.1,241,ok,False,,183.99999999999997,0,42,8,development,S042R08E10,0,3,train
11,94.3,4.1,242,high_amplitude,True,,208.0,1,42,8,development,S042R08E11,1,3,train
12,102.5,4.1,243,ok,False,,108.0,1,42,8,development,S042R08E12,1,3,train
13,110.7,4.1,244,ok,False,,118.0,0,42,8,development,S042R08E13,0,3,train
14,118.9,4.1,245,ok,False,,124.0,0,42,8,development,S042R08E14,0,3,train
0,4.1,4.1,246,ok,False,,106.0,1,42,12,development,S042R12E00,1,3,train
1,12.3,4.1,247,ok,False,,109.0,0,42,12,development,S042R12E01,0,3,train
2,20.5,4.1,248,ok,False,,109.0,1,42,12,development,S042R12E02,1,3,train
3,28.7,4.1,249,high_amplitude,True,,223.0,0,42,12,development,S042R12E03,0,3,train
4,36.9,4.1,250,ok,False,,113.0,0,42,12,development,S042R12E04,0,3,train
5,45.1,4.1,251,ok,False,,118.0,1,42,12,development,S042R12E05,1,3,train
6,53.3,4.1,252,ok,False,,196.0,0,42,12,development,S042R12E06,0,3,train
7,61.5,4.1,253,ok,False,,151.99999999999997,1,42,12,development,S042R12E07,1,3,train
8,69.7,4.1,254,ok,False,,99.0,1,42,12,development,S042R12E08,1,3,train
9,77.9,4.1,255,ok,False,,108.0,0,42,12,development,S042R12E09,1,3,train
10,86.1,4.1,256,ok,False,,129.0,1,42,12,development,S042R12E10,1,3,train
11,94.3,4.1,257,ok,False,,128.0,0,42,12,development,S042R12E11,0,3,train
12,102.5,4.1,258,ok,False,,116.0,1,42,12,development,S042R12E12,1,3,train
13,110.7,4.1,259,ok,False,,110.0,0,42,12,development,S042R12E13,0,3,train
14,118.9,4.1,260,ok,False,,144.0,1,42,12,development,S042R12E14,1,3,train
0,4.1,4.1,261,high_amplitude,True,,272.99999999999994,1,36,4,development,S036R04E00,0,3,train
1,12.3,4.1,262,high_amplitude,True,,345.99999999999994,0,36,4,development,S036R04E01,1,3,train
2,20.5,4.1,263,high_amplitude,True,,1042.0,1,36,4,development,S036R04E02,0,3,train
3,28.7,4.1,264,high_amplitude,True,,497.99999999999994,0,36,4,development,S036R04E03,0,3,train
4,36.9,4.1,265,high_amplitude,True,,513.9999999999999,0,36,4,development,S036R04E04,0,3,train
5,45.1,4.1,266,high_amplitude,True,,416.00000000000006,1,36,4,development,S036R04E05,1,3,train
6,53.3,4.1,267,high_amplitude,True,,279.0,1,36,4,development,S036R04E06,0,3,train
7,61.5,4.1,268,high_amplitude,True,,378.0,0,36,4,development,S036R04E07,0,3,train
8,69.7,4.1,269,high_amplitude,True,,517.0,0,36,4,development,S036R04E08,1,3,train
9,77.9,4.1,270,high_amplitude,True,,294.0,1,36,4,development,S036R04E09,0,3,train
10,86.1,4.1,271,high_amplitude,True,,401.0,0,36,4,development,S036R04E10,0,3,train
11,94.3,4.1,272,high_amplitude,True,,339.0,1,36,4,development,S036R04E11,0,3,train
12,102.5,4.1,273,high_amplitude,True,,296.0,0,36,4,development,S036R04E12,1,3,train
13,110.7,4.1,274,high_amplitude,True,,577.0,1,36,4,development,S036R04E13,0,3,train
14,118.9,4.1,275,high_amplitude,True,,534.0,0,36,4,development,S036R04E14,0,3,train
0,4.1,4.1,276,high_amplitude,True,,343.0,0,36,8,development,S036R08E00,0,3,train
1,12.3,4.1,277,high_amplitude,True,,320.0,1,36,8,development,S036R08E01,1,3,train
2,20.5,4.1,278,high_amplitude,True,,420.0,1,36,8,development,S036R08E02,0,3,train
3,28.7,4.1,279,high_amplitude,True,,807.9999999999999,0,36,8,development,S036R08E03,1,3,train
4,36.9,4.1,280,high_amplitude,True,,655.0,0,36,8,development,S036R08E04,1,3,train
5,45.1,4.1,281,high_amplitude,True,,625.0,1,36,8,development,S036R08E05,1,3,train
6,53.3,4.1,282,high_amplitude,True,,841.0,0,36,8,development,S036R08E06,1,3,train
7,61.5,4.1,283,high_amplitude,True,,1044.0,1,36,8,development,S036R08E07,0,3,train
8,69.7,4.1,284,high_amplitude,True,,1112.9999999999998,1,36,8,development,S036R08E08,1,3,train
9,77.9,4.1,285,high_amplitude,True,,1049.0,0,36,8,development,S036R08E09,1,3,train
10,86.1,4.1,286,high_amplitude,True,,501.99999999999994,1,36,8,development,S036R08E10,1,3,train
11,94.3,4.1,287,high_amplitude,True,,426.99999999999994,0,36,8,development,S036R08E11,0,3,train
12,102.5,4.1,288,high_amplitude,True,,747.0,1,36,8,development,S036R08E12,1,3,train
13,110.7,4.1,289,high_amplitude,True,,365.99999999999994,0,36,8,development,S036R08E13,0,3,train
14,118.9,4.1,290,high_amplitude,True,,398.0,1,36,8,development,S036R08E14,0,3,train
0,4.1,4.1,291,high_amplitude,True,,359.0,0,36,12,development,S036R12E00,1,3,train
1,12.3,4.1,292,high_amplitude,True,,763.0,1,36,12,development,S036R12E01,1,3,train
2,20.5,4.1,293,high_amplitude,True,,1082.0,1,36,12,development,S036R12E02,1,3,train
3,28.7,4.1,294,high_amplitude,True,,639.0,0,36,12,development,S036R12E03,0,3,train
4,36.9,4.1,295,high_amplitude,True,,812.9999999999999,1,36,12,development,S036R12E04,0,3,train
5,45.1,4.1,296,high_amplitude,True,,1056.0,0,36,12,development,S036R12E05,1,3,train
6,53.3,4.1,297,high_amplitude,True,,1112.9999999999998,0,36,12,development,S036R12E06,0,3,train
7,61.5,4.1,298,high_amplitude,True,,811.0,1,36,12,development,S036R12E07,0,3,train
8,69.7,4.1,299,high_amplitude,True,,761.0,1,36,12,development,S036R12E08,1,3,train
9,77.9,4.1,300,high_amplitude,True,,904.0,0,36,12,development,S036R12E09,0,3,train
10,86.1,4.1,301,high_amplitude,True,,792.9999999999999,1,36,12,development,S036R12E10,0,3,train
11,94.3,4.1,302,high_amplitude,True,,776.0,0,36,12,development,S036R12E11,0,3,train
12,102.5,4.1,303,high_amplitude,True,,794.9999999999999,0,36,12,development,S036R12E12,0,3,train
13,110.7,4.1,304,high_amplitude,True,,730.0,1,36,12,development,S036R12E13,1,3,train
14,118.9,4.1,305,high_amplitude,True,,1088.0,0,36,12,development,S036R12E14,1,3,train
0,4.1,4.1,306,high_amplitude,True,,910.0,1,70,4,development,S070R04E00,1,3,train
1,12.3,4.1,307,high_amplitude,True,,821.0,0,70,4,development,S070R04E01,1,3,train
2,20.5,4.1,308,high_amplitude,True,,518.9999999999999,1,70,4,development,S070R04E02,1,3,train
3,28.7,4.1,309,high_amplitude,True,,718.0,0,70,4,development,S070R04E03,1,3,train
4,36.9,4.1,310,high_amplitude,True,,822.0,0,70,4,development,S070R04E04,0,3,train
5,45.1,4.1,311,high_amplitude,True,,722.0,1,70,4,development,S070R04E05,1,3,train
6,53.3,4.1,312,high_amplitude,True,,634.9999999999999,1,70,4,development,S070R04E06,1,3,train
7,61.5,4.1,313,high_amplitude,True,,816.9999999999999,0,70,4,development,S070R04E07,1,3,train
8,69.7,4.1,314,high_amplitude,True,,861.9999999999999,0,70,4,development,S070R04E08,0,3,train
9,77.9,4.1,315,high_amplitude,True,,797.0,1,70,4,development,S070R04E09,1,3,train
10,86.1,4.1,316,high_amplitude,True,,783.0000000000001,0,70,4,development,S070R04E10,1,3,train
11,94.3,4.1,317,high_amplitude,True,,426.99999999999994,1,70,4,development,S070R04E11,1,3,train
12,102.5,4.1,318,high_amplitude,True,,655.9999999999999,1,70,4,development,S070R04E12,1,3,train
13,110.7,4.1,319,high_amplitude,True,,727.9999999999999,0,70,4,development,S070R04E13,0,3,train
14,118.9,4.1,320,high_amplitude,True,,745.0,1,70,4,development,S070R04E14,1,3,train
0,4.1,4.1,321,high_amplitude,True,,902.0,1,70,8,development,S070R08E00,1,3,train
1,12.3,4.1,322,high_amplitude,True,,647.0,0,70,8,development,S070R08E01,0,3,train
2,20.5,4.1,323,high_amplitude,True,,408.99999999999994,0,70,8,development,S070R08E02,1,3,train
3,28.7,4.1,324,high_amplitude,True,,902.0,1,70,8,development,S070R08E03,0,3,train
4,36.9,4.1,325,high_amplitude,True,,452.99999999999994,1,70,8,development,S070R08E04,0,3,train
5,45.1,4.1,326,high_amplitude,True,,793.0,0,70,8,development,S070R08E05,1,3,train
6,53.3,4.1,327,high_amplitude,True,,761.0,1,70,8,development,S070R08E06,0,3,train
7,61.5,4.1,328,high_amplitude,True,,907.0,0,70,8,development,S070R08E07,0,3,train
8,69.7,4.1,329,high_amplitude,True,,412.99999999999994,1,70,8,development,S070R08E08,1,3,train
9,77.9,4.1,330,high_amplitude,True,,708.0,0,70,8,development,S070R08E09,0,3,train
10,86.1,4.1,331,high_amplitude,True,,500.99999999999994,1,70,8,development,S070R08E10,1,3,train
11,94.3,4.1,332,high_amplitude,True,,834.0,0,70,8,development,S070R08E11,1,3,train
12,102.5,4.1,333,high_amplitude,True,,799.0,0,70,8,development,S070R08E12,1,3,train
13,110.7,4.1,334,high_amplitude,True,,759.0,1,70,8,development,S070R08E13,1,3,train
14,118.9,4.1,335,high_amplitude,True,,683.0,0,70,8,development,S070R08E14,1,3,train
0,4.1,4.1,336,high_amplitude,True,,348.0,1,70,12,development,S070R12E00,1,3,train
1,12.3,4.1,337,high_amplitude,True,,410.0,0,70,12,development,S070R12E01,0,3,train
2,20.5,4.1,338,high_amplitude,True,,372.0,0,70,12,development,S070R12E02,0,3,train
3,28.7,4.1,339,high_amplitude,True,,368.99999999999994,1,70,12,development,S070R12E03,1,3,train
4,36.9,4.1,340,high_amplitude,True,,401.0,0,70,12,development,S070R12E04,0,3,train
5,45.1,4.1,341,high_amplitude,True,,387.0,1,70,12,development,S070R12E05,1,3,train
6,53.3,4.1,342,high_amplitude,True,,322.0,0,70,12,development,S070R12E06,0,3,train
7,61.5,4.1,343,high_amplitude,True,,383.99999999999994,1,70,12,development,S070R12E07,1,3,train
8,69.7,4.1,344,high_amplitude,True,,518.0,0,70,12,development,S070R12E08,0,3,train
9,77.9,4.1,345,high_amplitude,True,,443.0,1,70,12,development,S070R12E09,0,3,train
10,86.1,4.1,346,high_amplitude,True,,514.9999999999999,0,70,12,development,S070R12E10,0,3,train
11,94.3,4.1,347,high_amplitude,True,,419.0,1,70,12,development,S070R12E11,1,3,train
12,102.5,4.1,348,high_amplitude,True,,892.9999999999999,0,70,12,development,S070R12E12,1,3,train
13,110.7,4.1,349,high_amplitude,True,,606.0,1,70,12,development,S070R12E13,1,3,train
14,118.9,4.1,350,high_amplitude,True,,374.0,1,70,12,development,S070R12E14,1,3,train
0,4.1,4.1,351,high_amplitude,True,,699.0,0,109,4,development,S109R04E00,0,3,train
1,12.3,4.1,352,high_amplitude,True,,704.9999999999999,1,109,4,development,S109R04E01,1,3,train
2,20.5,4.1,353,high_amplitude,True,,727.9999999999999,1,109,4,development,S109R04E02,1,3,train
3,28.7,4.1,354,high_amplitude,True,,716.0,0,109,4,development,S109R04E03,0,3,train
4,36.9,4.1,355,high_amplitude,True,,710.0,1,109,4,development,S109R04E04,1,3,train
5,45.1,4.1,356,high_amplitude,True,,688.9999999999999,0,109,4,development,S109R04E05,1,3,train
6,53.3,4.1,357,high_amplitude,True,,696.9999999999999,1,109,4,development,S109R04E06,1,3,train
7,61.5,4.1,358,high_amplitude,True,,704.9999999999999,0,109,4,development,S109R04E07,0,3,train
8,69.7,4.1,359,high_amplitude,True,,727.0,1,109,4,development,S109R04E08,1,3,train
9,77.9,4.1,360,high_amplitude,True,,725.0,0,109,4,development,S109R04E09,0,3,train
10,86.1,4.1,361,high_amplitude,True,,711.0,0,109,4,development,S109R04E10,0,3,train
11,94.3,4.1,362,high_amplitude,True,,704.0,1,109,4,development,S109R04E11,0,3,train
12,102.5,4.1,363,high_amplitude,True,,726.0,0,109,4,development,S109R04E12,1,3,train
13,110.7,4.1,364,high_amplitude,True,,727.9999999999999,1,109,4,development,S109R04E13,1,3,train
14,118.9,4.1,365,high_amplitude,True,,718.0,1,109,4,development,S109R04E14,0,3,train
0,4.1,4.1,366,high_amplitude,True,,719.9999999999999,1,109,8,development,S109R08E00,0,3,train
1,12.3,4.1,367,high_amplitude,True,,657.0,0,109,8,development,S109R08E01,0,3,train
2,20.5,4.1,368,high_amplitude,True,,645.0,1,109,8,development,S109R08E02,1,3,train
3,28.7,4.1,369,high_amplitude,True,,683.9999999999999,0,109,8,development,S109R08E03,1,3,train
4,36.9,4.1,370,high_amplitude,True,,658.0,0,109,8,development,S109R08E04,0,3,train
5,45.1,4.1,371,high_amplitude,True,,691.0,1,109,8,development,S109R08E05,1,3,train
6,53.3,4.1,372,high_amplitude,True,,690.0,0,109,8,development,S109R08E06,0,3,train
7,61.5,4.1,373,high_amplitude,True,,700.0,1,109,8,development,S109R08E07,1,3,train
8,69.7,4.1,374,high_amplitude,True,,658.0,1,109,8,development,S109R08E08,1,3,train
9,77.9,4.1,375,high_amplitude,True,,683.0,0,109,8,development,S109R08E09,0,3,train
10,86.1,4.1,376,high_amplitude,True,,668.0,1,109,8,development,S109R08E10,0,3,train
11,94.3,4.1,377,high_amplitude,True,,704.0,0,109,8,development,S109R08E11,0,3,train
12,102.5,4.1,378,high_amplitude,True,,691.0,1,109,8,development,S109R08E12,1,3,train
13,110.7,4.1,379,high_amplitude,True,,683.0,0,109,8,development,S109R08E13,0,3,train
14,118.9,4.1,380,high_amplitude,True,,676.0,0,109,8,development,S109R08E14,0,3,train
0,4.1,4.1,381,high_amplitude,True,,704.9999999999999,1,109,12,development,S109R12E00,1,3,train
1,12.3,4.1,382,high_amplitude,True,,691.9999999999999,0,109,12,development,S109R12E01,0,3,train
2,20.5,4.1,383,high_amplitude,True,,670.9999999999999,1,109,12,development,S109R12E02,0,3,train
3,28.7,4.1,384,high_amplitude,True,,688.9999999999999,0,109,12,development,S109R12E03,0,3,train
4,36.9,4.1,385,high_amplitude,True,,685.0,0,109,12,development,S109R12E04,1,3,train
5,45.1,4.1,386,high_amplitude,True,,676.0,1,109,12,development,S109R12E05,1,3,train
6,53.3,4.1,387,high_amplitude,True,,654.0,1,109,12,development,S109R12E06,1,3,train
7,61.5,4.1,388,high_amplitude,True,,717.9999999999999,0,109,12,development,S109R12E07,1,3,train
8,69.7,4.1,389,high_amplitude,True,,701.9999999999999,1,109,12,development,S109R12E08,0,3,train
9,77.9,4.1,390,high_amplitude,True,,714.9999999999999,0,109,12,development,S109R12E09,1,3,train
10,86.1,4.1,391,high_amplitude,True,,690.0,0,109,12,development,S109R12E10,1,3,train
11,94.3,4.1,392,high_amplitude,True,,704.0,1,109,12,development,S109R12E11,1,3,train
12,102.5,4.1,393,high_amplitude,True,,669.0,0,109,12,development,S109R12E12,0,3,train
13,110.7,4.1,394,high_amplitude,True,,676.0,1,109,12,development,S109R12E13,1,3,train
14,118.9,4.1,395,high_amplitude,True,,678.9999999999999,0,109,12,development,S109R12E14,0,3,train
0,4.1,4.1,396,high_amplitude,True,,921.0,0,75,4,development,S075R04E00,0,3,train
1,12.3,4.1,397,high_amplitude,True,,726.0,1,75,4,development,S075R04E01,0,3,train
2,20.5,4.1,398,high_amplitude,True,,768.0,1,75,4,development,S075R04E02,0,3,train
3,28.7,4.1,399,high_amplitude,True,,701.9999999999999,0,75,4,development,S075R04E03,0,3,train
4,36.9,4.1,400,high_amplitude,True,,765.0,1,75,4,development,S075R04E04,0,3,train
5,45.1,4.1,401,high_amplitude,True,,686.9999999999999,0,75,4,development,S075R04E05,0,3,train
6,53.3,4.1,402,high_amplitude,True,,672.0,1,75,4,development,S075R04E06,1,3,train
7,61.5,4.1,403,high_amplitude,True,,633.0,0,75,4,development,S075R04E07,0,3,train
8,69.7,4.1,404,high_amplitude,True,,706.0,1,75,4,development,S075R04E08,0,3,train
9,77.9,4.1,405,high_amplitude,True,,955.0,0,75,4,development,S075R04E09,0,3,train
10,86.1,4.1,406,high_amplitude,True,,683.9999999999999,0,75,4,development,S075R04E10,0,3,train
11,94.3,4.1,407,high_amplitude,True,,910.0,1,75,4,development,S075R04E11,0,3,train
12,102.5,4.1,408,high_amplitude,True,,1117.0,1,75,4,development,S075R04E12,0,3,train
13,110.7,4.1,409,high_amplitude,True,,1019.0,0,75,4,development,S075R04E13,0,3,train
14,118.9,4.1,410,high_amplitude,True,,652.9999999999999,1,75,4,development,S075R04E14,1,3,train
0,4.1,4.1,411,high_amplitude,True,,525.0,0,75,8,development,S075R08E00,1,3,train
1,12.3,4.1,412,high_amplitude,True,,1043.0,1,75,8,development,S075R08E01,0,3,train
2,20.5,4.1,413,high_amplitude,True,,931.0,0,75,8,development,S075R08E02,0,3,train
3,28.7,4.1,414,high_amplitude,True,,1055.0,1,75,8,development,S075R08E03,1,3,train
4,36.9,4.1,415,high_amplitude,True,,616.0,1,75,8,development,S075R08E04,1,3,train
5,45.1,4.1,416,high_amplitude,True,,868.0000000000001,0,75,8,development,S075R08E05,0,3,train
6,53.3,4.1,417,high_amplitude,True,,966.0,0,75,8,development,S075R08E06,0,3,train
7,61.5,4.1,418,high_amplitude,True,,1115.9999999999998,1,75,8,development,S075R08E07,0,3,train
8,69.7,4.1,419,high_amplitude,True,,998.0,1,75,8,development,S075R08E08,1,3,train
9,77.9,4.1,420,high_amplitude,True,,925.0,0,75,8,development,S075R08E09,0,3,train
10,86.1,4.1,421,high_amplitude,True,,904.0,1,75,8,development,S075R08E10,1,3,train
11,94.3,4.1,422,high_amplitude,True,,892.9999999999999,0,75,8,development,S075R08E11,0,3,train
12,102.5,4.1,423,high_amplitude,True,,1108.9999999999998,1,75,8,development,S075R08E12,1,3,train
13,110.7,4.1,424,high_amplitude,True,,993.0,0,75,8,development,S075R08E13,0,3,train
14,118.9,4.1,425,high_amplitude,True,,991.0,1,75,8,development,S075R08E14,1,3,train
0,4.1,4.1,426,high_amplitude,True,,998.0,0,75,12,development,S075R12E00,0,3,train
1,12.3,4.1,427,high_amplitude,True,,921.0,1,75,12,development,S075R12E01,1,3,train
2,20.5,4.1,428,high_amplitude,True,,996.0,0,75,12,development,S075R12E02,0,3,train
3,28.7,4.1,429,high_amplitude,True,,917.0,1,75,12,development,S075R12E03,1,3,train
4,36.9,4.1,430,high_amplitude,True,,1059.0,1,75,12,development,S075R12E04,1,3,train
5,45.1,4.1,431,high_amplitude,True,,928.0,0,75,12,development,S075R12E05,1,3,train
6,53.3,4.1,432,high_amplitude,True,,851.9999999999999,0,75,12,development,S075R12E06,1,3,train
7,61.5,4.1,433,high_amplitude,True,,1096.0,1,75,12,development,S075R12E07,1,3,train
8,69.7,4.1,434,high_amplitude,True,,1002.0,0,75,12,development,S075R12E08,0,3,train
9,77.9,4.1,435,high_amplitude,True,,989.0,1,75,12,development,S075R12E09,1,3,train
10,86.1,4.1,436,high_amplitude,True,,975.0,0,75,12,development,S075R12E10,0,3,train
11,94.3,4.1,437,high_amplitude,True,,1005.0,1,75,12,development,S075R12E11,1,3,train
12,102.5,4.1,438,high_amplitude,True,,1010.0,0,75,12,development,S075R12E12,0,3,train
13,110.7,4.1,439,high_amplitude,True,,1122.9999999999998,1,75,12,development,S075R12E13,1,3,train
14,118.9,4.1,440,high_amplitude,True,,877.0,0,75,12,development,S075R12E14,0,3,train
0,4.1,4.1,441,ok,False,,83.0,0,20,4,development,S020R04E00,0,3,train
1,12.3,4.1,442,ok,False,,101.0,1,20,4,development,S020R04E01,0,3,train
2,20.5,4.1,443,ok,False,,80.0,1,20,4,development,S020R04E02,1,3,train
3,28.7,4.1,444,ok,False,,80.99999999999999,0,20,4,development,S020R04E03,0,3,train
4,36.9,4.1,445,ok,False,,79.0,1,20,4,development,S020R04E04,1,3,train
5,45.1,4.1,446,ok,False,,88.0,0,20,4,development,S020R04E05,0,3,train
6,53.3,4.1,447,high_amplitude,True,,260.99999999999994,0,20,4,development,S020R04E06,1,3,train
7,61.5,4.1,448,ok,False,,113.0,1,20,4,development,S020R04E07,1,3,train
8,69.7,4.1,449,ok,False,,190.0,0,20,4,development,S020R04E08,0,3,train
9,77.9,4.1,450,ok,False,,102.0,1,20,4,development,S020R04E09,1,3,train
10,86.1,4.1,451,high_amplitude,True,,256.99999999999994,1,20,4,development,S020R04E10,0,3,train
11,94.3,4.1,452,ok,False,,142.99999999999997,0,20,4,development,S020R04E11,0,3,train
12,102.5,4.1,453,high_amplitude,True,,254.0,1,20,4,development,S020R04E12,0,3,train
13,110.7,4.1,454,ok,False,,158.0,0,20,4,development,S020R04E13,1,3,train
14,118.9,4.1,455,ok,False,,130.0,1,20,4,development,S020R04E14,1,3,train
0,4.1,4.1,456,ok,False,,91.0,1,20,8,development,S020R08E00,1,3,train
1,12.3,4.1,457,ok,False,,79.0,0,20,8,development,S020R08E01,0,3,train
2,20.5,4.1,458,ok,False,,121.0,1,20,8,development,S020R08E02,1,3,train
3,28.7,4.1,459,high_amplitude,True,,241.99999999999997,0,20,8,development,S020R08E03,1,3,train
4,36.9,4.1,460,ok,False,,89.0,0,20,8,development,S020R08E04,1,3,train
5,45.1,4.1,461,ok,False,,75.0,1,20,8,development,S020R08E05,1,3,train
6,53.3,4.1,462,ok,False,,170.0,0,20,8,development,S020R08E06,0,3,train
7,61.5,4.1,463,ok,False,,88.0,1,20,8,development,S020R08E07,1,3,train
8,69.7,4.1,464,high_amplitude,True,,241.0,0,20,8,development,S020R08E08,0,3,train
9,77.9,4.1,465,high_amplitude,True,,228.99999999999997,1,20,8,development,S020R08E09,0,3,train
10,86.1,4.1,466,high_amplitude,True,,224.0,1,20,8,development,S020R08E10,1,3,train
11,94.3,4.1,467,high_amplitude,True,,233.0,0,20,8,development,S020R08E11,0,3,train
12,102.5,4.1,468,ok,False,,84.00000000000001,1,20,8,development,S020R08E12,1,3,train
13,110.7,4.1,469,ok,False,,76.0,0,20,8,development,S020R08E13,0,3,train
14,118.9,4.1,470,high_amplitude,True,,227.99999999999997,0,20,8,development,S020R08E14,0,3,train
0,4.1,4.1,471,ok,False,,189.99999999999997,1,20,12,development,S020R12E00,0,3,train
1,12.3,4.1,472,ok,False,,83.0,0,20,12,development,S020R12E01,0,3,train
2,20.5,4.1,473,ok,False,,84.0,1,20,12,development,S020R12E02,1,3,train
3,28.7,4.1,474,ok,False,,139.0,0,20,12,development,S020R12E03,0,3,train
4,36.9,4.1,475,ok,False,,84.0,1,20,12,development,S020R12E04,0,3,train
5,45.1,4.1,476,ok,False,,97.0,0,20,12,development,S020R12E05,1,3,train
6,53.3,4.1,477,ok,False,,96.0,0,20,12,development,S020R12E06,0,3,train
7,61.5,4.1,478,ok,False,,95.0,1,20,12,development,S020R12E07,1,3,train
8,69.7,4.1,479,ok,False,,94.0,0,20,12,development,S020R12E08,1,3,train
9,77.9,4.1,480,high_amplitude,True,,240.0,1,20,12,development,S020R12E09,1,3,train
10,86.1,4.1,481,ok,False,,93.0,1,20,12,development,S020R12E10,1,3,train
11,94.3,4.1,482,ok,False,,84.99999999999999,0,20,12,development,S020R12E11,0,3,train
12,102.5,4.1,483,ok,False,,80.99999999999999,1,20,12,development,S020R12E12,1,3,train
13,110.7,4.1,484,ok,False,,100.0,0,20,12,development,S020R12E13,0,3,train
14,118.9,4.1,485,ok,False,,87.0,0,20,12,development,S020R12E14,0,3,train
0,4.2,4.1,531,high_amplitude,True,,436.0,1,57,4,development,S057R04E00,0,3,train
1,12.5,4.1,532,high_amplitude,True,,348.0,0,57,4,development,S057R04E01,0,3,train
2,20.8,4.1,533,high_amplitude,True,,292.0,0,57,4,development,S057R04E02,0,3,train
3,29.1,4.1,534,high_amplitude,True,,303.0,1,57,4,development,S057R04E03,0,3,train
4,37.4,4.1,535,high_amplitude,True,,307.0,0,57,4,development,S057R04E04,0,3,train
5,45.7,4.1,536,high_amplitude,True,,287.99999999999994,1,57,4,development,S057R04E05,0,3,train
6,54.0,4.1,537,high_amplitude,True,,274.0,1,57,4,development,S057R04E06,0,3,train
7,62.3,4.1,538,high_amplitude,True,,285.0,0,57,4,development,S057R04E07,0,3,train
8,70.6,4.1,539,high_amplitude,True,,265.0,0,57,4,development,S057R04E08,0,3,train
9,78.9,4.1,540,high_amplitude,True,,301.0,1,57,4,development,S057R04E09,0,3,train
10,87.2,4.1,541,high_amplitude,True,,243.0,0,57,4,development,S057R04E10,0,3,train
11,95.5,4.1,542,high_amplitude,True,,320.0,1,57,4,development,S057R04E11,0,3,train
12,103.8,4.1,543,high_amplitude,True,,592.0,0,57,4,development,S057R04E12,1,3,train
13,112.1,4.1,544,high_amplitude,True,,254.0,1,57,4,development,S057R04E13,1,3,train
14,120.4,4.1,545,high_amplitude,True,,322.99999999999994,0,57,4,development,S057R04E14,0,3,train
0,4.2,4.1,546,high_amplitude,True,,429.0,1,57,8,development,S057R08E00,1,3,train
1,12.5,4.1,547,high_amplitude,True,,455.0,0,57,8,development,S057R08E01,1,3,train
2,20.8,4.1,548,high_amplitude,True,,716.0,1,57,8,development,S057R08E02,1,3,train
3,29.1,4.1,549,high_amplitude,True,,686.0,0,57,8,development,S057R08E03,1,3,train
4,37.4,4.1,550,high_amplitude,True,,477.0,0,57,8,development,S057R08E04,0,3,train
5,45.7,4.1,551,high_amplitude,True,,552.0,1,57,8,development,S057R08E05,1,3,train
6,54.0,4.1,552,high_amplitude,True,,429.0,0,57,8,development,S057R08E06,1,3,train
7,62.3,4.1,553,high_amplitude,True,,650.0,1,57,8,development,S057R08E07,1,3,train
8,70.6,4.1,554,high_amplitude,True,,641.0,1,57,8,development,S057R08E08,0,3,train
9,78.9,4.1,555,high_amplitude,True,,580.0,0,57,8,development,S057R08E09,0,3,train
10,87.2,4.1,556,high_amplitude,True,,601.9999999999999,1,57,8,development,S057R08E10,1,3,train
11,95.5,4.1,557,high_amplitude,True,,439.0,0,57,8,development,S057R08E11,0,3,train
12,103.8,4.1,558,high_amplitude,True,,647.0,1,57,8,development,S057R08E12,0,3,train
13,112.1,4.1,559,high_amplitude,True,,624.0,0,57,8,development,S057R08E13,1,3,train
14,120.4,4.1,560,high_amplitude,True,,911.0,0,57,8,development,S057R08E14,1,3,train
0,4.2,4.1,561,high_amplitude,True,,250.99999999999997,0,57,12,development,S057R12E00,0,3,train
1,12.5,4.1,562,high_amplitude,True,,323.99999999999994,1,57,12,development,S057R12E01,1,3,train
2,20.8,4.1,563,high_amplitude,True,,686.9999999999999,0,57,12,development,S057R12E02,0,3,train
3,29.1,4.1,564,high_amplitude,True,,724.0,1,57,12,development,S057R12E03,1,3,train
4,37.4,4.1,565,high_amplitude,True,,749.0,1,57,12,development,S057R12E04,1,3,train
5,45.7,4.1,566,high_amplitude,True,,560.0,0,57,12,development,S057R12E05,0,3,train
6,54.0,4.1,567,high_amplitude,True,,551.0,0,57,12,development,S057R12E06,1,3,train
7,62.3,4.1,568,high_amplitude,True,,593.0,1,57,12,development,S057R12E07,1,3,train
8,70.6,4.1,569,high_amplitude,True,,578.0,0,57,12,development,S057R12E08,1,3,train
9,78.9,4.1,570,high_amplitude,True,,649.0,1,57,12,development,S057R12E09,1,3,train
10,87.2,4.1,571,high_amplitude,True,,817.9999999999999,1,57,12,development,S057R12E10,0,3,train
11,95.5,4.1,572,high_amplitude,True,,690.0,0,57,12,development,S057R12E11,0,3,train
12,103.8,4.1,573,high_amplitude,True,,791.0,0,57,12,development,S057R12E12,1,3,train
13,112.1,4.1,574,high_amplitude,True,,551.0,1,57,12,development,S057R12E13,0,3,train
14,120.4,4.1,575,high_amplitude,True,,634.0,0,57,12,development,S057R12E14,0,3,train
0,4.1,4.1,576,high_amplitude,True,,1163.0,0,91,4,development,S091R04E00,0,3,train
1,12.3,4.1,577,high_amplitude,True,,1171.0,1,91,4,development,S091R04E01,1,3,train
2,20.5,4.1,578,high_amplitude,True,,1184.0,0,91,4,development,S091R04E02,1,3,train
3,28.7,4.1,579,high_amplitude,True,,1167.0,1,91,4,development,S091R04E03,1,3,train
4,36.9,4.1,580,high_amplitude,True,,678.0,1,91,4,development,S091R04E04,0,3,train
5,45.1,4.1,581,high_amplitude,True,,1167.9999999999998,0,91,4,development,S091R04E05,0,3,train
6,53.3,4.1,582,high_amplitude,True,,1167.9999999999998,1,91,4,development,S091R04E06,1,3,train
7,61.5,4.1,583,high_amplitude,True,,372.99999999999994,0,91,4,development,S091R04E07,0,3,train
8,69.7,4.1,584,high_amplitude,True,,1191.0,0,91,4,development,S091R04E08,1,3,train
9,77.9,4.1,585,high_amplitude,True,,1173.0,1,91,4,development,S091R04E09,0,3,train
10,86.1,4.1,586,high_amplitude,True,,1180.0,0,91,4,development,S091R04E10,0,3,train
11,94.3,4.1,587,high_amplitude,True,,1183.0,1,91,4,development,S091R04E11,1,3,train
12,102.5,4.1,588,high_amplitude,True,,1196.0,1,91,4,development,S091R04E12,1,3,train
13,110.7,4.1,589,high_amplitude,True,,1171.9999999999998,0,91,4,development,S091R04E13,1,3,train
14,118.9,4.1,590,high_amplitude,True,,1200.9999999999998,0,91,4,development,S091R04E14,0,3,train
0,4.1,4.1,591,high_amplitude,True,,1176.0,0,91,8,development,S091R08E00,1,3,train
1,12.3,4.1,592,high_amplitude,True,,1166.0,1,91,8,development,S091R08E01,1,3,train
2,20.5,4.1,593,high_amplitude,True,,1184.9999999999998,1,91,8,development,S091R08E02,0,3,train
3,28.7,4.1,594,high_amplitude,True,,1176.0,0,91,8,development,S091R08E03,1,3,train
4,36.9,4.1,595,high_amplitude,True,,1187.9999999999998,0,91,8,development,S091R08E04,0,3,train
5,45.1,4.1,596,high_amplitude,True,,1171.0,1,91,8,development,S091R08E05,1,3,train
6,53.3,4.1,597,high_amplitude,True,,1171.0,1,91,8,development,S091R08E06,0,3,train
7,61.5,4.1,598,high_amplitude,True,,1179.0,0,91,8,development,S091R08E07,1,3,train
8,69.7,4.1,599,high_amplitude,True,,1164.0,0,91,8,development,S091R08E08,0,3,train
9,77.9,4.1,600,high_amplitude,True,,1160.0,1,91,8,development,S091R08E09,1,3,train
10,86.1,4.1,601,high_amplitude,True,,1203.0,1,91,8,development,S091R08E10,1,3,train
11,94.3,4.1,602,high_amplitude,True,,1174.0,0,91,8,development,S091R08E11,0,3,train
12,102.5,4.1,603,high_amplitude,True,,1170.0,1,91,8,development,S091R08E12,1,3,train
13,110.7,4.1,604,high_amplitude,True,,1180.0,0,91,8,development,S091R08E13,1,3,train
14,118.9,4.1,605,high_amplitude,True,,1171.0,1,91,8,development,S091R08E14,1,3,train
0,4.1,4.1,606,high_amplitude,True,,1187.0,1,91,12,development,S091R12E00,1,3,train
1,12.3,4.1,607,high_amplitude,True,,1190.0,0,91,12,development,S091R12E01,1,3,train
2,20.5,4.1,608,high_amplitude,True,,1182.0,1,91,12,development,S091R12E02,1,3,train
3,28.7,4.1,609,high_amplitude,True,,1204.0,0,91,12,development,S091R12E03,1,3,train
4,36.9,4.1,610,high_amplitude,True,,1184.9999999999998,0,91,12,development,S091R12E04,1,3,train
5,45.1,4.1,611,high_amplitude,True,,1171.0,1,91,12,development,S091R12E05,1,3,train
6,53.3,4.1,612,high_amplitude,True,,1193.0,1,91,12,development,S091R12E06,1,3,train
7,61.5,4.1,613,high_amplitude,True,,1190.0,0,91,12,development,S091R12E07,0,3,train
8,69.7,4.1,614,high_amplitude,True,,1193.9999999999998,0,91,12,development,S091R12E08,0,3,train
9,77.9,4.1,615,high_amplitude,True,,1179.0,1,91,12,development,S091R12E09,1,3,train
10,86.1,4.1,616,high_amplitude,True,,1202.0,0,91,12,development,S091R12E10,0,3,train
11,94.3,4.1,617,high_amplitude,True,,1192.0,1,91,12,development,S091R12E11,1,3,train
12,102.5,4.1,618,high_amplitude,True,,1186.0,1,91,12,development,S091R12E12,1,3,train
13,110.7,4.1,619,high_amplitude,True,,1184.0,0,91,12,development,S091R12E13,0,3,train
14,118.9,4.1,620,high_amplitude,True,,1214.0,1,91,12,development,S091R12E14,1,3,train
0,4.1,4.1,621,ok,False,,130.0,1,25,4,development,S025R04E00,0,3,train
1,12.3,4.1,622,ok,False,,156.0,0,25,4,development,S025R04E01,0,3,train
2,20.5,4.1,623,high_amplitude,True,,203.0,1,25,4,development,S025R04E02,0,3,train
3,28.7,4.1,624,high_amplitude,True,,248.99999999999997,0,25,4,development,S025R04E03,0,3,train
4,36.9,4.1,625,ok,False,,138.0,1,25,4,development,S025R04E04,1,3,train
5,45.1,4.1,626,ok,False,,192.99999999999997,0,25,4,development,S025R04E05,1,3,train
6,53.3,4.1,627,ok,False,,131.0,1,25,4,development,S025R04E06,1,3,train
7,61.5,4.1,628,ok,False,,165.0,0,25,4,development,S025R04E07,0,3,train
8,69.7,4.1,629,ok,False,,127.0,1,25,4,development,S025R04E08,0,3,train
9,77.9,4.1,630,ok,False,,114.0,0,25,4,development,S025R04E09,0,3,train
10,86.1,4.1,631,ok,False,,112.0,1,25,4,development,S025R04E10,1,3,train
11,94.3,4.1,632,ok,False,,114.0,0,25,4,development,S025R04E11,1,3,train
12,102.5,4.1,633,ok,False,,129.0,0,25,4,development,S025R04E12,0,3,train
13,110.7,4.1,634,ok,False,,137.0,1,25,4,development,S025R04E13,1,3,train
14,118.9,4.1,635,ok,False,,129.0,1,25,4,development,S025R04E14,0,3,train
0,4.1,4.1,636,high_amplitude,True,,226.0,0,25,8,development,S025R08E00,1,3,train
1,12.3,4.1,637,ok,False,,194.0,1,25,8,development,S025R08E01,1,3,train
2,20.5,4.1,638,ok,False,,192.0,1,25,8,development,S025R08E02,1,3,train
3,28.7,4.1,639,high_amplitude,True,,212.99999999999997,0,25,8,development,S025R08E03,0,3,train
4,36.9,4.1,640,ok,False,,185.0,0,25,8,development,S025R08E04,1,3,train
5,45.1,4.1,641,ok,False,,172.99999999999997,1,25,8,development,S025R08E05,1,3,train
6,53.3,4.1,642,ok,False,,138.0,1,25,8,development,S025R08E06,1,3,train
7,61.5,4.1,643,ok,False,,160.0,0,25,8,development,S025R08E07,1,3,train
8,69.7,4.1,644,ok,False,,192.99999999999997,0,25,8,development,S025R08E08,0,3,train
9,77.9,4.1,645,ok,False,,199.99999999999997,1,25,8,development,S025R08E09,1,3,train
10,86.1,4.1,646,ok,False,,132.0,0,25,8,development,S025R08E10,0,3,train
11,94.3,4.1,647,ok,False,,185.0,1,25,8,development,S025R08E11,0,3,train
12,102.5,4.1,648,ok,False,,149.0,1,25,8,development,S025R08E12,1,3,train
13,110.7,4.1,649,ok,False,,177.0,0,25,8,development,S025R08E13,0,3,train
14,118.9,4.1,650,ok,False,,141.0,1,25,8,development,S025R08E14,0,3,train
0,4.1,4.1,651,ok,False,,126.0,1,25,12,development,S025R12E00,1,3,train
1,12.3,4.1,652,ok,False,,101.0,0,25,12,development,S025R12E01,1,3,train
2,20.5,4.1,653,ok,False,,116.0,0,25,12,development,S025R12E02,0,3,train
3,28.7,4.1,654,ok,False,,112.0,1,25,12,development,S025R12E03,0,3,train
4,36.9,4.1,655,ok,False,,91.0,0,25,12,development,S025R12E04,0,3,train
5,45.1,4.1,656,ok,False,,117.0,1,25,12,development,S025R12E05,1,3,train
6,53.3,4.1,657,ok,False,,115.0,1,25,12,development,S025R12E06,1,3,train
7,61.5,4.1,658,ok,False,,95.0,0,25,12,development,S025R12E07,0,3,train
8,69.7,4.1,659,ok,False,,183.0,1,25,12,development,S025R12E08,1,3,train
9,77.9,4.1,660,ok,False,,98.0,0,25,12,development,S025R12E09,0,3,train
10,86.1,4.1,661,ok,False,,106.0,1,25,12,development,S025R12E10,1,3,train
11,94.3,4.1,662,ok,False,,104.0,0,25,12,development,S025R12E11,0,3,train
12,102.5,4.1,663,ok,False,,141.99999999999997,0,25,12,development,S025R12E12,0,3,train
13,110.7,4.1,664,ok,False,,122.0,1,25,12,development,S025R12E13,1,3,train
14,118.9,4.1,665,ok,False,,143.99999999999997,0,25,12,development,S025R12E14,0,3,train
0,4.1,4.1,666,high_amplitude,True,,500.99999999999994,0,11,4,development,S011R04E00,0,3,train
1,12.3,4.1,667,high_amplitude,True,,219.99999999999997,1,11,4,development,S011R04E01,0,3,train
2,20.5,4.1,668,high_amplitude,True,,285.0,0,11,4,development,S011R04E02,0,3,train
3,28.7,4.1,669,high_amplitude,True,,206.0,1,11,4,development,S011R04E03,0,3,train
4,36.9,4.1,670,ok,False,,167.0,0,11,4,development,S011R04E04,0,3,train
5,45.1,4.1,671,ok,False,,192.99999999999997,1,11,4,development,S011R04E05,0,3,train
6,53.3,4.1,672,high_amplitude,True,,262.0,1,11,4,development,S011R04E06,0,3,train
7,61.5,4.1,673,high_amplitude,True,,245.0,0,11,4,development,S011R04E07,0,3,train
8,69.7,4.1,674,high_amplitude,True,,203.0,1,11,4,development,S011R04E08,1,3,train
9,77.9,4.1,675,high_amplitude,True,,225.0,0,11,4,development,S011R04E09,1,3,train
10,86.1,4.1,676,high_amplitude,True,,361.99999999999994,0,11,4,development,S011R04E10,0,3,train
11,94.3,4.1,677,high_amplitude,True,,394.0,1,11,4,development,S011R04E11,1,3,train
12,102.5,4.1,678,high_amplitude,True,,490.9999999999999,1,11,4,development,S011R04E12,0,3,train
13,110.7,4.1,679,high_amplitude,True,,441.0,0,11,4,development,S011R04E13,0,3,train
14,118.9,4.1,680,high_amplitude,True,,228.0,0,11,4,development,S011R04E14,0,3,train
0,4.1,4.1,681,ok,False,,169.0,0,11,8,development,S011R08E00,0,3,train
1,12.3,4.1,682,ok,False,,154.0,1,11,8,development,S011R08E01,1,3,train
2,20.5,4.1,683,high_amplitude,True,,293.0,0,11,8,development,S011R08E02,0,3,train
3,28.7,4.1,684,ok,False,,174.0,1,11,8,development,S011R08E03,1,3,train
4,36.9,4.1,685,ok,False,,167.0,0,11,8,development,S011R08E04,0,3,train
5,45.1,4.1,686,ok,False,,181.99999999999997,1,11,8,development,S011R08E05,1,3,train
6,53.3,4.1,687,ok,False,,165.0,0,11,8,development,S011R08E06,0,3,train
7,61.5,4.1,688,high_amplitude,True,,215.0,1,11,8,development,S011R08E07,1,3,train
8,69.7,4.1,689,ok,False,,170.99999999999997,1,11,8,development,S011R08E08,1,3,train
9,77.9,4.1,690,ok,False,,179.0,0,11,8,development,S011R08E09,0,3,train
10,86.1,4.1,691,high_amplitude,True,,225.99999999999997,0,11,8,development,S011R08E10,0,3,train
11,94.3,4.1,692,high_amplitude,True,,212.0,1,11,8,development,S011R08E11,1,3,train
12,102.5,4.1,693,ok,False,,165.0,0,11,8,development,S011R08E12,1,3,train
13,110.7,4.1,694,ok,False,,193.0,1,11,8,development,S011R08E13,1,3,train
14,118.9,4.1,695,high_amplitude,True,,238.99999999999997,1,11,8,development,S011R08E14,1,3,train
0,4.1,4.1,696,ok,False,,155.0,0,11,12,development,S011R12E00,1,3,train
1,12.3,4.1,697,high_amplitude,True,,206.0,1,11,12,development,S011R12E01,0,3,train
2,20.5,4.1,698,ok,False,,186.0,0,11,12,development,S011R12E02,0,3,train
3,28.7,4.1,699,high_amplitude,True,,208.99999999999997,1,11,12,development,S011R12E03,1,3,train
4,36.9,4.1,700,ok,False,,197.00000000000003,1,11,12,development,S011R12E04,0,3,train
5,45.1,4.1,701,ok,False,,149.0,0,11,12,development,S011R12E05,0,3,train
6,53.3,4.1,702,ok,False,,170.0,1,11,12,development,S011R12E06,0,3,train
7,61.5,4.1,703,ok,False,,167.0,0,11,12,development,S011R12E07,0,3,train
8,69.7,4.1,704,ok,False,,140.0,1,11,12,development,S011R12E08,0,3,train
9,77.9,4.1,705,ok,False,,177.0,0,11,12,development,S011R12E09,0,3,train
10,86.1,4.1,706,high_amplitude,True,,216.0,0,11,12,development,S011R12E10,0,3,train
11,94.3,4.1,707,high_amplitude,True,,210.99999999999997,1,11,12,development,S011R12E11,1,3,train
12,102.5,4.1,708,high_amplitude,True,,274.0,1,11,12,development,S011R12E12,0,3,train
13,110.7,4.1,709,high_amplitude,True,,248.99999999999997,0,11,12,development,S011R12E13,1,3,train
14,118.9,4.1,710,ok,False,,166.0,0,11,12,development,S011R12E14,1,3,train
0,4.1,4.1,711,high_amplitude,True,,401.0,1,87,4,development,S087R04E00,1,3,train
1,12.3,4.1,712,high_amplitude,True,,289.0,0,87,4,development,S087R04E01,1,3,train
2,20.5,4.1,713,high_amplitude,True,,318.0,0,87,4,development,S087R04E02,1,3,train
3,28.7,4.1,714,high_amplitude,True,,472.99999999999994,1,87,4,development,S087R04E03,1,3,train
4,36.9,4.1,715,high_amplitude,True,,380.0,0,87,4,development,S087R04E04,1,3,train
5,45.1,4.1,716,high_amplitude,True,,428.0,1,87,4,development,S087R04E05,1,3,train
6,53.3,4.1,717,high_amplitude,True,,505.99999999999994,0,87,4,development,S087R04E06,1,3,train
7,61.5,4.1,718,high_amplitude,True,,746.9999999999999,1,87,4,development,S087R04E07,0,3,train
8,69.7,4.1,719,high_amplitude,True,,392.0,0,87,4,development,S087R04E08,1,3,train
9,77.9,4.1,720,high_amplitude,True,,815.0,1,87,4,development,S087R04E09,1,3,train
10,86.1,4.1,721,high_amplitude,True,,486.0,0,87,4,development,S087R04E10,0,3,train
11,94.3,4.1,722,high_amplitude,True,,330.0,1,87,4,development,S087R04E11,1,3,train
12,102.5,4.1,723,high_amplitude,True,,1050.0,0,87,4,development,S087R04E12,1,3,train
13,110.7,4.1,724,high_amplitude,True,,379.0,1,87,4,development,S087R04E13,1,3,train
14,118.9,4.1,725,high_amplitude,True,,548.0,0,87,4,development,S087R04E14,1,3,train
0,4.1,4.1,726,high_amplitude,True,,278.0,1,87,8,development,S087R08E00,0,3,train
1,12.3,4.1,727,high_amplitude,True,,358.0,0,87,8,development,S087R08E01,0,3,train
2,20.5,4.1,728,high_amplitude,True,,392.0,0,87,8,development,S087R08E02,0,3,train
3,28.7,4.1,729,high_amplitude,True,,384.0,1,87,8,development,S087R08E03,1,3,train
4,36.9,4.1,730,high_amplitude,True,,484.99999999999994,0,87,8,development,S087R08E04,0,3,train
5,45.1,4.1,731,high_amplitude,True,,352.0,1,87,8,development,S087R08E05,1,3,train
6,53.3,4.1,732,high_amplitude,True,,362.0,1,87,8,development,S087R08E06,1,3,train
7,61.5,4.1,733,high_amplitude,True,,383.0,0,87,8,development,S087R08E07,0,3,train
8,69.7,4.1,734,high_amplitude,True,,406.0,0,87,8,development,S087R08E08,0,3,train
9,77.9,4.1,735,high_amplitude,True,,381.0,1,87,8,development,S087R08E09,1,3,train
10,86.1,4.1,736,high_amplitude,True,,341.0,1,87,8,development,S087R08E10,0,3,train
11,94.3,4.1,737,high_amplitude,True,,450.0,0,87,8,development,S087R08E11,0,3,train
12,102.5,4.1,738,high_amplitude,True,,503.0,0,87,8,development,S087R08E12,0,3,train
13,110.7,4.1,739,high_amplitude,True,,457.99999999999994,1,87,8,development,S087R08E13,1,3,train
14,118.9,4.1,740,high_amplitude,True,,436.0,1,87,8,development,S087R08E14,1,3,train
0,4.1,4.1,741,high_amplitude,True,,336.00000000000006,1,87,12,development,S087R12E00,0,3,train
1,12.3,4.1,742,high_amplitude,True,,320.0,0,87,12,development,S087R12E01,0,3,train
2,20.5,4.1,743,high_amplitude,True,,345.0,1,87,12,development,S087R12E02,1,3,train
3,28.7,4.1,744,high_amplitude,True,,619.0,0,87,12,development,S087R12E03,0,3,train
4,36.9,4.1,745,high_amplitude,True,,334.0,0,87,12,development,S087R12E04,1,3,train
5,45.1,4.1,746,high_amplitude,True,,327.0,1,87,12,development,S087R12E05,1,3,train
6,53.3,4.1,747,high_amplitude,True,,910.0,0,87,12,development,S087R12E06,0,3,train
7,61.5,4.1,748,high_amplitude,True,,318.0,1,87,12,development,S087R12E07,1,3,train
8,69.7,4.1,749,high_amplitude,True,,355.0,1,87,12,development,S087R12E08,1,3,train
9,77.9,4.1,750,high_amplitude,True,,387.0,0,87,12,development,S087R12E09,1,3,train
10,86.1,4.1,751,high_amplitude,True,,375.0,1,87,12,development,S087R12E10,1,3,train
11,94.3,4.1,752,high_amplitude,True,,352.0,0,87,12,development,S087R12E11,1,3,train
12,102.5,4.1,753,high_amplitude,True,,567.0,1,87,12,development,S087R12E12,1,3,train
13,110.7,4.1,754,high_amplitude,True,,445.0,0,87,12,development,S087R12E13,0,3,train
14,118.9,4.1,755,high_amplitude,True,,388.0,1,87,12,development,S087R12E14,1,3,train
0,4.1,4.1,756,high_amplitude,True,,1167.9999999999998,0,97,4,development,S097R04E00,1,3,train
1,12.3,4.1,757,high_amplitude,True,,989.0,1,97,4,development,S097R04E01,0,3,train
2,20.5,4.1,758,high_amplitude,True,,1001.0,1,97,4,development,S097R04E02,0,3,train
3,28.7,4.1,759,high_amplitude,True,,243.0,0,97,4,development,S097R04E03,0,3,train
4,36.9,4.1,760,high_amplitude,True,,241.99999999999997,0,97,4,development,S097R04E04,0,3,train
5,45.1,4.1,761,high_amplitude,True,,942.0,1,97,4,development,S097R04E05,1,3,train
6,53.3,4.1,762,high_amplitude,True,,966.0,0,97,4,development,S097R04E06,0,3,train
7,61.5,4.1,763,high_amplitude,True,,975.0,1,97,4,development,S097R04E07,0,3,train
8,69.7,4.1,764,high_amplitude,True,,1010.0,0,97,4,development,S097R04E08,0,3,train
9,77.9,4.1,765,high_amplitude,True,,423.0,1,97,4,development,S097R04E09,0,3,train
10,86.1,4.1,766,high_amplitude,True,,222.99999999999997,1,97,4,development,S097R04E10,1,3,train
11,94.3,4.1,767,high_amplitude,True,,1004.0,0,97,4,development,S097R04E11,0,3,train
12,102.5,4.1,768,high_amplitude,True,,255.00000000000003,1,97,4,development,S097R04E12,0,3,train
13,110.7,4.1,769,high_amplitude,True,,926.0,0,97,4,development,S097R04E13,1,3,train
14,118.9,4.1,770,high_amplitude,True,,243.0,0,97,4,development,S097R04E14,0,3,train
0,4.1,4.1,771,high_amplitude,True,,1037.0,0,97,8,development,S097R08E00,0,3,train
1,12.3,4.1,772,high_amplitude,True,,1054.0,1,97,8,development,S097R08E01,1,3,train
2,20.5,4.1,773,high_amplitude,True,,1069.0,1,97,8,development,S097R08E02,0,3,train
3,28.7,4.1,774,high_amplitude,True,,1078.0,0,97,8,development,S097R08E03,1,3,train
4,36.9,4.1,775,high_amplitude,True,,997.0,1,97,8,development,S097R08E04,1,3,train
5,45.1,4.1,776,high_amplitude,True,,1102.9999999999998,0,97,8,development,S097R08E05,0,3,train
6,53.3,4.1,777,high_amplitude,True,,966.0,1,97,8,development,S097R08E06,1,3,train
7,61.5,4.1,778,high_amplitude,True,,900.0,0,97,8,development,S097R08E07,1,3,train
8,69.7,4.1,779,high_amplitude,True,,924.0,1,97,8,development,S097R08E08,0,3,train
9,77.9,4.1,780,high_amplitude,True,,1055.9999999999998,0,97,8,development,S097R08E09,0,3,train
10,86.1,4.1,781,high_amplitude,True,,1019.0,0,97,8,development,S097R08E10,1,3,train
11,94.3,4.1,782,high_amplitude,True,,905.0,1,97,8,development,S097R08E11,1,3,train
12,102.5,4.1,783,high_amplitude,True,,835.9999999999999,0,97,8,development,S097R08E12,1,3,train
13,110.7,4.1,784,high_amplitude,True,,825.9999999999999,1,97,8,development,S097R08E13,0,3,train
14,118.9,4.1,785,high_amplitude,True,,944.0,1,97,8,development,S097R08E14,1,3,train
0,4.1,4.1,786,high_amplitude,True,,1071.0,1,97,12,development,S097R12E00,0,3,train
1,12.3,4.1,787,high_amplitude,True,,1082.0,0,97,12,development,S097R12E01,0,3,train
2,20.5,4.1,788,high_amplitude,True,,1125.0,1,97,12,development,S097R12E02,1,3,train
3,28.7,4.1,789,high_amplitude,True,,1078.9999999999998,0,97,12,development,S097R12E03,0,3,train
4,36.9,4.1,790,high_amplitude,True,,1082.0,1,97,12,development,S097R12E04,0,3,train
5,45.1,4.1,791,high_amplitude,True,,1120.0,0,97,12,development,S097R12E05,0,3,train
6,53.3,4.1,792,high_amplitude,True,,1063.9999999999998,0,97,12,development,S097R12E06,0,3,train
7,61.5,4.1,793,high_amplitude,True,,1019.0,1,97,12,development,S097R12E07,1,3,train
8,69.7,4.1,794,high_amplitude,True,,1050.9999999999998,1,97,12,development,S097R12E08,0,3,train
9,77.9,4.1,795,high_amplitude,True,,1034.0,0,97,12,development,S097R12E09,0,3,train
10,86.1,4.1,796,high_amplitude,True,,1073.0,1,97,12,development,S097R12E10,1,3,train
11,94.3,4.1,797,high_amplitude,True,,1052.0,0,97,12,development,S097R12E11,0,3,train
12,102.5,4.1,798,high_amplitude,True,,1109.0,0,97,12,development,S097R12E12,0,3,train
13,110.7,4.1,799,high_amplitude,True,,1069.0,1,97,12,development,S097R12E13,1,3,train
14,118.9,4.1,800,high_amplitude,True,,1043.0,0,97,12,development,S097R12E14,0,3,train
0,4.1,4.1,801,high_amplitude,True,,719.9999999999999,1,48,4,development,S048R04E00,1,3,train
1,12.3,4.1,802,high_amplitude,True,,500.0,0,48,4,development,S048R04E01,0,3,train
2,20.5,4.1,803,high_amplitude,True,,877.0,0,48,4,development,S048R04E02,0,3,train
3,28.7,4.1,804,high_amplitude,True,,526.0,1,48,4,development,S048R04E03,0,3,train
4,36.9,4.1,805,high_amplitude,True,,709.9999999999999,1,48,4,development,S048R04E04,1,3,train
5,45.1,4.1,806,high_amplitude,True,,1093.0,0,48,4,development,S048R04E05,0,3,train
6,53.3,4.1,807,high_amplitude,True,,627.0,0,48,4,development,S048R04E06,0,3,train
7,61.5,4.1,808,high_amplitude,True,,598.9999999999999,1,48,4,development,S048R04E07,0,3,train
8,69.7,4.1,809,high_amplitude,True,,587.0,0,48,4,development,S048R04E08,0,3,train
9,77.9,4.1,810,high_amplitude,True,,1171.0,1,48,4,development,S048R04E09,1,3,train
10,86.1,4.1,811,high_amplitude,True,,691.0,1,48,4,development,S048R04E10,1,3,train
11,94.3,4.1,812,high_amplitude,True,,860.9999999999999,0,48,4,development,S048R04E11,0,3,train
12,102.5,4.1,813,high_amplitude,True,,582.0,0,48,4,development,S048R04E12,0,3,train
13,110.7,4.1,814,high_amplitude,True,,794.0,1,48,4,development,S048R04E13,1,3,train
14,118.9,4.1,815,high_amplitude,True,,578.0,0,48,4,development,S048R04E14,0,3,train
0,4.1,4.1,816,high_amplitude,True,,725.0,1,48,8,development,S048R08E00,1,3,train
1,12.3,4.1,817,high_amplitude,True,,932.0,0,48,8,development,S048R08E01,0,3,train
2,20.5,4.1,818,high_amplitude,True,,886.0,0,48,8,development,S048R08E02,1,3,train
3,28.7,4.1,819,high_amplitude,True,,882.0,1,48,8,development,S048R08E03,1,3,train
4,36.9,4.1,820,high_amplitude,True,,869.0,0,48,8,development,S048R08E04,0,3,train
5,45.1,4.1,821,high_amplitude,True,,781.0,1,48,8,development,S048R08E05,0,3,train
6,53.3,4.1,822,high_amplitude,True,,789.9999999999999,1,48,8,development,S048R08E06,1,3,train
7,61.5,4.1,823,high_amplitude,True,,763.9999999999999,0,48,8,development,S048R08E07,0,3,train
8,69.7,4.1,824,high_amplitude,True,,863.0,0,48,8,development,S048R08E08,0,3,train
9,77.9,4.1,825,high_amplitude,True,,789.0,1,48,8,development,S048R08E09,1,3,train
10,86.1,4.1,826,high_amplitude,True,,802.9999999999999,1,48,8,development,S048R08E10,0,3,train
11,94.3,4.1,827,high_amplitude,True,,825.0,0,48,8,development,S048R08E11,0,3,train
12,102.5,4.1,828,high_amplitude,True,,841.0,0,48,8,development,S048R08E12,0,3,train
13,110.7,4.1,829,high_amplitude,True,,1125.9999999999998,1,48,8,development,S048R08E13,1,3,train
14,118.9,4.1,830,high_amplitude,True,,778.0,1,48,8,development,S048R08E14,1,3,train
0,4.1,4.1,831,high_amplitude,True,,543.0,1,48,12,development,S048R12E00,1,3,train
1,12.3,4.1,832,high_amplitude,True,,851.9999999999999,0,48,12,development,S048R12E01,0,3,train
2,20.5,4.1,833,high_amplitude,True,,1013.0,1,48,12,development,S048R12E02,1,3,train
3,28.7,4.1,834,high_amplitude,True,,965.0,0,48,12,development,S048R12E03,0,3,train
4,36.9,4.1,835,high_amplitude,True,,904.0,1,48,12,development,S048R12E04,0,3,train
5,45.1,4.1,836,high_amplitude,True,,1152.0,0,48,12,development,S048R12E05,0,3,train
6,53.3,4.1,837,high_amplitude,True,,900.0,0,48,12,development,S048R12E06,1,3,train
7,61.5,4.1,838,high_amplitude,True,,940.0,1,48,12,development,S048R12E07,0,3,train
8,69.7,4.1,839,high_amplitude,True,,848.9999999999999,1,48,12,development,S048R12E08,1,3,train
9,77.9,4.1,840,high_amplitude,True,,981.0,0,48,12,development,S048R12E09,0,3,train
10,86.1,4.1,841,high_amplitude,True,,1090.0,1,48,12,development,S048R12E10,1,3,train
11,94.3,4.1,842,high_amplitude,True,,1059.0,0,48,12,development,S048R12E11,0,3,train
12,102.5,4.1,843,high_amplitude,True,,1138.9999999999998,0,48,12,development,S048R12E12,1,3,train
13,110.7,4.1,844,high_amplitude,True,,1032.0,1,48,12,development,S048R12E13,0,3,train
14,118.9,4.1,845,high_amplitude,True,,1242.0,1,48,12,development,S048R12E14,1,3,train
0,4.2,4.1,846,ok,False,,141.99999999999997,0,73,4,development,S073R04E00,1,3,train
1,12.4,4.1,847,high_amplitude,True,,203.0,1,73,4,development,S073R04E01,0,3,train
2,20.6,4.1,848,ok,False,,163.99999999999997,0,73,4,development,S073R04E02,1,3,train
3,28.8,4.1,849,high_amplitude,True,,234.0,1,73,4,development,S073R04E03,0,3,train
4,37.0,4.1,850,high_amplitude,True,,236.0,0,73,4,development,S073R04E04,1,3,train
5,45.2,4.1,851,high_amplitude,True,,238.99999999999997,1,73,4,development,S073R04E05,1,3,train
6,53.4,4.1,852,high_amplitude,True,,230.0,1,73,4,development,S073R04E06,1,3,train
7,61.6,4.1,853,ok,False,,119.0,0,73,4,development,S073R04E07,0,3,train
8,69.8,4.1,854,ok,False,,99.0,0,73,4,development,S073R04E08,1,3,train
9,78.0,4.1,855,high_amplitude,True,,217.00000000000003,1,73,4,development,S073R04E09,1,3,train
10,86.2,4.1,856,high_amplitude,True,,241.0,1,73,4,development,S073R04E10,1,3,train
11,94.4,4.1,857,ok,False,,169.99999999999997,0,73,4,development,S073R04E11,0,3,train
12,102.6,4.1,858,high_amplitude,True,,257.0,0,73,4,development,S073R04E12,0,3,train
13,110.8,4.1,859,high_amplitude,True,,248.0,1,73,4,development,S073R04E13,1,3,train
14,119.0,4.0,860,high_amplitude,True,,247.0,0,73,4,development,S073R04E14,1,3,train
0,4.2,4.1,861,high_amplitude,True,,223.0,1,73,8,development,S073R08E00,0,3,train
1,12.4,4.1,862,high_amplitude,True,,210.0,0,73,8,development,S073R08E01,0,3,train
2,20.6,4.1,863,high_amplitude,True,,260.0,1,73,8,development,S073R08E02,0,3,train
3,28.8,4.1,864,ok,False,,177.0,0,73,8,development,S073R08E03,0,3,train
4,37.0,4.1,865,high_amplitude,True,,220.99999999999997,0,73,8,development,S073R08E04,0,3,train
5,45.2,4.1,866,high_amplitude,True,,201.99999999999997,1,73,8,development,S073R08E05,1,3,train
6,53.4,4.1,867,high_amplitude,True,,219.0,1,73,8,development,S073R08E06,1,3,train
7,61.6,4.1,868,high_amplitude,True,,234.0,0,73,8,development,S073R08E07,0,3,train
8,69.8,4.1,869,high_amplitude,True,,247.99999999999991,1,73,8,development,S073R08E08,1,3,train
9,78.0,4.1,870,ok,False,,147.0,0,73,8,development,S073R08E09,0,3,train
10,86.2,4.1,871,high_amplitude,True,,239.99999999999997,0,73,8,development,S073R08E10,1,3,train
11,94.4,4.1,872,high_amplitude,True,,221.99999999999997,1,73,8,development,S073R08E11,1,3,train
12,102.6,4.1,873,high_amplitude,True,,213.0,1,73,8,development,S073R08E12,0,3,train
13,110.8,4.1,874,high_amplitude,True,,222.0,0,73,8,development,S073R08E13,0,3,train
14,119.0,4.0,875,ok,False,,185.0,0,73,8,development,S073R08E14,0,3,train
0,4.2,4.1,876,high_amplitude,True,,222.0,0,73,12,development,S073R12E00,0,3,train
1,12.4,4.1,877,high_amplitude,True,,223.99999999999997,1,73,12,development,S073R12E01,1,3,train
2,20.6,4.1,878,high_amplitude,True,,214.99999999999997,0,73,12,development,S073R12E02,1,3,train
3,28.8,4.1,879,high_amplitude,True,,259.0,1,73,12,development,S073R12E03,1,3,train
4,37.0,4.1,880,high_amplitude,True,,221.99999999999997,0,73,12,development,S073R12E04,1,3,train
5,45.2,4.1,881,high_amplitude,True,,232.99999999999997,1,73,12,development,S073R12E05,0,3,train
6,53.4,4.1,882,high_amplitude,True,,228.0,1,73,12,development,S073R12E06,0,3,train
7,61.6,4.1,883,ok,False,,152.0,0,73,12,development,S073R12E07,0,3,train
8,69.8,4.1,884,high_amplitude,True,,224.0,1,73,12,development,S073R12E08,0,3,train
9,78.0,4.1,885,high_amplitude,True,,219.0,0,73,12,development,S073R12E09,0,3,train
10,86.2,4.1,886,high_amplitude,True,,226.0,1,73,12,development,S073R12E10,1,3,train
11,94.4,4.1,887,high_amplitude,True,,212.0,0,73,12,development,S073R12E11,0,3,train
12,102.6,4.1,888,high_amplitude,True,,228.99999999999997,0,73,12,development,S073R12E12,1,3,train
13,110.8,4.1,889,ok,False,,199.99999999999997,1,73,12,development,S073R12E13,0,3,train
14,119.0,4.0,890,ok,False,,170.0,1,73,12,development,S073R12E14,1,3,train
0,4.2,4.1,891,high_amplitude,True,,1031.0,0,101,4,development,S101R04E00,1,3,train
1,12.5,4.1,892,high_amplitude,True,,393.0,1,101,4,development,S101R04E01,1,3,train
2,20.8,4.1,893,high_amplitude,True,,821.0,1,101,4,development,S101R04E02,1,3,train
3,29.1,4.1,894,high_amplitude,True,,446.0,0,101,4,development,S101R04E03,0,3,train
4,37.4,4.1,895,high_amplitude,True,,442.0,1,101,4,development,S101R04E04,1,3,train
5,45.7,4.1,896,high_amplitude,True,,357.0,0,101,4,development,S101R04E05,1,3,train
6,54.0,4.1,897,high_amplitude,True,,457.0,1,101,4,development,S101R04E06,1,3,train
7,62.3,4.1,898,high_amplitude,True,,349.0,0,101,4,development,S101R04E07,0,3,train
8,70.6,4.1,899,high_amplitude,True,,324.0,1,101,4,development,S101R04E08,0,3,train
9,78.9,4.1,900,high_amplitude,True,,461.99999999999994,0,101,4,development,S101R04E09,1,3,train
10,87.2,4.1,901,high_amplitude,True,,321.0,0,101,4,development,S101R04E10,0,3,train
11,95.5,4.1,902,high_amplitude,True,,356.0,1,101,4,development,S101R04E11,1,3,train
12,103.8,4.1,903,high_amplitude,True,,349.0,1,101,4,development,S101R04E12,1,3,train
13,112.1,4.1,904,high_amplitude,True,,310.99999999999994,0,101,4,development,S101R04E13,0,3,train
14,120.4,4.1,905,high_amplitude,True,,513.9999999999999,0,101,4,development,S101R04E14,0,3,train
0,4.2,4.1,906,high_amplitude,True,,407.0,1,101,8,development,S101R08E00,0,3,train
1,12.5,4.1,907,high_amplitude,True,,323.0,0,101,8,development,S101R08E01,0,3,train
2,20.8,4.1,908,high_amplitude,True,,357.0,0,101,8,development,S101R08E02,0,3,train
3,29.1,4.1,909,high_amplitude,True,,349.0,1,101,8,development,S101R08E03,0,3,train
4,37.4,4.1,910,high_amplitude,True,,291.0,1,101,8,development,S101R08E04,1,3,train
5,45.7,4.1,911,high_amplitude,True,,338.0,0,101,8,development,S101R08E05,1,3,train
6,54.0,4.1,912,high_amplitude,True,,349.99999999999994,0,101,8,development,S101R08E06,1,3,train
7,62.3,4.1,913,high_amplitude,True,,323.0,1,101,8,development,S101R08E07,0,3,train
8,70.6,4.1,914,high_amplitude,True,,423.0,1,101,8,development,S101R08E08,0,3,train
9,78.9,4.1,915,high_amplitude,True,,343.0,0,101,8,development,S101R08E09,0,3,train
10,87.2,4.1,916,high_amplitude,True,,383.0,1,101,8,development,S101R08E10,1,3,train
11,95.5,4.1,917,high_amplitude,True,,307.0,0,101,8,development,S101R08E11,0,3,train
12,103.8,4.1,918,high_amplitude,True,,335.0,1,101,8,development,S101R08E12,0,3,train
13,112.1,4.1,919,high_amplitude,True,,318.00000000000006,0,101,8,development,S101R08E13,0,3,train
14,120.4,4.1,920,high_amplitude,True,,381.0,1,101,8,development,S101R08E14,0,3,train
0,4.2,4.1,921,high_amplitude,True,,350.0,0,101,12,development,S101R12E00,1,3,train
1,12.5,4.1,922,high_amplitude,True,,326.0,1,101,12,development,S101R12E01,1,3,train
2,20.8,4.1,923,high_amplitude,True,,285.0,0,101,12,development,S101R12E02,0,3,train
3,29.1,4.1,924,high_amplitude,True,,323.99999999999994,1,101,12,development,S101R12E03,0,3,train
4,37.4,4.1,925,high_amplitude,True,,354.99999999999994,1,101,12,development,S101R12E04,1,3,train
5,45.7,4.1,926,high_amplitude,True,,354.99999999999994,0,101,12,development,S101R12E05,1,3,train
6,54.0,4.1,927,high_amplitude,True,,277.0,1,101,12,development,S101R12E06,1,3,train
7,62.3,4.1,928,high_amplitude,True,,314.99999999999994,0,101,12,development,S101R12E07,1,3,train
8,70.6,4.1,929,high_amplitude,True,,331.0,1,101,12,development,S101R12E08,0,3,train
9,78.9,4.1,930,high_amplitude,True,,286.0,0,101,12,development,S101R12E09,0,3,train
10,87.2,4.1,931,high_amplitude,True,,336.99999999999994,1,101,12,development,S101R12E10,1,3,train
11,95.5,4.1,932,high_amplitude,True,,274.99999999999994,0,101,12,development,S101R12E11,0,3,train
12,103.8,4.1,933,high_amplitude,True,,301.99999999999994,0,101,12,development,S101R12E12,0,3,train
13,112.1,4.1,934,high_amplitude,True,,285.0,1,101,12,development,S101R12E13,1,3,train
14,120.4,4.1,935,high_amplitude,True,,298.0,1,101,12,development,S101R12E14,1,3,train
0,4.1,4.1,981,high_amplitude,True,,492.99999999999994,0,59,4,development,S059R04E00,0,3,train
1,12.3,4.1,982,high_amplitude,True,,701.0,1,59,4,development,S059R04E01,0,3,train
2,20.5,4.1,983,high_amplitude,True,,539.0,0,59,4,development,S059R04E02,0,3,train
3,28.7,4.1,984,high_amplitude,True,,915.0,1,59,4,development,S059R04E03,0,3,train
4,36.9,4.1,985,high_amplitude,True,,1125.9999999999998,0,59,4,development,S059R04E04,0,3,train
5,45.1,4.1,986,high_amplitude,True,,461.0,1,59,4,development,S059R04E05,0,3,train
6,53.3,4.1,987,high_amplitude,True,,1217.0,0,59,4,development,S059R04E06,0,3,train
7,61.5,4.1,988,high_amplitude,True,,1374.0,1,59,4,development,S059R04E07,0,3,train
8,69.7,4.1,989,high_amplitude,True,,917.0,1,59,4,development,S059R04E08,1,3,train
9,77.9,4.1,990,high_amplitude,True,,514.9999999999999,0,59,4,development,S059R04E09,1,3,train
10,86.1,4.1,991,high_amplitude,True,,1043.9999999999998,0,59,4,development,S059R04E10,1,3,train
11,94.3,4.1,992,high_amplitude,True,,1158.9999999999998,1,59,4,development,S059R04E11,0,3,train
12,102.5,4.1,993,high_amplitude,True,,1006.0,1,59,4,development,S059R04E12,0,3,train
13,110.7,4.1,994,high_amplitude,True,,824.0,0,59,4,development,S059R04E13,0,3,train
14,118.9,4.1,995,high_amplitude,True,,944.0,0,59,4,development,S059R04E14,0,3,train
0,4.1,4.1,996,high_amplitude,True,,767.0,0,59,8,development,S059R08E00,1,3,train
1,12.3,4.1,997,high_amplitude,True,,457.0,1,59,8,development,S059R08E01,1,3,train
2,20.5,4.1,998,high_amplitude,True,,963.0,1,59,8,development,S059R08E02,1,3,train
3,28.7,4.1,999,high_amplitude,True,,928.0,0,59,8,development,S059R08E03,1,3,train
4,36.9,4.1,1000,high_amplitude,True,,728.9999999999999,0,59,8,development,S059R08E04,1,3,train
5,45.1,4.1,1001,high_amplitude,True,,407.0,1,59,8,development,S059R08E05,0,3,train
6,53.3,4.1,1002,high_amplitude,True,,1014.0,0,59,8,development,S059R08E06,1,3,train
7,61.5,4.1,1003,high_amplitude,True,,1131.0,1,59,8,development,S059R08E07,1,3,train
8,69.7,4.1,1004,high_amplitude,True,,1134.0,0,59,8,development,S059R08E08,0,3,train
9,77.9,4.1,1005,high_amplitude,True,,1197.9999999999998,1,59,8,development,S059R08E09,0,3,train
10,86.1,4.1,1006,high_amplitude,True,,1050.0,0,59,8,development,S059R08E10,1,3,train
11,94.3,4.1,1007,high_amplitude,True,,465.0,1,59,8,development,S059R08E11,0,3,train
12,102.5,4.1,1008,high_amplitude,True,,545.0,0,59,8,development,S059R08E12,0,3,train
13,110.7,4.1,1009,high_amplitude,True,,887.0,1,59,8,development,S059R08E13,0,3,train
14,118.9,4.1,1010,high_amplitude,True,,952.0,0,59,8,development,S059R08E14,1,3,train
0,4.1,4.1,1011,high_amplitude,True,,1183.0,1,59,12,development,S059R12E00,1,3,train
1,12.3,4.1,1012,high_amplitude,True,,506.99999999999994,0,59,12,development,S059R12E01,0,3,train
2,20.5,4.1,1013,high_amplitude,True,,1044.0,1,59,12,development,S059R12E02,1,3,train
3,28.7,4.1,1014,high_amplitude,True,,354.99999999999994,0,59,12,development,S059R12E03,0,3,train
4,36.9,4.1,1015,high_amplitude,True,,1357.0,1,59,12,development,S059R12E04,1,3,train
5,45.1,4.1,1016,high_amplitude,True,,821.9999999999999,0,59,12,development,S059R12E05,0,3,train
6,53.3,4.1,1017,high_amplitude,True,,875.9999999999999,1,59,12,development,S059R12E06,0,3,train
7,61.5,4.1,1018,high_amplitude,True,,1017.9999999999998,0,59,12,development,S059R12E07,1,3,train
8,69.7,4.1,1019,high_amplitude,True,,1128.0,1,59,12,development,S059R12E08,0,3,train
9,77.9,4.1,1020,high_amplitude,True,,933.0,0,59,12,development,S059R12E09,1,3,train
10,86.1,4.1,1021,high_amplitude,True,,741.9999999999999,1,59,12,development,S059R12E10,0,3,train
11,94.3,4.1,1022,high_amplitude,True,,916.0,0,59,12,development,S059R12E11,0,3,train
12,102.5,4.1,1023,high_amplitude,True,,1042.0,0,59,12,development,S059R12E12,0,3,train
13,110.7,4.1,1024,high_amplitude,True,,1149.0,1,59,12,development,S059R12E13,1,3,train
14,118.9,4.1,1025,high_amplitude,True,,759.9999999999999,0,59,12,development,S059R12E14,1,3,train
0,4.1,4.15,1026,ok,False,,64.0,0,89,4,development,S089R04E00,0,3,train
1,12.3,4.15,1027,high_amplitude,True,,207.0,1,89,4,development,S089R04E01,0,3,train
2,20.5,4.15,1028,ok,False,,77.0,0,89,4,development,S089R04E02,0,3,train
3,28.7,4.15,1029,ok,False,,66.0,1,89,4,development,S089R04E03,1,3,train
4,36.9,4.15,1030,ok,False,,75.0,0,89,4,development,S089R04E04,0,3,train
5,45.1,4.15,1031,ok,False,,64.0,1,89,4,development,S089R04E05,0,3,train
6,53.3,4.15,1032,ok,False,,70.99999999999999,0,89,4,development,S089R04E06,0,3,train
7,61.5,4.15,1033,ok,False,,72.99999999999999,1,89,4,development,S089R04E07,0,3,train
8,69.7,4.15,1034,ok,False,,82.99999999999999,1,89,4,development,S089R04E08,0,3,train
9,77.9,4.15,1035,ok,False,,82.0,0,89,4,development,S089R04E09,0,3,train
10,86.1,4.15,1036,ok,False,,76.0,1,89,4,development,S089R04E10,0,3,train
11,94.3,4.15,1037,ok,False,,73.0,0,89,4,development,S089R04E11,0,3,train
12,102.5,4.15,1038,high_amplitude,True,,232.0,0,89,4,development,S089R04E12,0,3,train
13,110.7,4.15,1039,ok,False,,125.0,1,89,4,development,S089R04E13,0,3,train
14,118.9,4.1,1040,high_amplitude,True,,205.0,0,89,4,development,S089R04E14,0,3,train
0,4.1,4.15,1041,ok,False,,69.0,0,89,8,development,S089R08E00,1,3,train
1,12.3,4.15,1042,ok,False,,46.0,1,89,8,development,S089R08E01,1,3,train
2,20.5,4.15,1043,high_amplitude,True,,201.99999999999997,1,89,8,development,S089R08E02,1,3,train
3,28.7,4.15,1044,high_amplitude,True,,214.0,0,89,8,development,S089R08E03,0,3,train
4,36.9,4.15,1045,ok,False,,192.99999999999997,1,89,8,development,S089R08E04,1,3,train
5,45.1,4.15,1046,ok,False,,195.0,0,89,8,development,S089R08E05,1,3,train
6,53.3,4.15,1047,ok,False,,172.99999999999997,1,89,8,development,S089R08E06,0,3,train
7,61.5,4.15,1048,high_amplitude,True,,201.99999999999997,0,89,8,development,S089R08E07,0,3,train
8,69.7,4.15,1049,high_amplitude,True,,201.99999999999997,0,89,8,development,S089R08E08,0,3,train
9,77.9,4.15,1050,ok,False,,179.99999999999997,1,89,8,development,S089R08E09,0,3,train
10,86.1,4.15,1051,high_amplitude,True,,207.0,0,89,8,development,S089R08E10,0,3,train
11,94.3,4.15,1052,ok,False,,191.0,1,89,8,development,S089R08E11,1,3,train
12,102.5,4.15,1053,ok,False,,174.99999999999997,1,89,8,development,S089R08E12,1,3,train
13,110.7,4.15,1054,high_amplitude,True,,210.99999999999997,0,89,8,development,S089R08E13,1,3,train
14,118.9,4.1,1055,high_amplitude,True,,207.0,0,89,8,development,S089R08E14,1,3,train
0,4.1,4.15,1056,high_amplitude,True,,227.0,0,89,12,development,S089R12E00,0,3,train
1,12.3,4.15,1057,ok,False,,189.0,1,89,12,development,S089R12E01,0,3,train
2,20.5,4.15,1058,high_amplitude,True,,207.0,0,89,12,development,S089R12E02,0,3,train
3,28.7,4.15,1059,high_amplitude,True,,222.99999999999997,1,89,12,development,S089R12E03,1,3,train
4,36.9,4.15,1060,high_amplitude,True,,207.0,0,89,12,development,S089R12E04,1,3,train
5,45.1,4.15,1061,high_amplitude,True,,212.0,1,89,12,development,S089R12E05,1,3,train
6,53.3,4.15,1062,ok,False,,163.0,1,89,12,development,S089R12E06,1,3,train
7,61.5,4.15,1063,high_amplitude,True,,215.0,0,89,12,development,S089R12E07,0,3,train
8,69.7,4.15,1064,ok,False,,161.0,0,89,12,development,S089R12E08,1,3,train
9,77.9,4.15,1065,high_amplitude,True,,221.99999999999997,1,89,12,development,S089R12E09,1,3,train
10,86.1,4.15,1066,high_amplitude,True,,208.0,0,89,12,development,S089R12E10,1,3,train
11,94.3,4.15,1067,high_amplitude,True,,217.0,1,89,12,development,S089R12E11,0,3,train
12,102.5,4.15,1068,high_amplitude,True,,208.99999999999997,0,89,12,development,S089R12E12,0,3,train
13,110.7,4.15,1069,high_amplitude,True,,202.0,1,89,12,development,S089R12E13,1,3,train
14,118.9,4.1,1070,ok,False,,172.0,0,89,12,development,S089R12E14,0,3,train
0,4.1,4.1,1161,high_amplitude,True,,665.9999999999999,1,39,4,development,S039R04E00,1,3,train
1,12.3,4.1,1162,high_amplitude,True,,465.0,0,39,4,development,S039R04E01,0,3,train
2,20.5,4.1,1163,high_amplitude,True,,414.0,1,39,4,development,S039R04E02,0,3,train
3,28.7,4.1,1164,high_amplitude,True,,735.0,0,39,4,development,S039R04E03,1,3,train
4,36.9,4.1,1165,high_amplitude,True,,740.0,0,39,4,development,S039R04E04,0,3,train
5,45.1,4.1,1166,high_amplitude,True,,1072.0,1,39,4,development,S039R04E05,1,3,train
6,53.3,4.1,1167,high_amplitude,True,,625.0,0,39,4,development,S039R04E06,0,3,train
7,61.5,4.1,1168,high_amplitude,True,,525.0,1,39,4,development,S039R04E07,1,3,train
8,69.7,4.1,1169,high_amplitude,True,,539.0,1,39,4,development,S039R04E08,1,3,train
9,77.9,4.1,1170,high_amplitude,True,,838.9999999999999,0,39,4,development,S039R04E09,0,3,train
10,86.1,4.1,1171,high_amplitude,True,,665.0,0,39,4,development,S039R04E10,1,3,train
11,94.3,4.1,1172,high_amplitude,True,,531.9999999999999,1,39,4,development,S039R04E11,1,3,train
12,102.5,4.1,1173,high_amplitude,True,,598.0,1,39,4,development,S039R04E12,0,3,train
13,110.7,4.1,1174,high_amplitude,True,,601.0,0,39,4,development,S039R04E13,1,3,train
14,118.9,4.1,1175,high_amplitude,True,,925.0,0,39,4,development,S039R04E14,0,3,train
0,4.1,4.1,1176,high_amplitude,True,,802.9999999999999,1,39,8,development,S039R08E00,0,3,train
1,12.3,4.1,1177,high_amplitude,True,,1056.0,0,39,8,development,S039R08E01,0,3,train
2,20.5,4.1,1178,high_amplitude,True,,978.0,1,39,8,development,S039R08E02,1,3,train
3,28.7,4.1,1179,high_amplitude,True,,1063.9999999999998,0,39,8,development,S039R08E03,0,3,train
4,36.9,4.1,1180,high_amplitude,True,,1229.0,1,39,8,development,S039R08E04,0,3,train
5,45.1,4.1,1181,high_amplitude,True,,777.9999999999999,0,39,8,development,S039R08E05,1,3,train
6,53.3,4.1,1182,high_amplitude,True,,1020.0,1,39,8,development,S039R08E06,0,3,train
7,61.5,4.1,1183,high_amplitude,True,,937.0,0,39,8,development,S039R08E07,0,3,train
8,69.7,4.1,1184,high_amplitude,True,,962.0,1,39,8,development,S039R08E08,0,3,train
9,77.9,4.1,1185,high_amplitude,True,,1060.0,0,39,8,development,S039R08E09,0,3,train
10,86.1,4.1,1186,high_amplitude,True,,708.0,1,39,8,development,S039R08E10,1,3,train
11,94.3,4.1,1187,high_amplitude,True,,900.0,0,39,8,development,S039R08E11,0,3,train
12,102.5,4.1,1188,high_amplitude,True,,1264.0,0,39,8,development,S039R08E12,1,3,train
13,110.7,4.1,1189,high_amplitude,True,,743.0,1,39,8,development,S039R08E13,1,3,train
14,118.9,4.1,1190,high_amplitude,True,,1222.0,0,39,8,development,S039R08E14,1,3,train
0,4.1,4.1,1191,high_amplitude,True,,841.9999999999999,0,39,12,development,S039R12E00,0,3,train
1,12.3,4.1,1192,high_amplitude,True,,1158.9999999999998,1,39,12,development,S039R12E01,0,3,train
2,20.5,4.1,1193,high_amplitude,True,,1186.0,1,39,12,development,S039R12E02,1,3,train
3,28.7,4.1,1194,high_amplitude,True,,1266.0,0,39,12,development,S039R12E03,0,3,train
4,36.9,4.1,1195,high_amplitude,True,,1060.0,1,39,12,development,S039R12E04,0,3,train
5,45.1,4.1,1196,high_amplitude,True,,1034.0,0,39,12,development,S039R12E05,0,3,train
6,53.3,4.1,1197,high_amplitude,True,,717.9999999999999,0,39,12,development,S039R12E06,0,3,train
7,61.5,4.1,1198,high_amplitude,True,,1231.0,1,39,12,development,S039R12E07,1,3,train
8,69.7,4.1,1199,high_amplitude,True,,1167.0,0,39,12,development,S039R12E08,0,3,train
9,77.9,4.1,1200,high_amplitude,True,,902.0,1,39,12,development,S039R12E09,0,3,train
10,86.1,4.1,1201,high_amplitude,True,,606.0,0,39,12,development,S039R12E10,0,3,train
11,94.3,4.1,1202,high_amplitude,True,,1121.0,1,39,12,development,S039R12E11,1,3,train
12,102.5,4.1,1203,high_amplitude,True,,974.0,1,39,12,development,S039R12E12,1,3,train
13,110.7,4.1,1204,high_amplitude,True,,1050.0,0,39,12,development,S039R12E13,1,3,train
14,118.9,4.1,1205,high_amplitude,True,,1194.0,1,39,12,development,S039R12E14,1,3,train
0,4.1,4.1,1206,ok,False,,79.0,1,18,4,development,S018R04E00,0,3,train
1,12.3,4.1,1207,ok,False,,76.0,0,18,4,development,S018R04E01,1,3,train
2,20.5,4.1,1208,ok,False,,87.0,0,18,4,development,S018R04E02,0,3,train
3,28.7,4.1,1209,ok,False,,87.0,1,18,4,development,S018R04E03,0,3,train
4,36.9,4.1,1210,ok,False,,80.99999999999999,0,18,4,development,S018R04E04,0,3,train
5,45.1,4.1,1211,ok,False,,85.0,1,18,4,development,S018R04E05,0,3,train
6,53.3,4.1,1212,ok,False,,89.0,1,18,4,development,S018R04E06,0,3,train
7,61.5,4.1,1213,high_amplitude,True,,233.0,0,18,4,development,S018R04E07,0,3,train
8,69.7,4.1,1214,ok,False,,70.99999999999999,0,18,4,development,S018R04E08,1,3,train
9,77.9,4.1,1215,high_amplitude,True,,234.0,1,18,4,development,S018R04E09,0,3,train
10,86.1,4.1,1216,high_amplitude,True,,217.0,0,18,4,development,S018R04E10,1,3,train
11,94.3,4.1,1217,ok,False,,83.0,1,18,4,development,S018R04E11,1,3,train
12,102.5,4.1,1218,ok,False,,79.0,1,18,4,development,S018R04E12,0,3,train
13,110.7,4.1,1219,high_amplitude,True,,218.0,0,18,4,development,S018R04E13,0,3,train
14,118.9,4.1,1220,ok,False,,166.0,1,18,4,development,S018R04E14,0,3,train
0,4.1,4.1,1221,ok,False,,70.99999999999999,1,18,8,development,S018R08E00,1,3,train
1,12.3,4.1,1222,ok,False,,86.0,0,18,8,development,S018R08E01,1,3,train
2,20.5,4.1,1223,high_amplitude,True,,236.99999999999997,0,18,8,development,S018R08E02,1,3,train
3,28.7,4.1,1224,high_amplitude,True,,208.99999999999997,1,18,8,development,S018R08E03,1,3,train
4,36.9,4.1,1225,high_amplitude,True,,241.0,0,18,8,development,S018R08E04,1,3,train
5,45.1,4.1,1226,ok,False,,110.0,1,18,8,development,S018R08E05,1,3,train
6,53.3,4.1,1227,ok,False,,121.0,0,18,8,development,S018R08E06,1,3,train
7,61.5,4.1,1228,high_amplitude,True,,251.00000000000003,1,18,8,development,S018R08E07,1,3,train
8,69.7,4.1,1229,high_amplitude,True,,252.99999999999997,0,18,8,development,S018R08E08,1,3,train
9,77.9,4.1,1230,high_amplitude,True,,237.99999999999997,1,18,8,development,S018R08E09,1,3,train
10,86.1,4.1,1231,high_amplitude,True,,224.0,0,18,8,development,S018R08E10,0,3,train
11,94.3,4.1,1232,high_amplitude,True,,239.0,1,18,8,development,S018R08E11,0,3,train
12,102.5,4.1,1233,high_amplitude,True,,239.99999999999997,1,18,8,development,S018R08E12,1,3,train
13,110.7,4.1,1234,high_amplitude,True,,237.99999999999997,0,18,8,development,S018R08E13,1,3,train
14,118.9,4.1,1235,high_amplitude,True,,251.00000000000003,0,18,8,development,S018R08E14,1,3,train
0,4.1,4.1,1236,high_amplitude,True,,239.99999999999997,0,18,12,development,S018R12E00,0,3,train
1,12.3,4.1,1237,high_amplitude,True,,252.0,1,18,12,development,S018R12E01,0,3,train
2,20.5,4.1,1238,high_amplitude,True,,228.0,1,18,12,development,S018R12E02,0,3,train
3,28.7,4.1,1239,high_amplitude,True,,219.0,0,18,12,development,S018R12E03,1,3,train
4,36.9,4.1,1240,high_amplitude,True,,239.99999999999997,0,18,12,development,S018R12E04,0,3,train
5,45.1,4.1,1241,high_amplitude,True,,230.99999999999997,1,18,12,development,S018R12E05,0,3,train
6,53.3,4.1,1242,high_amplitude,True,,237.99999999999997,0,18,12,development,S018R12E06,0,3,train
7,61.5,4.1,1243,high_amplitude,True,,243.0,1,18,12,development,S018R12E07,1,3,train
8,69.7,4.1,1244,high_amplitude,True,,237.00000000000003,1,18,12,development,S018R12E08,0,3,train
9,77.9,4.1,1245,high_amplitude,True,,237.99999999999997,0,18,12,development,S018R12E09,1,3,train
10,86.1,4.1,1246,high_amplitude,True,,248.0,1,18,12,development,S018R12E10,1,3,train
11,94.3,4.1,1247,high_amplitude,True,,230.0,0,18,12,development,S018R12E11,0,3,train
12,102.5,4.1,1248,high_amplitude,True,,218.0,0,18,12,development,S018R12E12,1,3,train
13,110.7,4.1,1249,high_amplitude,True,,222.0,1,18,12,development,S018R12E13,0,3,train
14,118.9,4.1,1250,high_amplitude,True,,227.0,1,18,12,development,S018R12E14,1,3,train
0,4.1,4.1,1251,high_amplitude,True,,206.0,0,55,4,development,S055R04E00,0,3,train
1,12.3,4.1,1252,ok,False,,194.0,1,55,4,development,S055R04E01,0,3,train
2,20.5,4.1,1253,high_amplitude,True,,212.0,0,55,4,development,S055R04E02,0,3,train
3,28.7,4.1,1254,high_amplitude,True,,214.0,1,55,4,development,S055R04E03,1,3,train
4,36.9,4.1,1255,high_amplitude,True,,226.00000000000003,1,55,4,development,S055R04E04,1,3,train
5,45.1,4.1,1256,high_amplitude,True,,216.0,0,55,4,development,S055R04E05,0,3,train
6,53.3,4.1,1257,high_amplitude,True,,203.0,0,55,4,development,S055R04E06,1,3,train
7,61.5,4.1,1258,high_amplitude,True,,228.99999999999997,1,55,4,development,S055R04E07,1,3,train
8,69.7,4.1,1259,high_amplitude,True,,239.99999999999997,1,55,4,development,S055R04E08,1,3,train
9,77.9,4.1,1260,ok,False,,199.0,0,55,4,development,S055R04E09,0,3,train
10,86.1,4.1,1261,high_amplitude,True,,230.0,0,55,4,development,S055R04E10,0,3,train
11,94.3,4.1,1262,high_amplitude,True,,233.0,1,55,4,development,S055R04E11,0,3,train
12,102.5,4.1,1263,high_amplitude,True,,226.0,1,55,4,development,S055R04E12,1,3,train
13,110.7,4.1,1264,high_amplitude,True,,217.0,0,55,4,development,S055R04E13,0,3,train
14,118.9,4.1,1265,high_amplitude,True,,221.0,0,55,4,development,S055R04E14,0,3,train
0,4.1,4.1,1266,high_amplitude,True,,233.0,1,55,8,development,S055R08E00,0,3,train
1,12.3,4.1,1267,high_amplitude,True,,213.0,0,55,8,development,S055R08E01,0,3,train
2,20.5,4.1,1268,high_amplitude,True,,215.0,1,55,8,development,S055R08E02,1,3,train
3,28.7,4.1,1269,high_amplitude,True,,214.0,0,55,8,development,S055R08E03,0,3,train
4,36.9,4.1,1270,high_amplitude,True,,212.99999999999997,0,55,8,development,S055R08E04,0,3,train
5,45.1,4.1,1271,high_amplitude,True,,241.99999999999997,1,55,8,development,S055R08E05,1,3,train
6,53.3,4.1,1272,high_amplitude,True,,212.99999999999997,1,55,8,development,S055R08E06,1,3,train
7,61.5,4.1,1273,high_amplitude,True,,223.0,0,55,8,development,S055R08E07,0,3,train
8,69.7,4.1,1274,high_amplitude,True,,230.99999999999997,0,55,8,development,S055R08E08,0,3,train
9,77.9,4.1,1275,high_amplitude,True,,239.99999999999997,1,55,8,development,S055R08E09,0,3,train
10,86.1,4.1,1276,high_amplitude,True,,223.99999999999997,0,55,8,development,S055R08E10,0,3,train
11,94.3,4.1,1277,high_amplitude,True,,221.99999999999997,1,55,8,development,S055R08E11,1,3,train
12,102.5,4.1,1278,high_amplitude,True,,201.99999999999997,1,55,8,development,S055R08E12,1,3,train
13,110.7,4.1,1279,high_amplitude,True,,259.0,0,55,8,development,S055R08E13,0,3,train
14,118.9,4.1,1280,high_amplitude,True,,218.0,0,55,8,development,S055R08E14,1,3,train
0,4.1,4.1,1281,high_amplitude,True,,223.0,0,55,12,development,S055R12E00,0,3,train
1,12.3,4.1,1282,high_amplitude,True,,250.0,1,55,12,development,S055R12E01,1,3,train
2,20.5,4.1,1283,high_amplitude,True,,226.0,1,55,12,development,S055R12E02,1,3,train
3,28.7,4.1,1284,high_amplitude,True,,221.0,0,55,12,development,S055R12E03,1,3,train
4,36.9,4.1,1285,high_amplitude,True,,256.99999999999994,1,55,12,development,S055R12E04,1,3,train
5,45.1,4.1,1286,high_amplitude,True,,210.99999999999997,0,55,12,development,S055R12E05,0,3,train
6,53.3,4.1,1287,high_amplitude,True,,256.99999999999994,1,55,12,development,S055R12E06,0,3,train
7,61.5,4.1,1288,high_amplitude,True,,230.0,0,55,12,development,S055R12E07,0,3,train
8,69.7,4.1,1289,high_amplitude,True,,234.0,0,55,12,development,S055R12E08,1,3,train
9,77.9,4.1,1290,ok,False,,197.0,1,55,12,development,S055R12E09,1,3,train
10,86.1,4.1,1291,high_amplitude,True,,207.0,1,55,12,development,S055R12E10,1,3,train
11,94.3,4.1,1292,high_amplitude,True,,232.99999999999997,0,55,12,development,S055R12E11,0,3,train
12,102.5,4.1,1293,high_amplitude,True,,260.0,0,55,12,development,S055R12E12,0,3,train
13,110.7,4.1,1294,high_amplitude,True,,223.99999999999997,1,55,12,development,S055R12E13,1,3,train
14,118.9,4.1,1295,high_amplitude,True,,235.0,1,55,12,development,S055R12E14,1,3,train
0,4.3,4.1,0,ok,False,,62.0,0,51,4,development,S051R04E00,1,3,validation
1,12.5,4.1,1,ok,False,,192.0,1,51,4,development,S051R04E01,0,3,validation
2,20.7,4.1,2,ok,False,,59.0,1,51,4,development,S051R04E02,0,3,validation
3,28.9,4.1,3,ok,False,,198.99999999999997,0,51,4,development,S051R04E03,0,3,validation
4,37.1,4.1,4,ok,False,,76.0,1,51,4,development,S051R04E04,1,3,validation
5,45.3,4.1,5,ok,False,,56.0,0,51,4,development,S051R04E05,0,3,validation
6,53.5,4.1,6,ok,False,,76.0,1,51,4,development,S051R04E06,0,3,validation
7,61.7,4.1,7,ok,False,,61.999999999999986,0,51,4,development,S051R04E07,1,3,validation
8,69.9,4.1,8,high_amplitude,True,,226.0,1,51,4,development,S051R04E08,0,3,validation
9,78.1,4.1,9,ok,False,,56.0,0,51,4,development,S051R04E09,0,3,validation
10,86.3,4.1,10,high_amplitude,True,,225.0,1,51,4,development,S051R04E10,0,3,validation
11,94.5,4.1,11,ok,False,,68.0,0,51,4,development,S051R04E11,0,3,validation
12,102.7,4.1,12,ok,False,,84.0,1,51,4,development,S051R04E12,1,3,validation
13,110.9,4.1,13,ok,False,,77.0,0,51,4,development,S051R04E13,0,3,validation
14,119.1,4.0,14,ok,False,,88.0,0,51,4,development,S051R04E14,0,3,validation
0,4.3,4.1,15,ok,False,,153.0,1,51,8,development,S051R08E00,1,3,validation
1,12.5,4.1,16,ok,False,,55.99999999999999,0,51,8,development,S051R08E01,0,3,validation
2,20.7,4.1,17,ok,False,,59.0,1,51,8,development,S051R08E02,0,3,validation
3,28.9,4.1,18,ok,False,,68.0,0,51,8,development,S051R08E03,0,3,validation
4,37.1,4.1,19,ok,False,,67.99999999999999,1,51,8,development,S051R08E04,0,3,validation
5,45.3,4.1,20,ok,False,,46.0,0,51,8,development,S051R08E05,1,3,validation
6,53.5,4.1,21,ok,False,,52.00000000000001,0,51,8,development,S051R08E06,1,3,validation
7,61.7,4.1,22,ok,False,,160.99999999999997,1,51,8,development,S051R08E07,0,3,validation
8,69.9,4.1,23,high_amplitude,True,,263.0,1,51,8,development,S051R08E08,1,3,validation
9,78.1,4.1,24,ok,False,,181.0,0,51,8,development,S051R08E09,1,3,validation
10,86.3,4.1,25,ok,False,,139.0,1,51,8,development,S051R08E10,0,3,validation
11,94.5,4.1,26,high_amplitude,True,,258.0,0,51,8,development,S051R08E11,1,3,validation
12,102.7,4.1,27,ok,False,,50.99999999999999,1,51,8,development,S051R08E12,1,3,validation
13,110.9,4.1,28,ok,False,,55.0,0,51,8,development,S051R08E13,1,3,validation
14,119.1,4.0,29,high_amplitude,True,,205.0,0,51,8,development,S051R08E14,1,3,validation
0,4.3,4.1,30,ok,False,,51.0,1,51,12,development,S051R12E00,0,3,validation
1,12.5,4.1,31,ok,False,,40.99999999999999,0,51,12,development,S051R12E01,0,3,validation
2,20.7,4.1,32,ok,False,,70.0,1,51,12,development,S051R12E02,1,3,validation
3,28.9,4.1,33,ok,False,,94.0,0,51,12,development,S051R12E03,0,3,validation
4,37.1,4.1,34,ok,False,,84.0,0,51,12,development,S051R12E04,0,3,validation
5,45.3,4.1,35,ok,False,,93.0,1,51,12,development,S051R12E05,0,3,validation
6,53.5,4.1,36,ok,False,,49.0,0,51,12,development,S051R12E06,1,3,validation
7,61.7,4.1,37,ok,False,,48.0,1,51,12,development,S051R12E07,0,3,validation
8,69.9,4.1,38,ok,False,,88.0,1,51,12,development,S051R12E08,1,3,validation
9,78.1,4.1,39,high_amplitude,True,,212.99999999999997,0,51,12,development,S051R12E09,0,3,validation
10,86.3,4.1,40,ok,False,,45.0,0,51,12,development,S051R12E10,0,3,validation
11,94.5,4.1,41,ok,False,,70.00000000000001,1,51,12,development,S051R12E11,1,3,validation
12,102.7,4.1,42,ok,False,,54.99999999999999,1,51,12,development,S051R12E12,1,3,validation
13,110.9,4.1,43,ok,False,,61.0,0,51,12,development,S051R12E13,0,3,validation
14,119.1,4.0,44,ok,False,,39.0,0,51,12,development,S051R12E14,1,3,validation
0,4.1,4.1,486,high_amplitude,True,,505.99999999999994,0,10,4,development,S010R04E00,0,3,validation
1,12.3,4.1,487,high_amplitude,True,,359.0,1,10,4,development,S010R04E01,0,3,validation
2,20.5,4.1,488,high_amplitude,True,,665.9999999999999,0,10,4,development,S010R04E02,1,3,validation
3,28.7,4.1,489,high_amplitude,True,,343.0,1,10,4,development,S010R04E03,0,3,validation
4,36.9,4.1,490,high_amplitude,True,,1052.0,0,10,4,development,S010R04E04,0,3,validation
5,45.1,4.1,491,high_amplitude,True,,899.0,1,10,4,development,S010R04E05,1,3,validation
6,53.3,4.1,492,high_amplitude,True,,1044.0,1,10,4,development,S010R04E06,0,3,validation
7,61.5,4.1,493,high_amplitude,True,,675.0,0,10,4,development,S010R04E07,1,3,validation
8,69.7,4.1,494,high_amplitude,True,,940.0,1,10,4,development,S010R04E08,0,3,validation
9,77.9,4.1,495,high_amplitude,True,,760.0,0,10,4,development,S010R04E09,1,3,validation
10,86.1,4.1,496,high_amplitude,True,,904.0,1,10,4,development,S010R04E10,1,3,validation
11,94.3,4.1,497,high_amplitude,True,,1066.9999999999998,0,10,4,development,S010R04E11,0,3,validation
12,102.5,4.1,498,high_amplitude,True,,888.9999999999999,1,10,4,development,S010R04E12,1,3,validation
13,110.7,4.1,499,high_amplitude,True,,624.9999999999999,0,10,4,development,S010R04E13,1,3,validation
14,118.9,4.1,500,high_amplitude,True,,821.0,0,10,4,development,S010R04E14,0,3,validation
0,4.1,4.1,501,high_amplitude,True,,999.0,1,10,8,development,S010R08E00,0,3,validation
1,12.3,4.1,502,high_amplitude,True,,637.0,0,10,8,development,S010R08E01,0,3,validation
2,20.5,4.1,503,high_amplitude,True,,305.99999999999994,0,10,8,development,S010R08E02,0,3,validation
3,28.7,4.1,504,high_amplitude,True,,939.0,1,10,8,development,S010R08E03,1,3,validation
4,36.9,4.1,505,high_amplitude,True,,1080.0,1,10,8,development,S010R08E04,1,3,validation
5,45.1,4.1,506,high_amplitude,True,,1139.0,0,10,8,development,S010R08E05,1,3,validation
6,53.3,4.1,507,high_amplitude,True,,786.9999999999999,1,10,8,development,S010R08E06,1,3,validation
7,61.5,4.1,508,high_amplitude,True,,530.0,0,10,8,development,S010R08E07,1,3,validation
8,69.7,4.1,509,high_amplitude,True,,979.0,1,10,8,development,S010R08E08,0,3,validation
9,77.9,4.1,510,high_amplitude,True,,1096.0,0,10,8,development,S010R08E09,1,3,validation
10,86.1,4.1,511,high_amplitude,True,,722.0,1,10,8,development,S010R08E10,0,3,validation
11,94.3,4.1,512,high_amplitude,True,,739.0,0,10,8,development,S010R08E11,0,3,validation
12,102.5,4.1,513,high_amplitude,True,,1008.0,0,10,8,development,S010R08E12,0,3,validation
13,110.7,4.1,514,high_amplitude,True,,727.9999999999999,1,10,8,development,S010R08E13,1,3,validation
14,118.9,4.1,515,high_amplitude,True,,763.0,0,10,8,development,S010R08E14,0,3,validation
0,4.1,4.1,516,high_amplitude,True,,679.9999999999999,0,10,12,development,S010R12E00,0,3,validation
1,12.3,4.1,517,high_amplitude,True,,543.0,1,10,12,development,S010R12E01,0,3,validation
2,20.5,4.1,518,high_amplitude,True,,792.0,1,10,12,development,S010R12E02,1,3,validation
3,28.7,4.1,519,high_amplitude,True,,851.9999999999999,0,10,12,development,S010R12E03,0,3,validation
4,36.9,4.1,520,high_amplitude,True,,916.0,1,10,12,development,S010R12E04,0,3,validation
5,45.1,4.1,521,high_amplitude,True,,944.0,0,10,12,development,S010R12E05,1,3,validation
6,53.3,4.1,522,high_amplitude,True,,789.0,0,10,12,development,S010R12E06,1,3,validation
7,61.5,4.1,523,high_amplitude,True,,879.9999999999999,1,10,12,development,S010R12E07,0,3,validation
8,69.7,4.1,524,high_amplitude,True,,812.0,0,10,12,development,S010R12E08,0,3,validation
9,77.9,4.1,525,high_amplitude,True,,1002.0,1,10,12,development,S010R12E09,1,3,validation
10,86.1,4.1,526,high_amplitude,True,,1096.9999999999998,0,10,12,development,S010R12E10,1,3,validation
11,94.3,4.1,527,high_amplitude,True,,877.9999999999999,1,10,12,development,S010R12E11,0,3,validation
12,102.5,4.1,528,high_amplitude,True,,951.0,1,10,12,development,S010R12E12,0,3,validation
13,110.7,4.1,529,high_amplitude,True,,869.0,0,10,12,development,S010R12E13,1,3,validation
14,118.9,4.1,530,high_amplitude,True,,820.0,0,10,12,development,S010R12E14,0,3,validation
0,4.1,4.1,936,high_amplitude,True,,254.0,1,26,4,development,S026R04E00,1,3,validation
1,12.3,4.1,937,high_amplitude,True,,246.00000000000003,0,26,4,development,S026R04E01,1,3,validation
2,20.5,4.1,938,high_amplitude,True,,250.99999999999997,1,26,4,development,S026R04E02,1,3,validation
3,28.7,4.1,939,ok,False,,154.0,0,26,4,development,S026R04E03,1,3,validation
4,36.9,4.1,940,ok,False,,196.0,1,26,4,development,S026R04E04,1,3,validation
5,45.1,4.1,941,ok,False,,134.99999999999997,0,26,4,development,S026R04E05,1,3,validation
6,53.3,4.1,942,high_amplitude,True,,231.0,0,26,4,development,S026R04E06,1,3,validation
7,61.5,4.1,943,high_amplitude,True,,301.0,1,26,4,development,S026R04E07,1,3,validation
8,69.7,4.1,944,high_amplitude,True,,239.0,0,26,4,development,S026R04E08,1,3,validation
9,77.9,4.1,945,high_amplitude,True,,255.00000000000003,1,26,4,development,S026R04E09,1,3,validation
10,86.1,4.1,946,high_amplitude,True,,248.99999999999997,0,26,4,development,S026R04E10,0,3,validation
11,94.3,4.1,947,ok,False,,194.0,1,26,4,development,S026R04E11,1,3,validation
12,102.5,4.1,948,high_amplitude,True,,246.00000000000003,1,26,4,development,S026R04E12,1,3,validation
13,110.7,4.1,949,ok,False,,126.0,0,26,4,development,S026R04E13,0,3,validation
14,118.9,4.1,950,high_amplitude,True,,234.99999999999997,0,26,4,development,S026R04E14,0,3,validation
0,4.1,4.1,951,high_amplitude,True,,243.0,0,26,8,development,S026R08E00,0,3,validation
1,12.3,4.1,952,ok,False,,91.0,1,26,8,development,S026R08E01,0,3,validation
2,20.5,4.1,953,high_amplitude,True,,237.00000000000003,0,26,8,development,S026R08E02,0,3,validation
3,28.7,4.1,954,high_amplitude,True,,250.0,1,26,8,development,S026R08E03,0,3,validation
4,36.9,4.1,955,ok,False,,114.0,1,26,8,development,S026R08E04,0,3,validation
5,45.1,4.1,956,ok,False,,105.0,0,26,8,development,S026R08E05,0,3,validation
6,53.3,4.1,957,high_amplitude,True,,239.99999999999997,1,26,8,development,S026R08E06,0,3,validation
7,61.5,4.1,958,high_amplitude,True,,245.0,0,26,8,development,S026R08E07,0,3,validation
8,69.7,4.1,959,ok,False,,102.0,1,26,8,development,S026R08E08,0,3,validation
9,77.9,4.1,960,ok,False,,124.0,0,26,8,development,S026R08E09,0,3,validation
10,86.1,4.1,961,ok,False,,118.0,1,26,8,development,S026R08E10,1,3,validation
11,94.3,4.1,962,ok,False,,128.0,0,26,8,development,S026R08E11,0,3,validation
12,102.5,4.1,963,high_amplitude,True,,251.00000000000003,1,26,8,development,S026R08E12,0,3,validation
13,110.7,4.1,964,high_amplitude,True,,225.0,0,26,8,development,S026R08E13,0,3,validation
14,118.9,4.1,965,high_amplitude,True,,236.0,0,26,8,development,S026R08E14,0,3,validation
0,4.1,4.1,966,ok,False,,113.0,0,26,12,development,S026R12E00,0,3,validation
1,12.3,4.1,967,high_amplitude,True,,260.0,1,26,12,development,S026R12E01,0,3,validation
2,20.5,4.1,968,high_amplitude,True,,239.99999999999997,1,26,12,development,S026R12E02,0,3,validation
3,28.7,4.1,969,ok,False,,195.0,0,26,12,development,S026R12E03,0,3,validation
4,36.9,4.1,970,ok,False,,85.0,1,26,12,development,S026R12E04,0,3,validation
5,45.1,4.1,971,ok,False,,98.0,0,26,12,development,S026R12E05,0,3,validation
6,53.3,4.1,972,high_amplitude,True,,245.0,0,26,12,development,S026R12E06,0,3,validation
7,61.5,4.1,973,high_amplitude,True,,212.0,1,26,12,development,S026R12E07,0,3,validation
8,69.7,4.1,974,high_amplitude,True,,236.0,0,26,12,development,S026R12E08,0,3,validation
9,77.9,4.1,975,high_amplitude,True,,217.00000000000003,1,26,12,development,S026R12E09,0,3,validation
10,86.1,4.1,976,high_amplitude,True,,237.00000000000003,0,26,12,development,S026R12E10,0,3,validation
11,94.3,4.1,977,high_amplitude,True,,223.0,1,26,12,development,S026R12E11,0,3,validation
12,102.5,4.1,978,high_amplitude,True,,241.0,0,26,12,development,S026R12E12,0,3,validation
13,110.7,4.1,979,high_amplitude,True,,222.0,1,26,12,development,S026R12E13,0,3,validation
14,118.9,4.1,980,high_amplitude,True,,255.00000000000003,0,26,12,development,S026R12E14,0,3,validation
0,4.1,4.1,1071,high_amplitude,True,,399.00000000000006,1,68,4,development,S068R04E00,0,3,validation
1,12.3,4.1,1072,high_amplitude,True,,491.0,0,68,4,development,S068R04E01,0,3,validation
2,20.5,4.1,1073,high_amplitude,True,,785.0,0,68,4,development,S068R04E02,0,3,validation
3,28.7,4.1,1074,high_amplitude,True,,454.0,1,68,4,development,S068R04E03,0,3,validation
4,36.9,4.1,1075,high_amplitude,True,,692.9999999999999,1,68,4,development,S068R04E04,0,3,validation
5,45.1,4.1,1076,high_amplitude,True,,437.0,0,68,4,development,S068R04E05,0,3,validation
6,53.3,4.1,1077,high_amplitude,True,,637.0,1,68,4,development,S068R04E06,1,3,validation
7,61.5,4.1,1078,high_amplitude,True,,1017.0,0,68,4,development,S068R04E07,0,3,validation
8,69.7,4.1,1079,high_amplitude,True,,609.0,1,68,4,development,S068R04E08,0,3,validation
9,77.9,4.1,1080,high_amplitude,True,,454.0,0,68,4,development,S068R04E09,0,3,validation
10,86.1,4.1,1081,high_amplitude,True,,598.0,0,68,4,development,S068R04E10,0,3,validation
11,94.3,4.1,1082,high_amplitude,True,,379.0,1,68,4,development,S068R04E11,1,3,validation
12,102.5,4.1,1083,high_amplitude,True,,448.0,1,68,4,development,S068R04E12,0,3,validation
13,110.7,4.1,1084,high_amplitude,True,,611.0,0,68,4,development,S068R04E13,0,3,validation
14,118.9,4.1,1085,high_amplitude,True,,1092.9999999999998,0,68,4,development,S068R04E14,0,3,validation
0,4.1,4.1,1086,high_amplitude,True,,508.0,1,68,8,development,S068R08E00,0,3,validation
1,12.3,4.1,1087,high_amplitude,True,,381.0,0,68,8,development,S068R08E01,0,3,validation
2,20.5,4.1,1088,high_amplitude,True,,1225.0,1,68,8,development,S068R08E02,1,3,validation
3,28.7,4.1,1089,high_amplitude,True,,488.0,0,68,8,development,S068R08E03,0,3,validation
4,36.9,4.1,1090,high_amplitude,True,,436.0,0,68,8,development,S068R08E04,0,3,validation
5,45.1,4.1,1091,high_amplitude,True,,819.0,1,68,8,development,S068R08E05,0,3,validation
6,53.3,4.1,1092,high_amplitude,True,,727.0,1,68,8,development,S068R08E06,0,3,validation
7,61.5,4.1,1093,high_amplitude,True,,469.0,0,68,8,development,S068R08E07,0,3,validation
8,69.7,4.1,1094,high_amplitude,True,,544.9999999999999,0,68,8,development,S068R08E08,0,3,validation
9,77.9,4.1,1095,high_amplitude,True,,496.99999999999994,1,68,8,development,S068R08E09,0,3,validation
10,86.1,4.1,1096,high_amplitude,True,,521.0,0,68,8,development,S068R08E10,1,3,validation
11,94.3,4.1,1097,high_amplitude,True,,457.99999999999994,1,68,8,development,S068R08E11,0,3,validation
12,102.5,4.1,1098,high_amplitude,True,,680.0,1,68,8,development,S068R08E12,0,3,validation
13,110.7,4.1,1099,high_amplitude,True,,609.0,0,68,8,development,S068R08E13,0,3,validation
14,118.9,4.1,1100,high_amplitude,True,,583.0,1,68,8,development,S068R08E14,1,3,validation
0,4.1,4.1,1101,high_amplitude,True,,707.0,0,68,12,development,S068R12E00,0,3,validation
1,12.3,4.1,1102,high_amplitude,True,,1222.0,1,68,12,development,S068R12E01,0,3,validation
2,20.5,4.1,1103,high_amplitude,True,,1115.9999999999998,0,68,12,development,S068R12E02,0,3,validation
3,28.7,4.1,1104,high_amplitude,True,,811.0,1,68,12,development,S068R12E03,0,3,validation
4,36.9,4.1,1105,high_amplitude,True,,407.0,1,68,12,development,S068R12E04,0,3,validation
5,45.1,4.1,1106,high_amplitude,True,,799.0,0,68,12,development,S068R12E05,0,3,validation
6,53.3,4.1,1107,high_amplitude,True,,758.0,0,68,12,development,S068R12E06,0,3,validation
7,61.5,4.1,1108,high_amplitude,True,,540.9999999999999,1,68,12,development,S068R12E07,0,3,validation
8,69.7,4.1,1109,high_amplitude,True,,421.0,1,68,12,development,S068R12E08,0,3,validation
9,77.9,4.1,1110,high_amplitude,True,,799.9999999999999,0,68,12,development,S068R12E09,0,3,validation
10,86.1,4.1,1111,high_amplitude,True,,753.0,0,68,12,development,S068R12E10,1,3,validation
11,94.3,4.1,1112,high_amplitude,True,,625.9999999999999,1,68,12,development,S068R12E11,0,3,validation
12,102.5,4.1,1113,high_amplitude,True,,735.0,0,68,12,development,S068R12E12,0,3,validation
13,110.7,4.1,1114,high_amplitude,True,,766.9999999999999,1,68,12,development,S068R12E13,0,3,validation
14,118.9,4.1,1115,high_amplitude,True,,479.99999999999994,1,68,12,development,S068R12E14,1,3,validation
0,4.1,4.1,1116,high_amplitude,True,,303.0,0,14,4,development,S014R04E00,1,3,validation
1,12.3,4.1,1117,high_amplitude,True,,619.0,1,14,4,development,S014R04E01,1,3,validation
2,20.5,4.1,1118,high_amplitude,True,,208.99999999999997,1,14,4,development,S014R04E02,1,3,validation
3,28.7,4.1,1119,high_amplitude,True,,294.99999999999994,0,14,4,development,S014R04E03,1,3,validation
4,36.9,4.1,1120,high_amplitude,True,,330.0,0,14,4,development,S014R04E04,1,3,validation
5,45.1,4.1,1121,high_amplitude,True,,264.0,1,14,4,development,S014R04E05,1,3,validation
6,53.3,4.1,1122,high_amplitude,True,,235.0,1,14,4,development,S014R04E06,1,3,validation
7,61.5,4.1,1123,high_amplitude,True,,243.0,0,14,4,development,S014R04E07,1,3,validation
8,69.7,4.1,1124,high_amplitude,True,,258.0,0,14,4,development,S014R04E08,1,3,validation
9,77.9,4.1,1125,high_amplitude,True,,223.0,1,14,4,development,S014R04E09,1,3,validation
10,86.1,4.1,1126,high_amplitude,True,,216.0,0,14,4,development,S014R04E10,1,3,validation
11,94.3,4.1,1127,high_amplitude,True,,237.00000000000003,1,14,4,development,S014R04E11,1,3,validation
12,102.5,4.1,1128,high_amplitude,True,,237.99999999999997,0,14,4,development,S014R04E12,1,3,validation
13,110.7,4.1,1129,high_amplitude,True,,370.0,1,14,4,development,S014R04E13,1,3,validation
14,118.9,4.1,1130,ok,False,,196.0,1,14,4,development,S014R04E14,1,3,validation
0,4.1,4.1,1131,high_amplitude,True,,255.00000000000003,0,14,8,development,S014R08E00,1,3,validation
1,12.3,4.1,1132,high_amplitude,True,,296.99999999999994,1,14,8,development,S014R08E01,1,3,validation
2,20.5,4.1,1133,high_amplitude,True,,397.0,0,14,8,development,S014R08E02,0,3,validation
3,28.7,4.1,1134,high_amplitude,True,,274.0,1,14,8,development,S014R08E03,1,3,validation
4,36.9,4.1,1135,high_amplitude,True,,291.0,0,14,8,development,S014R08E04,1,3,validation
5,45.1,4.1,1136,ok,False,,199.0,1,14,8,development,S014R08E05,1,3,validation
6,53.3,4.1,1137,high_amplitude,True,,606.0,1,14,8,development,S014R08E06,1,3,validation
7,61.5,4.1,1138,high_amplitude,True,,265.0,0,14,8,development,S014R08E07,0,3,validation
8,69.7,4.1,1139,high_amplitude,True,,234.0,0,14,8,development,S014R08E08,1,3,validation
9,77.9,4.1,1140,high_amplitude,True,,534.0,1,14,8,development,S014R08E09,1,3,validation
10,86.1,4.1,1141,high_amplitude,True,,208.00000000000003,0,14,8,development,S014R08E10,0,3,validation
11,94.3,4.1,1142,high_amplitude,True,,614.0,1,14,8,development,S014R08E11,1,3,validation
12,102.5,4.1,1143,high_amplitude,True,,237.99999999999997,0,14,8,development,S014R08E12,1,3,validation
13,110.7,4.1,1144,high_amplitude,True,,365.0,1,14,8,development,S014R08E13,1,3,validation
14,118.9,4.1,1145,high_amplitude,True,,387.0,1,14,8,development,S014R08E14,1,3,validation
0,4.1,4.1,1146,high_amplitude,True,,287.99999999999994,1,14,12,development,S014R12E00,0,3,validation
1,12.3,4.1,1147,high_amplitude,True,,252.99999999999997,0,14,12,development,S014R12E01,0,3,validation
2,20.5,4.1,1148,high_amplitude,True,,247.99999999999991,0,14,12,development,S014R12E02,1,3,validation
3,28.7,4.1,1149,high_amplitude,True,,299.0,1,14,12,development,S014R12E03,1,3,validation
4,36.9,4.1,1150,high_amplitude,True,,256.0,0,14,12,development,S014R12E04,0,3,validation
5,45.1,4.1,1151,high_amplitude,True,,611.0,1,14,12,development,S014R12E05,1,3,validation
6,53.3,4.1,1152,high_amplitude,True,,605.0,0,14,12,development,S014R12E06,1,3,validation
7,61.5,4.1,1153,high_amplitude,True,,274.0,1,14,12,development,S014R12E07,1,3,validation
8,69.7,4.1,1154,high_amplitude,True,,381.99999999999994,0,14,12,development,S014R12E08,1,3,validation
9,77.9,4.1,1155,high_amplitude,True,,487.0,1,14,12,development,S014R12E09,1,3,validation
10,86.1,4.1,1156,high_amplitude,True,,298.0,0,14,12,development,S014R12E10,0,3,validation
11,94.3,4.1,1157,high_amplitude,True,,251.00000000000003,1,14,12,development,S014R12E11,0,3,validation
12,102.5,4.1,1158,high_amplitude,True,,367.00000000000006,0,14,12,development,S014R12E12,1,3,validation
13,110.7,4.1,1159,high_amplitude,True,,307.0,1,14,12,development,S014R12E13,1,3,validation
14,118.9,4.1,1160,high_amplitude,True,,396.0,0,14,12,development,S014R12E14,0,3,validation
0,4.1,4.1,1296,high_amplitude,True,,388.0,0,82,4,development,S082R04E00,0,3,validation
1,12.3,4.1,1297,high_amplitude,True,,389.0,1,82,4,development,S082R04E01,1,3,validation
2,20.5,4.1,1298,high_amplitude,True,,366.0,0,82,4,development,S082R04E02,1,3,validation
3,28.7,4.1,1299,high_amplitude,True,,383.0,1,82,4,development,S082R04E03,1,3,validation
4,36.9,4.1,1300,high_amplitude,True,,362.0,0,82,4,development,S082R04E04,1,3,validation
5,45.1,4.1,1301,high_amplitude,True,,370.0,1,82,4,development,S082R04E05,1,3,validation
6,53.3,4.1,1302,high_amplitude,True,,384.0,0,82,4,development,S082R04E06,1,3,validation
7,61.5,4.1,1303,high_amplitude,True,,356.0,1,82,4,development,S082R04E07,1,3,validation
8,69.7,4.1,1304,high_amplitude,True,,350.99999999999994,1,82,4,development,S082R04E08,1,3,validation
9,77.9,4.1,1305,high_amplitude,True,,414.0,0,82,4,development,S082R04E09,1,3,validation
10,86.1,4.1,1306,high_amplitude,True,,341.0,1,82,4,development,S082R04E10,1,3,validation
11,94.3,4.1,1307,high_amplitude,True,,368.0,0,82,4,development,S082R04E11,1,3,validation
12,102.5,4.1,1308,high_amplitude,True,,336.0,1,82,4,development,S082R04E12,1,3,validation
13,110.7,4.1,1309,high_amplitude,True,,365.0,0,82,4,development,S082R04E13,1,3,validation
14,118.9,4.1,1310,high_amplitude,True,,325.0,0,82,4,development,S082R04E14,1,3,validation
0,4.1,4.1,1311,high_amplitude,True,,208.0,0,82,8,development,S082R08E00,0,3,validation
1,12.3,4.1,1312,high_amplitude,True,,265.99999999999994,1,82,8,development,S082R08E01,1,3,validation
2,20.5,4.1,1313,high_amplitude,True,,291.0,0,82,8,development,S082R08E02,0,3,validation
3,28.7,4.1,1314,high_amplitude,True,,339.0,1,82,8,development,S082R08E03,1,3,validation
4,36.9,4.1,1315,high_amplitude,True,,322.0,1,82,8,development,S082R08E04,1,3,validation
5,45.1,4.1,1316,high_amplitude,True,,445.0,0,82,8,development,S082R08E05,1,3,validation
6,53.3,4.1,1317,high_amplitude,True,,513.9999999999999,1,82,8,development,S082R08E06,1,3,validation
7,61.5,4.1,1318,high_amplitude,True,,398.0,0,82,8,development,S082R08E07,1,3,validation
8,69.7,4.1,1319,high_amplitude,True,,448.99999999999994,0,82,8,development,S082R08E08,1,3,validation
9,77.9,4.1,1320,high_amplitude,True,,281.0,1,82,8,development,S082R08E09,1,3,validation
10,86.1,4.1,1321,high_amplitude,True,,423.0,0,82,8,development,S082R08E10,1,3,validation
11,94.3,4.1,1322,high_amplitude,True,,424.0,1,82,8,development,S082R08E11,1,3,validation
12,102.5,4.1,1323,high_amplitude,True,,392.0,0,82,8,development,S082R08E12,0,3,validation
13,110.7,4.1,1324,high_amplitude,True,,301.99999999999994,1,82,8,development,S082R08E13,0,3,validation
14,118.9,4.1,1325,high_amplitude,True,,260.00000000000006,1,82,8,development,S082R08E14,0,3,validation
0,4.1,4.1,1326,high_amplitude,True,,272.99999999999994,0,82,12,development,S082R12E00,0,3,validation
1,12.3,4.1,1327,high_amplitude,True,,291.0,1,82,12,development,S082R12E01,1,3,validation
2,20.5,4.1,1328,high_amplitude,True,,510.99999999999994,1,82,12,development,S082R12E02,1,3,validation
3,28.7,4.1,1329,high_amplitude,True,,488.0,0,82,12,development,S082R12E03,1,3,validation
4,36.9,4.1,1330,high_amplitude,True,,441.0,0,82,12,development,S082R12E04,1,3,validation
5,45.1,4.1,1331,high_amplitude,True,,341.99999999999994,1,82,12,development,S082R12E05,1,3,validation
6,53.3,4.1,1332,high_amplitude,True,,450.99999999999994,0,82,12,development,S082R12E06,0,3,validation
7,61.5,4.1,1333,high_amplitude,True,,465.0,1,82,12,development,S082R12E07,1,3,validation
8,69.7,4.1,1334,high_amplitude,True,,245.0,0,82,12,development,S082R12E08,1,3,validation
9,77.9,4.1,1335,high_amplitude,True,,330.0,1,82,12,development,S082R12E09,1,3,validation
10,86.1,4.1,1336,high_amplitude,True,,254.0,0,82,12,development,S082R12E10,1,3,validation
11,94.3,4.1,1337,high_amplitude,True,,307.0,1,82,12,development,S082R12E11,1,3,validation
12,102.5,4.1,1338,high_amplitude,True,,250.0,1,82,12,development,S082R12E12,1,3,validation
13,110.7,4.1,1339,ok,False,,199.99999999999997,0,82,12,development,S082R12E13,1,3,validation
14,118.9,4.1,1340,high_amplitude,True,,416.99999999999994,0,82,12,development,S082R12E14,1,3,validation
0,4.3,4.1,0,ok,False,,62.0,0,51,4,development,S051R04E00,0,4,train
1,12.5,4.1,1,ok,False,,192.0,1,51,4,development,S051R04E01,1,4,train
2,20.7,4.1,2,ok,False,,59.0,1,51,4,development,S051R04E02,0,4,train
3,28.9,4.1,3,ok,False,,198.99999999999997,0,51,4,development,S051R04E03,0,4,train
4,37.1,4.1,4,ok,False,,76.0,1,51,4,development,S051R04E04,1,4,train
5,45.3,4.1,5,ok,False,,56.0,0,51,4,development,S051R04E05,0,4,train
6,53.5,4.1,6,ok,False,,76.0,1,51,4,development,S051R04E06,0,4,train
7,61.7,4.1,7,ok,False,,61.999999999999986,0,51,4,development,S051R04E07,0,4,train
8,69.9,4.1,8,high_amplitude,True,,226.0,1,51,4,development,S051R04E08,0,4,train
9,78.1,4.1,9,ok,False,,56.0,0,51,4,development,S051R04E09,0,4,train
10,86.3,4.1,10,high_amplitude,True,,225.0,1,51,4,development,S051R04E10,0,4,train
11,94.5,4.1,11,ok,False,,68.0,0,51,4,development,S051R04E11,0,4,train
12,102.7,4.1,12,ok,False,,84.0,1,51,4,development,S051R04E12,1,4,train
13,110.9,4.1,13,ok,False,,77.0,0,51,4,development,S051R04E13,0,4,train
14,119.1,4.0,14,ok,False,,88.0,0,51,4,development,S051R04E14,0,4,train
0,4.3,4.1,15,ok,False,,153.0,1,51,8,development,S051R08E00,1,4,train
1,12.5,4.1,16,ok,False,,55.99999999999999,0,51,8,development,S051R08E01,0,4,train
2,20.7,4.1,17,ok,False,,59.0,1,51,8,development,S051R08E02,0,4,train
3,28.9,4.1,18,ok,False,,68.0,0,51,8,development,S051R08E03,0,4,train
4,37.1,4.1,19,ok,False,,67.99999999999999,1,51,8,development,S051R08E04,0,4,train
5,45.3,4.1,20,ok,False,,46.0,0,51,8,development,S051R08E05,1,4,train
6,53.5,4.1,21,ok,False,,52.00000000000001,0,51,8,development,S051R08E06,1,4,train
7,61.7,4.1,22,ok,False,,160.99999999999997,1,51,8,development,S051R08E07,0,4,train
8,69.9,4.1,23,high_amplitude,True,,263.0,1,51,8,development,S051R08E08,1,4,train
9,78.1,4.1,24,ok,False,,181.0,0,51,8,development,S051R08E09,0,4,train
10,86.3,4.1,25,ok,False,,139.0,1,51,8,development,S051R08E10,0,4,train
11,94.5,4.1,26,high_amplitude,True,,258.0,0,51,8,development,S051R08E11,1,4,train
12,102.7,4.1,27,ok,False,,50.99999999999999,1,51,8,development,S051R08E12,1,4,train
13,110.9,4.1,28,ok,False,,55.0,0,51,8,development,S051R08E13,1,4,train
14,119.1,4.0,29,high_amplitude,True,,205.0,0,51,8,development,S051R08E14,0,4,train
0,4.3,4.1,30,ok,False,,51.0,1,51,12,development,S051R12E00,0,4,train
1,12.5,4.1,31,ok,False,,40.99999999999999,0,51,12,development,S051R12E01,0,4,train
2,20.7,4.1,32,ok,False,,70.0,1,51,12,development,S051R12E02,1,4,train
3,28.9,4.1,33,ok,False,,94.0,0,51,12,development,S051R12E03,0,4,train
4,37.1,4.1,34,ok,False,,84.0,0,51,12,development,S051R12E04,0,4,train
5,45.3,4.1,35,ok,False,,93.0,1,51,12,development,S051R12E05,0,4,train
6,53.5,4.1,36,ok,False,,49.0,0,51,12,development,S051R12E06,1,4,train
7,61.7,4.1,37,ok,False,,48.0,1,51,12,development,S051R12E07,0,4,train
8,69.9,4.1,38,ok,False,,88.0,1,51,12,development,S051R12E08,0,4,train
9,78.1,4.1,39,high_amplitude,True,,212.99999999999997,0,51,12,development,S051R12E09,0,4,train
10,86.3,4.1,40,ok,False,,45.0,0,51,12,development,S051R12E10,0,4,train
11,94.5,4.1,41,ok,False,,70.00000000000001,1,51,12,development,S051R12E11,0,4,train
12,102.7,4.1,42,ok,False,,54.99999999999999,1,51,12,development,S051R12E12,1,4,train
13,110.9,4.1,43,ok,False,,61.0,0,51,12,development,S051R12E13,0,4,train
14,119.1,4.0,44,ok,False,,39.0,0,51,12,development,S051R12E14,1,4,train
0,4.3,4.1,45,high_amplitude,True,,252.0,1,64,4,development,S064R04E00,0,4,train
1,12.5,4.1,46,high_amplitude,True,,236.0,0,64,4,development,S064R04E01,1,4,train
2,20.7,4.1,47,ok,False,,150.99999999999997,1,64,4,development,S064R04E02,0,4,train
3,28.9,4.1,48,ok,False,,189.0,0,64,4,development,S064R04E03,0,4,train
4,37.1,4.1,49,ok,False,,157.0,0,64,4,development,S064R04E04,0,4,train
5,45.3,4.1,50,high_amplitude,True,,245.0,1,64,4,development,S064R04E05,1,4,train
6,53.5,4.1,51,high_amplitude,True,,243.0,0,64,4,development,S064R04E06,1,4,train
7,61.7,4.1,52,high_amplitude,True,,250.0,1,64,4,development,S064R04E07,1,4,train
8,69.9,4.1,53,ok,False,,140.0,1,64,4,development,S064R04E08,1,4,train
9,78.1,4.1,54,high_amplitude,True,,228.0,0,64,4,development,S064R04E09,1,4,train
10,86.3,4.1,55,high_amplitude,True,,206.0,0,64,4,development,S064R04E10,0,4,train
11,94.5,4.1,56,high_amplitude,True,,252.99999999999997,1,64,4,development,S064R04E11,0,4,train
12,102.7,4.1,57,high_amplitude,True,,252.99999999999997,1,64,4,development,S064R04E12,1,4,train
13,110.9,4.1,58,high_amplitude,True,,250.99999999999997,0,64,4,development,S064R04E13,0,4,train
14,119.1,4.0,59,high_amplitude,True,,206.00000000000003,0,64,4,development,S064R04E14,0,4,train
0,4.3,4.1,60,high_amplitude,True,,254.0,1,64,8,development,S064R08E00,1,4,train
1,12.5,4.1,61,ok,False,,75.0,0,64,8,development,S064R08E01,1,4,train
2,20.7,4.1,62,high_amplitude,True,,210.0,1,64,8,development,S064R08E02,1,4,train
3,28.9,4.1,63,high_amplitude,True,,218.0,0,64,8,development,S064R08E03,1,4,train
4,37.1,4.1,64,high_amplitude,True,,205.0,1,64,8,development,S064R08E04,0,4,train
5,45.3,4.1,65,ok,False,,73.0,0,64,8,development,S064R08E05,0,4,train
6,53.5,4.1,66,high_amplitude,True,,225.0,1,64,8,development,S064R08E06,0,4,train
7,61.7,4.1,67,high_amplitude,True,,248.99999999999997,0,64,8,development,S064R08E07,1,4,train
8,69.9,4.1,68,ok,False,,192.0,1,64,8,development,S064R08E08,1,4,train
9,78.1,4.1,69,ok,False,,128.0,0,64,8,development,S064R08E09,1,4,train
10,86.3,4.1,70,high_amplitude,True,,218.0,1,64,8,development,S064R08E10,1,4,train
11,94.5,4.1,71,high_amplitude,True,,219.0,0,64,8,development,S064R08E11,1,4,train
12,102.7,4.1,72,high_amplitude,True,,230.99999999999997,0,64,8,development,S064R08E12,1,4,train
13,110.9,4.1,73,high_amplitude,True,,232.0,1,64,8,development,S064R08E13,0,4,train
14,119.1,4.0,74,high_amplitude,True,,239.0,0,64,8,development,S064R08E14,0,4,train
0,4.2,4.1,75,high_amplitude,True,,232.0,1,64,12,development,S064R12E00,1,4,train
1,12.4,4.1,76,high_amplitude,True,,237.0,0,64,12,development,S064R12E01,1,4,train
2,20.6,4.1,77,ok,False,,78.0,1,64,12,development,S064R12E02,1,4,train
3,28.8,4.1,78,high_amplitude,True,,219.99999999999997,0,64,12,development,S064R12E03,1,4,train
4,37.0,4.1,79,high_amplitude,True,,228.0,1,64,12,development,S064R12E04,1,4,train
5,45.2,4.1,80,ok,False,,167.0,0,64,12,development,S064R12E05,0,4,train
6,53.4,4.1,81,ok,False,,166.0,1,64,12,development,S064R12E06,0,4,train
7,61.6,4.1,82,ok,False,,97.0,0,64,12,development,S064R12E07,0,4,train
8,69.8,4.1,83,ok,False,,190.0,1,64,12,development,S064R12E08,1,4,train
9,78.0,4.1,84,ok,False,,80.0,0,64,12,development,S064R12E09,1,4,train
10,86.2,4.1,85,ok,False,,198.0,0,64,12,development,S064R12E10,0,4,train
11,94.4,4.1,86,high_amplitude,True,,204.0,1,64,12,development,S064R12E11,1,4,train
12,102.6,4.1,87,ok,False,,95.0,0,64,12,development,S064R12E12,0,4,train
13,110.8,4.1,88,ok,False,,197.0,1,64,12,development,S064R12E13,1,4,train
14,119.0,4.0,89,high_amplitude,True,,206.0,1,64,12,development,S064R12E14,1,4,train
0,4.3,4.1,126,high_amplitude,True,,201.0,1,74,4,development,S074R04E00,1,4,train
1,12.5,4.1,127,ok,False,,122.0,0,74,4,development,S074R04E01,1,4,train
2,20.7,4.1,128,ok,False,,111.0,0,74,4,development,S074R04E02,1,4,train
3,28.9,4.1,129,ok,False,,112.0,1,74,4,development,S074R04E03,1,4,train
4,37.1,4.1,130,ok,False,,181.99999999999997,1,74,4,development,S074R04E04,0,4,train
5,45.3,4.1,131,ok,False,,109.0,0,74,4,development,S074R04E05,1,4,train
6,53.5,4.1,132,ok,False,,102.0,1,74,4,development,S074R04E06,0,4,train
7,61.7,4.1,133,ok,False,,93.0,0,74,4,development,S074R04E07,0,4,train
8,69.9,4.1,134,ok,False,,122.0,1,74,4,development,S074R04E08,0,4,train
9,78.1,4.1,135,ok,False,,97.0,0,74,4,development,S074R04E09,0,4,train
10,86.3,4.1,136,ok,False,,96.0,1,74,4,development,S074R04E10,1,4,train
11,94.5,4.1,137,ok,False,,113.0,0,74,4,development,S074R04E11,0,4,train
12,102.7,4.1,138,ok,False,,98.0,0,74,4,development,S074R04E12,1,4,train
13,110.9,4.1,139,ok,False,,114.0,1,74,4,development,S074R04E13,1,4,train
14,119.1,4.0,140,ok,False,,120.0,0,74,4,development,S074R04E14,1,4,train
0,4.2,4.1,141,ok,False,,132.99999999999997,1,74,8,development,S074R08E00,0,4,train
1,12.4,4.1,142,ok,False,,129.0,0,74,8,development,S074R08E01,0,4,train
2,20.6,4.1,143,ok,False,,100.0,1,74,8,development,S074R08E02,1,4,train
3,28.8,4.1,144,ok,False,,139.0,0,74,8,development,S074R08E03,0,4,train
4,37.0,4.1,145,ok,False,,137.0,1,74,8,development,S074R08E04,0,4,train
5,45.2,4.1,146,high_amplitude,True,,205.0,0,74,8,development,S074R08E05,0,4,train
6,53.4,4.1,147,ok,False,,140.99999999999997,0,74,8,development,S074R08E06,0,4,train
7,61.6,4.1,148,ok,False,,127.0,1,74,8,development,S074R08E07,0,4,train
8,69.8,4.1,149,ok,False,,143.0,1,74,8,development,S074R08E08,0,4,train
9,78.0,4.1,150,ok,False,,119.0,0,74,8,development,S074R08E09,1,4,train
10,86.2,4.1,151,ok,False,,121.0,0,74,8,development,S074R08E10,0,4,train
11,94.4,4.1,152,ok,False,,157.0,1,74,8,development,S074R08E11,1,4,train
12,102.6,4.1,153,ok,False,,93.0,1,74,8,development,S074R08E12,1,4,train
13,110.8,4.1,154,ok,False,,115.0,0,74,8,development,S074R08E13,1,4,train
14,119.0,4.0,155,ok,False,,147.0,0,74,8,development,S074R08E14,0,4,train
0,4.2,4.1,156,ok,False,,159.0,1,74,12,development,S074R12E00,0,4,train
1,12.4,4.1,157,ok,False,,157.0,0,74,12,development,S074R12E01,0,4,train
2,20.6,4.1,158,ok,False,,126.0,0,74,12,development,S074R12E02,1,4,train
3,28.8,4.1,159,ok,False,,140.0,1,74,12,development,S074R12E03,1,4,train
4,37.0,4.1,160,ok,False,,123.0,0,74,12,development,S074R12E04,1,4,train
5,45.2,4.1,161,ok,False,,188.0,1,74,12,development,S074R12E05,1,4,train
6,53.4,4.1,162,ok,False,,132.99999999999997,0,74,12,development,S074R12E06,0,4,train
7,61.6,4.1,163,ok,False,,143.0,1,74,12,development,S074R12E07,1,4,train
8,69.8,4.1,164,ok,False,,117.0,1,74,12,development,S074R12E08,1,4,train
9,78.0,4.1,165,ok,False,,189.0,0,74,12,development,S074R12E09,1,4,train
10,86.2,4.1,166,ok,False,,121.0,1,74,12,development,S074R12E10,0,4,train
11,94.4,4.1,167,ok,False,,126.0,0,74,12,development,S074R12E11,1,4,train
12,102.6,4.1,168,ok,False,,167.0,1,74,12,development,S074R12E12,0,4,train
13,110.8,4.1,169,ok,False,,167.0,0,74,12,development,S074R12E13,0,4,train
14,119.0,4.0,170,ok,False,,167.0,0,74,12,development,S074R12E14,0,4,train
0,4.1,4.1,216,ok,False,,195.0,0,42,4,development,S042R04E00,0,4,train
1,12.3,4.1,217,high_amplitude,True,,207.0,1,42,4,development,S042R04E01,1,4,train
2,20.5,4.1,218,ok,False,,144.0,0,42,4,development,S042R04E02,0,4,train
3,28.7,4.1,219,ok,False,,121.0,1,42,4,development,S042R04E03,0,4,train
4,36.9,4.1,220,ok,False,,127.0,0,42,4,development,S042R04E04,0,4,train
5,45.1,4.1,221,ok,False,,192.99999999999997,1,42,4,development,S042R04E05,1,4,train
6,53.3,4.1,222,high_amplitude,True,,208.99999999999997,0,42,4,development,S042R04E06,0,4,train
7,61.5,4.1,223,high_amplitude,True,,228.0,1,42,4,development,S042R04E07,1,4,train
8,69.7,4.1,224,high_amplitude,True,,203.99999999999997,0,42,4,development,S042R04E08,0,4,train
9,77.9,4.1,225,high_amplitude,True,,204.0,1,42,4,development,S042R04E09,0,4,train
10,86.1,4.1,226,ok,False,,104.0,1,42,4,development,S042R04E10,1,4,train
11,94.3,4.1,227,ok,False,,170.99999999999997,0,42,4,development,S042R04E11,0,4,train
12,102.5,4.1,228,ok,False,,132.99999999999997,0,42,4,development,S042R04E12,1,4,train
13,110.7,4.1,229,ok,False,,149.0,1,42,4,development,S042R04E13,0,4,train
14,118.9,4.1,230,ok,False,,179.0,1,42,4,development,S042R04E14,1,4,train
0,4.1,4.1,231,high_amplitude,True,,213.99999999999997,0,42,8,development,S042R08E00,0,4,train
1,12.3,4.1,232,ok,False,,116.0,1,42,8,development,S042R08E01,1,4,train
2,20.5,4.1,233,ok,False,,150.0,0,42,8,development,S042R08E02,0,4,train
3,28.7,4.1,234,ok,False,,86.0,1,42,8,development,S042R08E03,1,4,train
4,36.9,4.1,235,ok,False,,142.99999999999997,0,42,8,development,S042R08E04,0,4,train
5,45.1,4.1,236,ok,False,,181.0,1,42,8,development,S042R08E05,1,4,train
6,53.3,4.1,237,high_amplitude,True,,204.0,0,42,8,development,S042R08E06,0,4,train
7,61.5,4.1,238,ok,False,,110.0,1,42,8,development,S042R08E07,1,4,train
8,69.7,4.1,239,ok,False,,136.0,0,42,8,development,S042R08E08,0,4,train
9,77.9,4.1,240,ok,False,,166.0,1,42,8,development,S042R08E09,1,4,train
10,86.1,4.1,241,ok,False,,183.99999999999997,0,42,8,development,S042R08E10,0,4,train
11,94.3,4.1,242,high_amplitude,True,,208.0,1,42,8,development,S042R08E11,1,4,train
12,102.5,4.1,243,ok,False,,108.0,1,42,8,development,S042R08E12,1,4,train
13,110.7,4.1,244,ok,False,,118.0,0,42,8,development,S042R08E13,0,4,train
14,118.9,4.1,245,ok,False,,124.0,0,42,8,development,S042R08E14,0,4,train
0,4.1,4.1,246,ok,False,,106.0,1,42,12,development,S042R12E00,1,4,train
1,12.3,4.1,247,ok,False,,109.0,0,42,12,development,S042R12E01,0,4,train
2,20.5,4.1,248,ok,False,,109.0,1,42,12,development,S042R12E02,0,4,train
3,28.7,4.1,249,high_amplitude,True,,223.0,0,42,12,development,S042R12E03,0,4,train
4,36.9,4.1,250,ok,False,,113.0,0,42,12,development,S042R12E04,0,4,train
5,45.1,4.1,251,ok,False,,118.0,1,42,12,development,S042R12E05,1,4,train
6,53.3,4.1,252,ok,False,,196.0,0,42,12,development,S042R12E06,0,4,train
7,61.5,4.1,253,ok,False,,151.99999999999997,1,42,12,development,S042R12E07,1,4,train
8,69.7,4.1,254,ok,False,,99.0,1,42,12,development,S042R12E08,1,4,train
9,77.9,4.1,255,ok,False,,108.0,0,42,12,development,S042R12E09,1,4,train
10,86.1,4.1,256,ok,False,,129.0,1,42,12,development,S042R12E10,1,4,train
11,94.3,4.1,257,ok,False,,128.0,0,42,12,development,S042R12E11,0,4,train
12,102.5,4.1,258,ok,False,,116.0,1,42,12,development,S042R12E12,1,4,train
13,110.7,4.1,259,ok,False,,110.0,0,42,12,development,S042R12E13,0,4,train
14,118.9,4.1,260,ok,False,,144.0,1,42,12,development,S042R12E14,1,4,train
0,4.1,4.1,351,high_amplitude,True,,699.0,0,109,4,development,S109R04E00,1,4,train
1,12.3,4.1,352,high_amplitude,True,,704.9999999999999,1,109,4,development,S109R04E01,0,4,train
2,20.5,4.1,353,high_amplitude,True,,727.9999999999999,1,109,4,development,S109R04E02,1,4,train
3,28.7,4.1,354,high_amplitude,True,,716.0,0,109,4,development,S109R04E03,0,4,train
4,36.9,4.1,355,high_amplitude,True,,710.0,1,109,4,development,S109R04E04,0,4,train
5,45.1,4.1,356,high_amplitude,True,,688.9999999999999,0,109,4,development,S109R04E05,0,4,train
6,53.3,4.1,357,high_amplitude,True,,696.9999999999999,1,109,4,development,S109R04E06,1,4,train
7,61.5,4.1,358,high_amplitude,True,,704.9999999999999,0,109,4,development,S109R04E07,0,4,train
8,69.7,4.1,359,high_amplitude,True,,727.0,1,109,4,development,S109R04E08,0,4,train
9,77.9,4.1,360,high_amplitude,True,,725.0,0,109,4,development,S109R04E09,0,4,train
10,86.1,4.1,361,high_amplitude,True,,711.0,0,109,4,development,S109R04E10,0,4,train
11,94.3,4.1,362,high_amplitude,True,,704.0,1,109,4,development,S109R04E11,0,4,train
12,102.5,4.1,363,high_amplitude,True,,726.0,0,109,4,development,S109R04E12,1,4,train
13,110.7,4.1,364,high_amplitude,True,,727.9999999999999,1,109,4,development,S109R04E13,1,4,train
14,118.9,4.1,365,high_amplitude,True,,718.0,1,109,4,development,S109R04E14,0,4,train
0,4.1,4.1,366,high_amplitude,True,,719.9999999999999,1,109,8,development,S109R08E00,1,4,train
1,12.3,4.1,367,high_amplitude,True,,657.0,0,109,8,development,S109R08E01,0,4,train
2,20.5,4.1,368,high_amplitude,True,,645.0,1,109,8,development,S109R08E02,1,4,train
3,28.7,4.1,369,high_amplitude,True,,683.9999999999999,0,109,8,development,S109R08E03,1,4,train
4,36.9,4.1,370,high_amplitude,True,,658.0,0,109,8,development,S109R08E04,0,4,train
5,45.1,4.1,371,high_amplitude,True,,691.0,1,109,8,development,S109R08E05,1,4,train
6,53.3,4.1,372,high_amplitude,True,,690.0,0,109,8,development,S109R08E06,1,4,train
7,61.5,4.1,373,high_amplitude,True,,700.0,1,109,8,development,S109R08E07,1,4,train
8,69.7,4.1,374,high_amplitude,True,,658.0,1,109,8,development,S109R08E08,1,4,train
9,77.9,4.1,375,high_amplitude,True,,683.0,0,109,8,development,S109R08E09,0,4,train
10,86.1,4.1,376,high_amplitude,True,,668.0,1,109,8,development,S109R08E10,0,4,train
11,94.3,4.1,377,high_amplitude,True,,704.0,0,109,8,development,S109R08E11,0,4,train
12,102.5,4.1,378,high_amplitude,True,,691.0,1,109,8,development,S109R08E12,1,4,train
13,110.7,4.1,379,high_amplitude,True,,683.0,0,109,8,development,S109R08E13,1,4,train
14,118.9,4.1,380,high_amplitude,True,,676.0,0,109,8,development,S109R08E14,0,4,train
0,4.1,4.1,381,high_amplitude,True,,704.9999999999999,1,109,12,development,S109R12E00,1,4,train
1,12.3,4.1,382,high_amplitude,True,,691.9999999999999,0,109,12,development,S109R12E01,0,4,train
2,20.5,4.1,383,high_amplitude,True,,670.9999999999999,1,109,12,development,S109R12E02,0,4,train
3,28.7,4.1,384,high_amplitude,True,,688.9999999999999,0,109,12,development,S109R12E03,0,4,train
4,36.9,4.1,385,high_amplitude,True,,685.0,0,109,12,development,S109R12E04,1,4,train
5,45.1,4.1,386,high_amplitude,True,,676.0,1,109,12,development,S109R12E05,1,4,train
6,53.3,4.1,387,high_amplitude,True,,654.0,1,109,12,development,S109R12E06,1,4,train
7,61.5,4.1,388,high_amplitude,True,,717.9999999999999,0,109,12,development,S109R12E07,1,4,train
8,69.7,4.1,389,high_amplitude,True,,701.9999999999999,1,109,12,development,S109R12E08,0,4,train
9,77.9,4.1,390,high_amplitude,True,,714.9999999999999,0,109,12,development,S109R12E09,1,4,train
10,86.1,4.1,391,high_amplitude,True,,690.0,0,109,12,development,S109R12E10,1,4,train
11,94.3,4.1,392,high_amplitude,True,,704.0,1,109,12,development,S109R12E11,1,4,train
12,102.5,4.1,393,high_amplitude,True,,669.0,0,109,12,development,S109R12E12,1,4,train
13,110.7,4.1,394,high_amplitude,True,,676.0,1,109,12,development,S109R12E13,1,4,train
14,118.9,4.1,395,high_amplitude,True,,678.9999999999999,0,109,12,development,S109R12E14,1,4,train
0,4.1,4.1,396,high_amplitude,True,,921.0,0,75,4,development,S075R04E00,0,4,train
1,12.3,4.1,397,high_amplitude,True,,726.0,1,75,4,development,S075R04E01,1,4,train
2,20.5,4.1,398,high_amplitude,True,,768.0,1,75,4,development,S075R04E02,0,4,train
3,28.7,4.1,399,high_amplitude,True,,701.9999999999999,0,75,4,development,S075R04E03,0,4,train
4,36.9,4.1,400,high_amplitude,True,,765.0,1,75,4,development,S075R04E04,0,4,train
5,45.1,4.1,401,high_amplitude,True,,686.9999999999999,0,75,4,development,S075R04E05,0,4,train
6,53.3,4.1,402,high_amplitude,True,,672.0,1,75,4,development,S075R04E06,1,4,train
7,61.5,4.1,403,high_amplitude,True,,633.0,0,75,4,development,S075R04E07,0,4,train
8,69.7,4.1,404,high_amplitude,True,,706.0,1,75,4,development,S075R04E08,0,4,train
9,77.9,4.1,405,high_amplitude,True,,955.0,0,75,4,development,S075R04E09,0,4,train
10,86.1,4.1,406,high_amplitude,True,,683.9999999999999,0,75,4,development,S075R04E10,0,4,train
11,94.3,4.1,407,high_amplitude,True,,910.0,1,75,4,development,S075R04E11,0,4,train
12,102.5,4.1,408,high_amplitude,True,,1117.0,1,75,4,development,S075R04E12,0,4,train
13,110.7,4.1,409,high_amplitude,True,,1019.0,0,75,4,development,S075R04E13,0,4,train
14,118.9,4.1,410,high_amplitude,True,,652.9999999999999,1,75,4,development,S075R04E14,1,4,train
0,4.1,4.1,411,high_amplitude,True,,525.0,0,75,8,development,S075R08E00,1,4,train
1,12.3,4.1,412,high_amplitude,True,,1043.0,1,75,8,development,S075R08E01,1,4,train
2,20.5,4.1,413,high_amplitude,True,,931.0,0,75,8,development,S075R08E02,1,4,train
3,28.7,4.1,414,high_amplitude,True,,1055.0,1,75,8,development,S075R08E03,1,4,train
4,36.9,4.1,415,high_amplitude,True,,616.0,1,75,8,development,S075R08E04,1,4,train
5,45.1,4.1,416,high_amplitude,True,,868.0000000000001,0,75,8,development,S075R08E05,0,4,train
6,53.3,4.1,417,high_amplitude,True,,966.0,0,75,8,development,S075R08E06,0,4,train
7,61.5,4.1,418,high_amplitude,True,,1115.9999999999998,1,75,8,development,S075R08E07,1,4,train
8,69.7,4.1,419,high_amplitude,True,,998.0,1,75,8,development,S075R08E08,1,4,train
9,77.9,4.1,420,high_amplitude,True,,925.0,0,75,8,development,S075R08E09,0,4,train
10,86.1,4.1,421,high_amplitude,True,,904.0,1,75,8,development,S075R08E10,1,4,train
11,94.3,4.1,422,high_amplitude,True,,892.9999999999999,0,75,8,development,S075R08E11,0,4,train
12,102.5,4.1,423,high_amplitude,True,,1108.9999999999998,1,75,8,development,S075R08E12,1,4,train
13,110.7,4.1,424,high_amplitude,True,,993.0,0,75,8,development,S075R08E13,0,4,train
14,118.9,4.1,425,high_amplitude,True,,991.0,1,75,8,development,S075R08E14,1,4,train
0,4.1,4.1,426,high_amplitude,True,,998.0,0,75,12,development,S075R12E00,0,4,train
1,12.3,4.1,427,high_amplitude,True,,921.0,1,75,12,development,S075R12E01,1,4,train
2,20.5,4.1,428,high_amplitude,True,,996.0,0,75,12,development,S075R12E02,1,4,train
3,28.7,4.1,429,high_amplitude,True,,917.0,1,75,12,development,S075R12E03,1,4,train
4,36.9,4.1,430,high_amplitude,True,,1059.0,1,75,12,development,S075R12E04,1,4,train
5,45.1,4.1,431,high_amplitude,True,,928.0,0,75,12,development,S075R12E05,1,4,train
6,53.3,4.1,432,high_amplitude,True,,851.9999999999999,0,75,12,development,S075R12E06,1,4,train
7,61.5,4.1,433,high_amplitude,True,,1096.0,1,75,12,development,S075R12E07,1,4,train
8,69.7,4.1,434,high_amplitude,True,,1002.0,0,75,12,development,S075R12E08,0,4,train
9,77.9,4.1,435,high_amplitude,True,,989.0,1,75,12,development,S075R12E09,1,4,train
10,86.1,4.1,436,high_amplitude,True,,975.0,0,75,12,development,S075R12E10,0,4,train
11,94.3,4.1,437,high_amplitude,True,,1005.0,1,75,12,development,S075R12E11,1,4,train
12,102.5,4.1,438,high_amplitude,True,,1010.0,0,75,12,development,S075R12E12,0,4,train
13,110.7,4.1,439,high_amplitude,True,,1122.9999999999998,1,75,12,development,S075R12E13,1,4,train
14,118.9,4.1,440,high_amplitude,True,,877.0,0,75,12,development,S075R12E14,0,4,train
0,4.1,4.1,441,ok,False,,83.0,0,20,4,development,S020R04E00,0,4,train
1,12.3,4.1,442,ok,False,,101.0,1,20,4,development,S020R04E01,1,4,train
2,20.5,4.1,443,ok,False,,80.0,1,20,4,development,S020R04E02,1,4,train
3,28.7,4.1,444,ok,False,,80.99999999999999,0,20,4,development,S020R04E03,0,4,train
4,36.9,4.1,445,ok,False,,79.0,1,20,4,development,S020R04E04,1,4,train
5,45.1,4.1,446,ok,False,,88.0,0,20,4,development,S020R04E05,0,4,train
6,53.3,4.1,447,high_amplitude,True,,260.99999999999994,0,20,4,development,S020R04E06,0,4,train
7,61.5,4.1,448,ok,False,,113.0,1,20,4,development,S020R04E07,1,4,train
8,69.7,4.1,449,ok,False,,190.0,0,20,4,development,S020R04E08,0,4,train
9,77.9,4.1,450,ok,False,,102.0,1,20,4,development,S020R04E09,1,4,train
10,86.1,4.1,451,high_amplitude,True,,256.99999999999994,1,20,4,development,S020R04E10,0,4,train
11,94.3,4.1,452,ok,False,,142.99999999999997,0,20,4,development,S020R04E11,0,4,train
12,102.5,4.1,453,high_amplitude,True,,254.0,1,20,4,development,S020R04E12,0,4,train
13,110.7,4.1,454,ok,False,,158.0,0,20,4,development,S020R04E13,0,4,train
14,118.9,4.1,455,ok,False,,130.0,1,20,4,development,S020R04E14,1,4,train
0,4.1,4.1,456,ok,False,,91.0,1,20,8,development,S020R08E00,0,4,train
1,12.3,4.1,457,ok,False,,79.0,0,20,8,development,S020R08E01,0,4,train
2,20.5,4.1,458,ok,False,,121.0,1,20,8,development,S020R08E02,1,4,train
3,28.7,4.1,459,high_amplitude,True,,241.99999999999997,0,20,8,development,S020R08E03,0,4,train
4,36.9,4.1,460,ok,False,,89.0,0,20,8,development,S020R08E04,1,4,train
5,45.1,4.1,461,ok,False,,75.0,1,20,8,development,S020R08E05,1,4,train
6,53.3,4.1,462,ok,False,,170.0,0,20,8,development,S020R08E06,0,4,train
7,61.5,4.1,463,ok,False,,88.0,1,20,8,development,S020R08E07,1,4,train
8,69.7,4.1,464,high_amplitude,True,,241.0,0,20,8,development,S020R08E08,0,4,train
9,77.9,4.1,465,high_amplitude,True,,228.99999999999997,1,20,8,development,S020R08E09,1,4,train
10,86.1,4.1,466,high_amplitude,True,,224.0,1,20,8,development,S020R08E10,0,4,train
11,94.3,4.1,467,high_amplitude,True,,233.0,0,20,8,development,S020R08E11,0,4,train
12,102.5,4.1,468,ok,False,,84.00000000000001,1,20,8,development,S020R08E12,1,4,train
13,110.7,4.1,469,ok,False,,76.0,0,20,8,development,S020R08E13,0,4,train
14,118.9,4.1,470,high_amplitude,True,,227.99999999999997,0,20,8,development,S020R08E14,0,4,train
0,4.1,4.1,471,ok,False,,189.99999999999997,1,20,12,development,S020R12E00,1,4,train
1,12.3,4.1,472,ok,False,,83.0,0,20,12,development,S020R12E01,0,4,train
2,20.5,4.1,473,ok,False,,84.0,1,20,12,development,S020R12E02,0,4,train
3,28.7,4.1,474,ok,False,,139.0,0,20,12,development,S020R12E03,0,4,train
4,36.9,4.1,475,ok,False,,84.0,1,20,12,development,S020R12E04,1,4,train
5,45.1,4.1,476,ok,False,,97.0,0,20,12,development,S020R12E05,1,4,train
6,53.3,4.1,477,ok,False,,96.0,0,20,12,development,S020R12E06,0,4,train
7,61.5,4.1,478,ok,False,,95.0,1,20,12,development,S020R12E07,1,4,train
8,69.7,4.1,479,ok,False,,94.0,0,20,12,development,S020R12E08,0,4,train
9,77.9,4.1,480,high_amplitude,True,,240.0,1,20,12,development,S020R12E09,0,4,train
10,86.1,4.1,481,ok,False,,93.0,1,20,12,development,S020R12E10,0,4,train
11,94.3,4.1,482,ok,False,,84.99999999999999,0,20,12,development,S020R12E11,0,4,train
12,102.5,4.1,483,ok,False,,80.99999999999999,1,20,12,development,S020R12E12,1,4,train
13,110.7,4.1,484,ok,False,,100.0,0,20,12,development,S020R12E13,0,4,train
14,118.9,4.1,485,ok,False,,87.0,0,20,12,development,S020R12E14,0,4,train
0,4.1,4.1,486,high_amplitude,True,,505.99999999999994,0,10,4,development,S010R04E00,0,4,train
1,12.3,4.1,487,high_amplitude,True,,359.0,1,10,4,development,S010R04E01,0,4,train
2,20.5,4.1,488,high_amplitude,True,,665.9999999999999,0,10,4,development,S010R04E02,0,4,train
3,28.7,4.1,489,high_amplitude,True,,343.0,1,10,4,development,S010R04E03,0,4,train
4,36.9,4.1,490,high_amplitude,True,,1052.0,0,10,4,development,S010R04E04,0,4,train
5,45.1,4.1,491,high_amplitude,True,,899.0,1,10,4,development,S010R04E05,1,4,train
6,53.3,4.1,492,high_amplitude,True,,1044.0,1,10,4,development,S010R04E06,1,4,train
7,61.5,4.1,493,high_amplitude,True,,675.0,0,10,4,development,S010R04E07,0,4,train
8,69.7,4.1,494,high_amplitude,True,,940.0,1,10,4,development,S010R04E08,0,4,train
9,77.9,4.1,495,high_amplitude,True,,760.0,0,10,4,development,S010R04E09,1,4,train
10,86.1,4.1,496,high_amplitude,True,,904.0,1,10,4,development,S010R04E10,1,4,train
11,94.3,4.1,497,high_amplitude,True,,1066.9999999999998,0,10,4,development,S010R04E11,0,4,train
12,102.5,4.1,498,high_amplitude,True,,888.9999999999999,1,10,4,development,S010R04E12,1,4,train
13,110.7,4.1,499,high_amplitude,True,,624.9999999999999,0,10,4,development,S010R04E13,0,4,train
14,118.9,4.1,500,high_amplitude,True,,821.0,0,10,4,development,S010R04E14,0,4,train
0,4.1,4.1,501,high_amplitude,True,,999.0,1,10,8,development,S010R08E00,0,4,train
1,12.3,4.1,502,high_amplitude,True,,637.0,0,10,8,development,S010R08E01,0,4,train
2,20.5,4.1,503,high_amplitude,True,,305.99999999999994,0,10,8,development,S010R08E02,0,4,train
3,28.7,4.1,504,high_amplitude,True,,939.0,1,10,8,development,S010R08E03,1,4,train
4,36.9,4.1,505,high_amplitude,True,,1080.0,1,10,8,development,S010R08E04,1,4,train
5,45.1,4.1,506,high_amplitude,True,,1139.0,0,10,8,development,S010R08E05,1,4,train
6,53.3,4.1,507,high_amplitude,True,,786.9999999999999,1,10,8,development,S010R08E06,0,4,train
7,61.5,4.1,508,high_amplitude,True,,530.0,0,10,8,development,S010R08E07,1,4,train
8,69.7,4.1,509,high_amplitude,True,,979.0,1,10,8,development,S010R08E08,1,4,train
9,77.9,4.1,510,high_amplitude,True,,1096.0,0,10,8,development,S010R08E09,1,4,train
10,86.1,4.1,511,high_amplitude,True,,722.0,1,10,8,development,S010R08E10,1,4,train
11,94.3,4.1,512,high_amplitude,True,,739.0,0,10,8,development,S010R08E11,0,4,train
12,102.5,4.1,513,high_amplitude,True,,1008.0,0,10,8,development,S010R08E12,0,4,train
13,110.7,4.1,514,high_amplitude,True,,727.9999999999999,1,10,8,development,S010R08E13,1,4,train
14,118.9,4.1,515,high_amplitude,True,,763.0,0,10,8,development,S010R08E14,0,4,train
0,4.1,4.1,516,high_amplitude,True,,679.9999999999999,0,10,12,development,S010R12E00,0,4,train
1,12.3,4.1,517,high_amplitude,True,,543.0,1,10,12,development,S010R12E01,0,4,train
2,20.5,4.1,518,high_amplitude,True,,792.0,1,10,12,development,S010R12E02,1,4,train
3,28.7,4.1,519,high_amplitude,True,,851.9999999999999,0,10,12,development,S010R12E03,0,4,train
4,36.9,4.1,520,high_amplitude,True,,916.0,1,10,12,development,S010R12E04,1,4,train
5,45.1,4.1,521,high_amplitude,True,,944.0,0,10,12,development,S010R12E05,0,4,train
6,53.3,4.1,522,high_amplitude,True,,789.0,0,10,12,development,S010R12E06,0,4,train
7,61.5,4.1,523,high_amplitude,True,,879.9999999999999,1,10,12,development,S010R12E07,0,4,train
8,69.7,4.1,524,high_amplitude,True,,812.0,0,10,12,development,S010R12E08,1,4,train
9,77.9,4.1,525,high_amplitude,True,,1002.0,1,10,12,development,S010R12E09,1,4,train
10,86.1,4.1,526,high_amplitude,True,,1096.9999999999998,0,10,12,development,S010R12E10,1,4,train
11,94.3,4.1,527,high_amplitude,True,,877.9999999999999,1,10,12,development,S010R12E11,1,4,train
12,102.5,4.1,528,high_amplitude,True,,951.0,1,10,12,development,S010R12E12,1,4,train
13,110.7,4.1,529,high_amplitude,True,,869.0,0,10,12,development,S010R12E13,1,4,train
14,118.9,4.1,530,high_amplitude,True,,820.0,0,10,12,development,S010R12E14,0,4,train
0,4.2,4.1,531,high_amplitude,True,,436.0,1,57,4,development,S057R04E00,0,4,train
1,12.5,4.1,532,high_amplitude,True,,348.0,0,57,4,development,S057R04E01,0,4,train
2,20.8,4.1,533,high_amplitude,True,,292.0,0,57,4,development,S057R04E02,0,4,train
3,29.1,4.1,534,high_amplitude,True,,303.0,1,57,4,development,S057R04E03,0,4,train
4,37.4,4.1,535,high_amplitude,True,,307.0,0,57,4,development,S057R04E04,0,4,train
5,45.7,4.1,536,high_amplitude,True,,287.99999999999994,1,57,4,development,S057R04E05,0,4,train
6,54.0,4.1,537,high_amplitude,True,,274.0,1,57,4,development,S057R04E06,0,4,train
7,62.3,4.1,538,high_amplitude,True,,285.0,0,57,4,development,S057R04E07,0,4,train
8,70.6,4.1,539,high_amplitude,True,,265.0,0,57,4,development,S057R04E08,0,4,train
9,78.9,4.1,540,high_amplitude,True,,301.0,1,57,4,development,S057R04E09,0,4,train
10,87.2,4.1,541,high_amplitude,True,,243.0,0,57,4,development,S057R04E10,1,4,train
11,95.5,4.1,542,high_amplitude,True,,320.0,1,57,4,development,S057R04E11,0,4,train
12,103.8,4.1,543,high_amplitude,True,,592.0,0,57,4,development,S057R04E12,1,4,train
13,112.1,4.1,544,high_amplitude,True,,254.0,1,57,4,development,S057R04E13,0,4,train
14,120.4,4.1,545,high_amplitude,True,,322.99999999999994,0,57,4,development,S057R04E14,0,4,train
0,4.2,4.1,546,high_amplitude,True,,429.0,1,57,8,development,S057R08E00,1,4,train
1,12.5,4.1,547,high_amplitude,True,,455.0,0,57,8,development,S057R08E01,1,4,train
2,20.8,4.1,548,high_amplitude,True,,716.0,1,57,8,development,S057R08E02,0,4,train
3,29.1,4.1,549,high_amplitude,True,,686.0,0,57,8,development,S057R08E03,1,4,train
4,37.4,4.1,550,high_amplitude,True,,477.0,0,57,8,development,S057R08E04,0,4,train
5,45.7,4.1,551,high_amplitude,True,,552.0,1,57,8,development,S057R08E05,1,4,train
6,54.0,4.1,552,high_amplitude,True,,429.0,0,57,8,development,S057R08E06,1,4,train
7,62.3,4.1,553,high_amplitude,True,,650.0,1,57,8,development,S057R08E07,1,4,train
8,70.6,4.1,554,high_amplitude,True,,641.0,1,57,8,development,S057R08E08,0,4,train
9,78.9,4.1,555,high_amplitude,True,,580.0,0,57,8,development,S057R08E09,0,4,train
10,87.2,4.1,556,high_amplitude,True,,601.9999999999999,1,57,8,development,S057R08E10,1,4,train
11,95.5,4.1,557,high_amplitude,True,,439.0,0,57,8,development,S057R08E11,1,4,train
12,103.8,4.1,558,high_amplitude,True,,647.0,1,57,8,development,S057R08E12,0,4,train
13,112.1,4.1,559,high_amplitude,True,,624.0,0,57,8,development,S057R08E13,1,4,train
14,120.4,4.1,560,high_amplitude,True,,911.0,0,57,8,development,S057R08E14,1,4,train
0,4.2,4.1,561,high_amplitude,True,,250.99999999999997,0,57,12,development,S057R12E00,0,4,train
1,12.5,4.1,562,high_amplitude,True,,323.99999999999994,1,57,12,development,S057R12E01,1,4,train
2,20.8,4.1,563,high_amplitude,True,,686.9999999999999,0,57,12,development,S057R12E02,0,4,train
3,29.1,4.1,564,high_amplitude,True,,724.0,1,57,12,development,S057R12E03,1,4,train
4,37.4,4.1,565,high_amplitude,True,,749.0,1,57,12,development,S057R12E04,1,4,train
5,45.7,4.1,566,high_amplitude,True,,560.0,0,57,12,development,S057R12E05,0,4,train
6,54.0,4.1,567,high_amplitude,True,,551.0,0,57,12,development,S057R12E06,0,4,train
7,62.3,4.1,568,high_amplitude,True,,593.0,1,57,12,development,S057R12E07,1,4,train
8,70.6,4.1,569,high_amplitude,True,,578.0,0,57,12,development,S057R12E08,1,4,train
9,78.9,4.1,570,high_amplitude,True,,649.0,1,57,12,development,S057R12E09,0,4,train
10,87.2,4.1,571,high_amplitude,True,,817.9999999999999,1,57,12,development,S057R12E10,0,4,train
11,95.5,4.1,572,high_amplitude,True,,690.0,0,57,12,development,S057R12E11,0,4,train
12,103.8,4.1,573,high_amplitude,True,,791.0,0,57,12,development,S057R12E12,1,4,train
13,112.1,4.1,574,high_amplitude,True,,551.0,1,57,12,development,S057R12E13,1,4,train
14,120.4,4.1,575,high_amplitude,True,,634.0,0,57,12,development,S057R12E14,0,4,train
0,4.1,4.1,576,high_amplitude,True,,1163.0,0,91,4,development,S091R04E00,0,4,train
1,12.3,4.1,577,high_amplitude,True,,1171.0,1,91,4,development,S091R04E01,0,4,train
2,20.5,4.1,578,high_amplitude,True,,1184.0,0,91,4,development,S091R04E02,1,4,train
3,28.7,4.1,579,high_amplitude,True,,1167.0,1,91,4,development,S091R04E03,1,4,train
4,36.9,4.1,580,high_amplitude,True,,678.0,1,91,4,development,S091R04E04,0,4,train
5,45.1,4.1,581,high_amplitude,True,,1167.9999999999998,0,91,4,development,S091R04E05,0,4,train
6,53.3,4.1,582,high_amplitude,True,,1167.9999999999998,1,91,4,development,S091R04E06,0,4,train
7,61.5,4.1,583,high_amplitude,True,,372.99999999999994,0,91,4,development,S091R04E07,0,4,train
8,69.7,4.1,584,high_amplitude,True,,1191.0,0,91,4,development,S091R04E08,1,4,train
9,77.9,4.1,585,high_amplitude,True,,1173.0,1,91,4,development,S091R04E09,0,4,train
10,86.1,4.1,586,high_amplitude,True,,1180.0,0,91,4,development,S091R04E10,1,4,train
11,94.3,4.1,587,high_amplitude,True,,1183.0,1,91,4,development,S091R04E11,1,4,train
12,102.5,4.1,588,high_amplitude,True,,1196.0,1,91,4,development,S091R04E12,1,4,train
13,110.7,4.1,589,high_amplitude,True,,1171.9999999999998,0,91,4,development,S091R04E13,1,4,train
14,118.9,4.1,590,high_amplitude,True,,1200.9999999999998,0,91,4,development,S091R04E14,0,4,train
0,4.1,4.1,591,high_amplitude,True,,1176.0,0,91,8,development,S091R08E00,1,4,train
1,12.3,4.1,592,high_amplitude,True,,1166.0,1,91,8,development,S091R08E01,1,4,train
2,20.5,4.1,593,high_amplitude,True,,1184.9999999999998,1,91,8,development,S091R08E02,0,4,train
3,28.7,4.1,594,high_amplitude,True,,1176.0,0,91,8,development,S091R08E03,1,4,train
4,36.9,4.1,595,high_amplitude,True,,1187.9999999999998,0,91,8,development,S091R08E04,0,4,train
5,45.1,4.1,596,high_amplitude,True,,1171.0,1,91,8,development,S091R08E05,1,4,train
6,53.3,4.1,597,high_amplitude,True,,1171.0,1,91,8,development,S091R08E06,0,4,train
7,61.5,4.1,598,high_amplitude,True,,1179.0,0,91,8,development,S091R08E07,1,4,train
8,69.7,4.1,599,high_amplitude,True,,1164.0,0,91,8,development,S091R08E08,0,4,train
9,77.9,4.1,600,high_amplitude,True,,1160.0,1,91,8,development,S091R08E09,1,4,train
10,86.1,4.1,601,high_amplitude,True,,1203.0,1,91,8,development,S091R08E10,0,4,train
11,94.3,4.1,602,high_amplitude,True,,1174.0,0,91,8,development,S091R08E11,0,4,train
12,102.5,4.1,603,high_amplitude,True,,1170.0,1,91,8,development,S091R08E12,1,4,train
13,110.7,4.1,604,high_amplitude,True,,1180.0,0,91,8,development,S091R08E13,0,4,train
14,118.9,4.1,605,high_amplitude,True,,1171.0,1,91,8,development,S091R08E14,1,4,train
0,4.1,4.1,606,high_amplitude,True,,1187.0,1,91,12,development,S091R12E00,1,4,train
1,12.3,4.1,607,high_amplitude,True,,1190.0,0,91,12,development,S091R12E01,1,4,train
2,20.5,4.1,608,high_amplitude,True,,1182.0,1,91,12,development,S091R12E02,0,4,train
3,28.7,4.1,609,high_amplitude,True,,1204.0,0,91,12,development,S091R12E03,1,4,train
4,36.9,4.1,610,high_amplitude,True,,1184.9999999999998,0,91,12,development,S091R12E04,1,4,train
5,45.1,4.1,611,high_amplitude,True,,1171.0,1,91,12,development,S091R12E05,1,4,train
6,53.3,4.1,612,high_amplitude,True,,1193.0,1,91,12,development,S091R12E06,1,4,train
7,61.5,4.1,613,high_amplitude,True,,1190.0,0,91,12,development,S091R12E07,0,4,train
8,69.7,4.1,614,high_amplitude,True,,1193.9999999999998,0,91,12,development,S091R12E08,0,4,train
9,77.9,4.1,615,high_amplitude,True,,1179.0,1,91,12,development,S091R12E09,0,4,train
10,86.1,4.1,616,high_amplitude,True,,1202.0,0,91,12,development,S091R12E10,0,4,train
11,94.3,4.1,617,high_amplitude,True,,1192.0,1,91,12,development,S091R12E11,1,4,train
12,102.5,4.1,618,high_amplitude,True,,1186.0,1,91,12,development,S091R12E12,1,4,train
13,110.7,4.1,619,high_amplitude,True,,1184.0,0,91,12,development,S091R12E13,0,4,train
14,118.9,4.1,620,high_amplitude,True,,1214.0,1,91,12,development,S091R12E14,1,4,train
0,4.1,4.1,621,ok,False,,130.0,1,25,4,development,S025R04E00,0,4,train
1,12.3,4.1,622,ok,False,,156.0,0,25,4,development,S025R04E01,0,4,train
2,20.5,4.1,623,high_amplitude,True,,203.0,1,25,4,development,S025R04E02,0,4,train
3,28.7,4.1,624,high_amplitude,True,,248.99999999999997,0,25,4,development,S025R04E03,0,4,train
4,36.9,4.1,625,ok,False,,138.0,1,25,4,development,S025R04E04,1,4,train
5,45.1,4.1,626,ok,False,,192.99999999999997,0,25,4,development,S025R04E05,1,4,train
6,53.3,4.1,627,ok,False,,131.0,1,25,4,development,S025R04E06,1,4,train
7,61.5,4.1,628,ok,False,,165.0,0,25,4,development,S025R04E07,0,4,train
8,69.7,4.1,629,ok,False,,127.0,1,25,4,development,S025R04E08,0,4,train
9,77.9,4.1,630,ok,False,,114.0,0,25,4,development,S025R04E09,0,4,train
10,86.1,4.1,631,ok,False,,112.0,1,25,4,development,S025R04E10,1,4,train
11,94.3,4.1,632,ok,False,,114.0,0,25,4,development,S025R04E11,1,4,train
12,102.5,4.1,633,ok,False,,129.0,0,25,4,development,S025R04E12,0,4,train
13,110.7,4.1,634,ok,False,,137.0,1,25,4,development,S025R04E13,1,4,train
14,118.9,4.1,635,ok,False,,129.0,1,25,4,development,S025R04E14,0,4,train
0,4.1,4.1,636,high_amplitude,True,,226.0,0,25,8,development,S025R08E00,1,4,train
1,12.3,4.1,637,ok,False,,194.0,1,25,8,development,S025R08E01,0,4,train
2,20.5,4.1,638,ok,False,,192.0,1,25,8,development,S025R08E02,1,4,train
3,28.7,4.1,639,high_amplitude,True,,212.99999999999997,0,25,8,development,S025R08E03,0,4,train
4,36.9,4.1,640,ok,False,,185.0,0,25,8,development,S025R08E04,1,4,train
5,45.1,4.1,641,ok,False,,172.99999999999997,1,25,8,development,S025R08E05,1,4,train
6,53.3,4.1,642,ok,False,,138.0,1,25,8,development,S025R08E06,1,4,train
7,61.5,4.1,643,ok,False,,160.0,0,25,8,development,S025R08E07,1,4,train
8,69.7,4.1,644,ok,False,,192.99999999999997,0,25,8,development,S025R08E08,0,4,train
9,77.9,4.1,645,ok,False,,199.99999999999997,1,25,8,development,S025R08E09,1,4,train
10,86.1,4.1,646,ok,False,,132.0,0,25,8,development,S025R08E10,0,4,train
11,94.3,4.1,647,ok,False,,185.0,1,25,8,development,S025R08E11,1,4,train
12,102.5,4.1,648,ok,False,,149.0,1,25,8,development,S025R08E12,1,4,train
13,110.7,4.1,649,ok,False,,177.0,0,25,8,development,S025R08E13,0,4,train
14,118.9,4.1,650,ok,False,,141.0,1,25,8,development,S025R08E14,0,4,train
0,4.1,4.1,651,ok,False,,126.0,1,25,12,development,S025R12E00,1,4,train
1,12.3,4.1,652,ok,False,,101.0,0,25,12,development,S025R12E01,0,4,train
2,20.5,4.1,653,ok,False,,116.0,0,25,12,development,S025R12E02,0,4,train
3,28.7,4.1,654,ok,False,,112.0,1,25,12,development,S025R12E03,0,4,train
4,36.9,4.1,655,ok,False,,91.0,0,25,12,development,S025R12E04,1,4,train
5,45.1,4.1,656,ok,False,,117.0,1,25,12,development,S025R12E05,1,4,train
6,53.3,4.1,657,ok,False,,115.0,1,25,12,development,S025R12E06,1,4,train
7,61.5,4.1,658,ok,False,,95.0,0,25,12,development,S025R12E07,0,4,train
8,69.7,4.1,659,ok,False,,183.0,1,25,12,development,S025R12E08,1,4,train
9,77.9,4.1,660,ok,False,,98.0,0,25,12,development,S025R12E09,0,4,train
10,86.1,4.1,661,ok,False,,106.0,1,25,12,development,S025R12E10,0,4,train
11,94.3,4.1,662,ok,False,,104.0,0,25,12,development,S025R12E11,0,4,train
12,102.5,4.1,663,ok,False,,141.99999999999997,0,25,12,development,S025R12E12,0,4,train
13,110.7,4.1,664,ok,False,,122.0,1,25,12,development,S025R12E13,0,4,train
14,118.9,4.1,665,ok,False,,143.99999999999997,0,25,12,development,S025R12E14,0,4,train
0,4.1,4.1,666,high_amplitude,True,,500.99999999999994,0,11,4,development,S011R04E00,0,4,train
1,12.3,4.1,667,high_amplitude,True,,219.99999999999997,1,11,4,development,S011R04E01,1,4,train
2,20.5,4.1,668,high_amplitude,True,,285.0,0,11,4,development,S011R04E02,0,4,train
3,28.7,4.1,669,high_amplitude,True,,206.0,1,11,4,development,S011R04E03,1,4,train
4,36.9,4.1,670,ok,False,,167.0,0,11,4,development,S011R04E04,0,4,train
5,45.1,4.1,671,ok,False,,192.99999999999997,1,11,4,development,S011R04E05,0,4,train
6,53.3,4.1,672,high_amplitude,True,,262.0,1,11,4,development,S011R04E06,0,4,train
7,61.5,4.1,673,high_amplitude,True,,245.0,0,11,4,development,S011R04E07,0,4,train
8,69.7,4.1,674,high_amplitude,True,,203.0,1,11,4,development,S011R04E08,1,4,train
9,77.9,4.1,675,high_amplitude,True,,225.0,0,11,4,development,S011R04E09,0,4,train
10,86.1,4.1,676,high_amplitude,True,,361.99999999999994,0,11,4,development,S011R04E10,0,4,train
11,94.3,4.1,677,high_amplitude,True,,394.0,1,11,4,development,S011R04E11,0,4,train
12,102.5,4.1,678,high_amplitude,True,,490.9999999999999,1,11,4,development,S011R04E12,0,4,train
13,110.7,4.1,679,high_amplitude,True,,441.0,0,11,4,development,S011R04E13,0,4,train
14,118.9,4.1,680,high_amplitude,True,,228.0,0,11,4,development,S011R04E14,0,4,train
0,4.1,4.1,681,ok,False,,169.0,0,11,8,development,S011R08E00,0,4,train
1,12.3,4.1,682,ok,False,,154.0,1,11,8,development,S011R08E01,1,4,train
2,20.5,4.1,683,high_amplitude,True,,293.0,0,11,8,development,S011R08E02,0,4,train
3,28.7,4.1,684,ok,False,,174.0,1,11,8,development,S011R08E03,1,4,train
4,36.9,4.1,685,ok,False,,167.0,0,11,8,development,S011R08E04,0,4,train
5,45.1,4.1,686,ok,False,,181.99999999999997,1,11,8,development,S011R08E05,0,4,train
6,53.3,4.1,687,ok,False,,165.0,0,11,8,development,S011R08E06,0,4,train
7,61.5,4.1,688,high_amplitude,True,,215.0,1,11,8,development,S011R08E07,1,4,train
8,69.7,4.1,689,ok,False,,170.99999999999997,1,11,8,development,S011R08E08,1,4,train
9,77.9,4.1,690,ok,False,,179.0,0,11,8,development,S011R08E09,1,4,train
10,86.1,4.1,691,high_amplitude,True,,225.99999999999997,0,11,8,development,S011R08E10,0,4,train
11,94.3,4.1,692,high_amplitude,True,,212.0,1,11,8,development,S011R08E11,1,4,train
12,102.5,4.1,693,ok,False,,165.0,0,11,8,development,S011R08E12,0,4,train
13,110.7,4.1,694,ok,False,,193.0,1,11,8,development,S011R08E13,1,4,train
14,118.9,4.1,695,high_amplitude,True,,238.99999999999997,1,11,8,development,S011R08E14,1,4,train
0,4.1,4.1,696,ok,False,,155.0,0,11,12,development,S011R12E00,1,4,train
1,12.3,4.1,697,high_amplitude,True,,206.0,1,11,12,development,S011R12E01,0,4,train
2,20.5,4.1,698,ok,False,,186.0,0,11,12,development,S011R12E02,0,4,train
3,28.7,4.1,699,high_amplitude,True,,208.99999999999997,1,11,12,development,S011R12E03,1,4,train
4,36.9,4.1,700,ok,False,,197.00000000000003,1,11,12,development,S011R12E04,1,4,train
5,45.1,4.1,701,ok,False,,149.0,0,11,12,development,S011R12E05,0,4,train
6,53.3,4.1,702,ok,False,,170.0,1,11,12,development,S011R12E06,0,4,train
7,61.5,4.1,703,ok,False,,167.0,0,11,12,development,S011R12E07,0,4,train
8,69.7,4.1,704,ok,False,,140.0,1,11,12,development,S011R12E08,0,4,train
9,77.9,4.1,705,ok,False,,177.0,0,11,12,development,S011R12E09,0,4,train
10,86.1,4.1,706,high_amplitude,True,,216.0,0,11,12,development,S011R12E10,0,4,train
11,94.3,4.1,707,high_amplitude,True,,210.99999999999997,1,11,12,development,S011R12E11,1,4,train
12,102.5,4.1,708,high_amplitude,True,,274.0,1,11,12,development,S011R12E12,0,4,train
13,110.7,4.1,709,high_amplitude,True,,248.99999999999997,0,11,12,development,S011R12E13,0,4,train
14,118.9,4.1,710,ok,False,,166.0,0,11,12,development,S011R12E14,0,4,train
0,4.1,4.1,756,high_amplitude,True,,1167.9999999999998,0,97,4,development,S097R04E00,1,4,train
1,12.3,4.1,757,high_amplitude,True,,989.0,1,97,4,development,S097R04E01,0,4,train
2,20.5,4.1,758,high_amplitude,True,,1001.0,1,97,4,development,S097R04E02,0,4,train
3,28.7,4.1,759,high_amplitude,True,,243.0,0,97,4,development,S097R04E03,0,4,train
4,36.9,4.1,760,high_amplitude,True,,241.99999999999997,0,97,4,development,S097R04E04,0,4,train
5,45.1,4.1,761,high_amplitude,True,,942.0,1,97,4,development,S097R04E05,1,4,train
6,53.3,4.1,762,high_amplitude,True,,966.0,0,97,4,development,S097R04E06,1,4,train
7,61.5,4.1,763,high_amplitude,True,,975.0,1,97,4,development,S097R04E07,0,4,train
8,69.7,4.1,764,high_amplitude,True,,1010.0,0,97,4,development,S097R04E08,0,4,train
9,77.9,4.1,765,high_amplitude,True,,423.0,1,97,4,development,S097R04E09,1,4,train
10,86.1,4.1,766,high_amplitude,True,,222.99999999999997,1,97,4,development,S097R04E10,0,4,train
11,94.3,4.1,767,high_amplitude,True,,1004.0,0,97,4,development,S097R04E11,0,4,train
12,102.5,4.1,768,high_amplitude,True,,255.00000000000003,1,97,4,development,S097R04E12,1,4,train
13,110.7,4.1,769,high_amplitude,True,,926.0,0,97,4,development,S097R04E13,1,4,train
14,118.9,4.1,770,high_amplitude,True,,243.0,0,97,4,development,S097R04E14,0,4,train
0,4.1,4.1,771,high_amplitude,True,,1037.0,0,97,8,development,S097R08E00,0,4,train
1,12.3,4.1,772,high_amplitude,True,,1054.0,1,97,8,development,S097R08E01,1,4,train
2,20.5,4.1,773,high_amplitude,True,,1069.0,1,97,8,development,S097R08E02,0,4,train
3,28.7,4.1,774,high_amplitude,True,,1078.0,0,97,8,development,S097R08E03,1,4,train
4,36.9,4.1,775,high_amplitude,True,,997.0,1,97,8,development,S097R08E04,1,4,train
5,45.1,4.1,776,high_amplitude,True,,1102.9999999999998,0,97,8,development,S097R08E05,0,4,train
6,53.3,4.1,777,high_amplitude,True,,966.0,1,97,8,development,S097R08E06,0,4,train
7,61.5,4.1,778,high_amplitude,True,,900.0,0,97,8,development,S097R08E07,1,4,train
8,69.7,4.1,779,high_amplitude,True,,924.0,1,97,8,development,S097R08E08,0,4,train
9,77.9,4.1,780,high_amplitude,True,,1055.9999999999998,0,97,8,development,S097R08E09,0,4,train
10,86.1,4.1,781,high_amplitude,True,,1019.0,0,97,8,development,S097R08E10,1,4,train
11,94.3,4.1,782,high_amplitude,True,,905.0,1,97,8,development,S097R08E11,1,4,train
12,102.5,4.1,783,high_amplitude,True,,835.9999999999999,0,97,8,development,S097R08E12,1,4,train
13,110.7,4.1,784,high_amplitude,True,,825.9999999999999,1,97,8,development,S097R08E13,1,4,train
14,118.9,4.1,785,high_amplitude,True,,944.0,1,97,8,development,S097R08E14,1,4,train
0,4.1,4.1,786,high_amplitude,True,,1071.0,1,97,12,development,S097R12E00,0,4,train
1,12.3,4.1,787,high_amplitude,True,,1082.0,0,97,12,development,S097R12E01,0,4,train
2,20.5,4.1,788,high_amplitude,True,,1125.0,1,97,12,development,S097R12E02,1,4,train
3,28.7,4.1,789,high_amplitude,True,,1078.9999999999998,0,97,12,development,S097R12E03,0,4,train
4,36.9,4.1,790,high_amplitude,True,,1082.0,1,97,12,development,S097R12E04,0,4,train
5,45.1,4.1,791,high_amplitude,True,,1120.0,0,97,12,development,S097R12E05,0,4,train
6,53.3,4.1,792,high_amplitude,True,,1063.9999999999998,0,97,12,development,S097R12E06,0,4,train
7,61.5,4.1,793,high_amplitude,True,,1019.0,1,97,12,development,S097R12E07,1,4,train
8,69.7,4.1,794,high_amplitude,True,,1050.9999999999998,1,97,12,development,S097R12E08,0,4,train
9,77.9,4.1,795,high_amplitude,True,,1034.0,0,97,12,development,S097R12E09,0,4,train
10,86.1,4.1,796,high_amplitude,True,,1073.0,1,97,12,development,S097R12E10,0,4,train
11,94.3,4.1,797,high_amplitude,True,,1052.0,0,97,12,development,S097R12E11,0,4,train
12,102.5,4.1,798,high_amplitude,True,,1109.0,0,97,12,development,S097R12E12,0,4,train
13,110.7,4.1,799,high_amplitude,True,,1069.0,1,97,12,development,S097R12E13,1,4,train
14,118.9,4.1,800,high_amplitude,True,,1043.0,0,97,12,development,S097R12E14,1,4,train
0,4.1,4.1,801,high_amplitude,True,,719.9999999999999,1,48,4,development,S048R04E00,1,4,train
1,12.3,4.1,802,high_amplitude,True,,500.0,0,48,4,development,S048R04E01,0,4,train
2,20.5,4.1,803,high_amplitude,True,,877.0,0,48,4,development,S048R04E02,0,4,train
3,28.7,4.1,804,high_amplitude,True,,526.0,1,48,4,development,S048R04E03,0,4,train
4,36.9,4.1,805,high_amplitude,True,,709.9999999999999,1,48,4,development,S048R04E04,1,4,train
5,45.1,4.1,806,high_amplitude,True,,1093.0,0,48,4,development,S048R04E05,0,4,train
6,53.3,4.1,807,high_amplitude,True,,627.0,0,48,4,development,S048R04E06,0,4,train
7,61.5,4.1,808,high_amplitude,True,,598.9999999999999,1,48,4,development,S048R04E07,1,4,train
8,69.7,4.1,809,high_amplitude,True,,587.0,0,48,4,development,S048R04E08,0,4,train
9,77.9,4.1,810,high_amplitude,True,,1171.0,1,48,4,development,S048R04E09,1,4,train
10,86.1,4.1,811,high_amplitude,True,,691.0,1,48,4,development,S048R04E10,1,4,train
11,94.3,4.1,812,high_amplitude,True,,860.9999999999999,0,48,4,development,S048R04E11,0,4,train
12,102.5,4.1,813,high_amplitude,True,,582.0,0,48,4,development,S048R04E12,0,4,train
13,110.7,4.1,814,high_amplitude,True,,794.0,1,48,4,development,S048R04E13,1,4,train
14,118.9,4.1,815,high_amplitude,True,,578.0,0,48,4,development,S048R04E14,0,4,train
0,4.1,4.1,816,high_amplitude,True,,725.0,1,48,8,development,S048R08E00,1,4,train
1,12.3,4.1,817,high_amplitude,True,,932.0,0,48,8,development,S048R08E01,0,4,train
2,20.5,4.1,818,high_amplitude,True,,886.0,0,48,8,development,S048R08E02,0,4,train
3,28.7,4.1,819,high_amplitude,True,,882.0,1,48,8,development,S048R08E03,1,4,train
4,36.9,4.1,820,high_amplitude,True,,869.0,0,48,8,development,S048R08E04,0,4,train
5,45.1,4.1,821,high_amplitude,True,,781.0,1,48,8,development,S048R08E05,1,4,train
6,53.3,4.1,822,high_amplitude,True,,789.9999999999999,1,48,8,development,S048R08E06,1,4,train
7,61.5,4.1,823,high_amplitude,True,,763.9999999999999,0,48,8,development,S048R08E07,0,4,train
8,69.7,4.1,824,high_amplitude,True,,863.0,0,48,8,development,S048R08E08,0,4,train
9,77.9,4.1,825,high_amplitude,True,,789.0,1,48,8,development,S048R08E09,1,4,train
10,86.1,4.1,826,high_amplitude,True,,802.9999999999999,1,48,8,development,S048R08E10,0,4,train
11,94.3,4.1,827,high_amplitude,True,,825.0,0,48,8,development,S048R08E11,0,4,train
12,102.5,4.1,828,high_amplitude,True,,841.0,0,48,8,development,S048R08E12,0,4,train
13,110.7,4.1,829,high_amplitude,True,,1125.9999999999998,1,48,8,development,S048R08E13,1,4,train
14,118.9,4.1,830,high_amplitude,True,,778.0,1,48,8,development,S048R08E14,1,4,train
0,4.1,4.1,831,high_amplitude,True,,543.0,1,48,12,development,S048R12E00,1,4,train
1,12.3,4.1,832,high_amplitude,True,,851.9999999999999,0,48,12,development,S048R12E01,0,4,train
2,20.5,4.1,833,high_amplitude,True,,1013.0,1,48,12,development,S048R12E02,1,4,train
3,28.7,4.1,834,high_amplitude,True,,965.0,0,48,12,development,S048R12E03,0,4,train
4,36.9,4.1,835,high_amplitude,True,,904.0,1,48,12,development,S048R12E04,0,4,train
5,45.1,4.1,836,high_amplitude,True,,1152.0,0,48,12,development,S048R12E05,0,4,train
6,53.3,4.1,837,high_amplitude,True,,900.0,0,48,12,development,S048R12E06,0,4,train
7,61.5,4.1,838,high_amplitude,True,,940.0,1,48,12,development,S048R12E07,0,4,train
8,69.7,4.1,839,high_amplitude,True,,848.9999999999999,1,48,12,development,S048R12E08,1,4,train
9,77.9,4.1,840,high_amplitude,True,,981.0,0,48,12,development,S048R12E09,0,4,train
10,86.1,4.1,841,high_amplitude,True,,1090.0,1,48,12,development,S048R12E10,1,4,train
11,94.3,4.1,842,high_amplitude,True,,1059.0,0,48,12,development,S048R12E11,0,4,train
12,102.5,4.1,843,high_amplitude,True,,1138.9999999999998,0,48,12,development,S048R12E12,1,4,train
13,110.7,4.1,844,high_amplitude,True,,1032.0,1,48,12,development,S048R12E13,1,4,train
14,118.9,4.1,845,high_amplitude,True,,1242.0,1,48,12,development,S048R12E14,1,4,train
0,4.2,4.1,846,ok,False,,141.99999999999997,0,73,4,development,S073R04E00,0,4,train
1,12.4,4.1,847,high_amplitude,True,,203.0,1,73,4,development,S073R04E01,0,4,train
2,20.6,4.1,848,ok,False,,163.99999999999997,0,73,4,development,S073R04E02,0,4,train
3,28.8,4.1,849,high_amplitude,True,,234.0,1,73,4,development,S073R04E03,1,4,train
4,37.0,4.1,850,high_amplitude,True,,236.0,0,73,4,development,S073R04E04,1,4,train
5,45.2,4.1,851,high_amplitude,True,,238.99999999999997,1,73,4,development,S073R04E05,1,4,train
6,53.4,4.1,852,high_amplitude,True,,230.0,1,73,4,development,S073R04E06,1,4,train
7,61.6,4.1,853,ok,False,,119.0,0,73,4,development,S073R04E07,0,4,train
8,69.8,4.1,854,ok,False,,99.0,0,73,4,development,S073R04E08,0,4,train
9,78.0,4.1,855,high_amplitude,True,,217.00000000000003,1,73,4,development,S073R04E09,1,4,train
10,86.2,4.1,856,high_amplitude,True,,241.0,1,73,4,development,S073R04E10,0,4,train
11,94.4,4.1,857,ok,False,,169.99999999999997,0,73,4,development,S073R04E11,0,4,train
12,102.6,4.1,858,high_amplitude,True,,257.0,0,73,4,development,S073R04E12,0,4,train
13,110.8,4.1,859,high_amplitude,True,,248.0,1,73,4,development,S073R04E13,1,4,train
14,119.0,4.0,860,high_amplitude,True,,247.0,0,73,4,development,S073R04E14,1,4,train
0,4.2,4.1,861,high_amplitude,True,,223.0,1,73,8,development,S073R08E00,0,4,train
1,12.4,4.1,862,high_amplitude,True,,210.0,0,73,8,development,S073R08E01,0,4,train
2,20.6,4.1,863,high_amplitude,True,,260.0,1,73,8,development,S073R08E02,1,4,train
3,28.8,4.1,864,ok,False,,177.0,0,73,8,development,S073R08E03,0,4,train
4,37.0,4.1,865,high_amplitude,True,,220.99999999999997,0,73,8,development,S073R08E04,0,4,train
5,45.2,4.1,866,high_amplitude,True,,201.99999999999997,1,73,8,development,S073R08E05,1,4,train
6,53.4,4.1,867,high_amplitude,True,,219.0,1,73,8,development,S073R08E06,1,4,train
7,61.6,4.1,868,high_amplitude,True,,234.0,0,73,8,development,S073R08E07,0,4,train
8,69.8,4.1,869,high_amplitude,True,,247.99999999999991,1,73,8,development,S073R08E08,1,4,train
9,78.0,4.1,870,ok,False,,147.0,0,73,8,development,S073R08E09,0,4,train
10,86.2,4.1,871,high_amplitude,True,,239.99999999999997,0,73,8,development,S073R08E10,1,4,train
11,94.4,4.1,872,high_amplitude,True,,221.99999999999997,1,73,8,development,S073R08E11,1,4,train
12,102.6,4.1,873,high_amplitude,True,,213.0,1,73,8,development,S073R08E12,0,4,train
13,110.8,4.1,874,high_amplitude,True,,222.0,0,73,8,development,S073R08E13,0,4,train
14,119.0,4.0,875,ok,False,,185.0,0,73,8,development,S073R08E14,0,4,train
0,4.2,4.1,876,high_amplitude,True,,222.0,0,73,12,development,S073R12E00,0,4,train
1,12.4,4.1,877,high_amplitude,True,,223.99999999999997,1,73,12,development,S073R12E01,1,4,train
2,20.6,4.1,878,high_amplitude,True,,214.99999999999997,0,73,12,development,S073R12E02,1,4,train
3,28.8,4.1,879,high_amplitude,True,,259.0,1,73,12,development,S073R12E03,1,4,train
4,37.0,4.1,880,high_amplitude,True,,221.99999999999997,0,73,12,development,S073R12E04,1,4,train
5,45.2,4.1,881,high_amplitude,True,,232.99999999999997,1,73,12,development,S073R12E05,0,4,train
6,53.4,4.1,882,high_amplitude,True,,228.0,1,73,12,development,S073R12E06,0,4,train
7,61.6,4.1,883,ok,False,,152.0,0,73,12,development,S073R12E07,0,4,train
8,69.8,4.1,884,high_amplitude,True,,224.0,1,73,12,development,S073R12E08,1,4,train
9,78.0,4.1,885,high_amplitude,True,,219.0,0,73,12,development,S073R12E09,0,4,train
10,86.2,4.1,886,high_amplitude,True,,226.0,1,73,12,development,S073R12E10,1,4,train
11,94.4,4.1,887,high_amplitude,True,,212.0,0,73,12,development,S073R12E11,0,4,train
12,102.6,4.1,888,high_amplitude,True,,228.99999999999997,0,73,12,development,S073R12E12,0,4,train
13,110.8,4.1,889,ok,False,,199.99999999999997,1,73,12,development,S073R12E13,0,4,train
14,119.0,4.0,890,ok,False,,170.0,1,73,12,development,S073R12E14,1,4,train
0,4.2,4.1,891,high_amplitude,True,,1031.0,0,101,4,development,S101R04E00,1,4,train
1,12.5,4.1,892,high_amplitude,True,,393.0,1,101,4,development,S101R04E01,1,4,train
2,20.8,4.1,893,high_amplitude,True,,821.0,1,101,4,development,S101R04E02,1,4,train
3,29.1,4.1,894,high_amplitude,True,,446.0,0,101,4,development,S101R04E03,0,4,train
4,37.4,4.1,895,high_amplitude,True,,442.0,1,101,4,development,S101R04E04,1,4,train
5,45.7,4.1,896,high_amplitude,True,,357.0,0,101,4,development,S101R04E05,1,4,train
6,54.0,4.1,897,high_amplitude,True,,457.0,1,101,4,development,S101R04E06,1,4,train
7,62.3,4.1,898,high_amplitude,True,,349.0,0,101,4,development,S101R04E07,0,4,train
8,70.6,4.1,899,high_amplitude,True,,324.0,1,101,4,development,S101R04E08,0,4,train
9,78.9,4.1,900,high_amplitude,True,,461.99999999999994,0,101,4,development,S101R04E09,1,4,train
10,87.2,4.1,901,high_amplitude,True,,321.0,0,101,4,development,S101R04E10,1,4,train
11,95.5,4.1,902,high_amplitude,True,,356.0,1,101,4,development,S101R04E11,1,4,train
12,103.8,4.1,903,high_amplitude,True,,349.0,1,101,4,development,S101R04E12,1,4,train
13,112.1,4.1,904,high_amplitude,True,,310.99999999999994,0,101,4,development,S101R04E13,0,4,train
14,120.4,4.1,905,high_amplitude,True,,513.9999999999999,0,101,4,development,S101R04E14,0,4,train
0,4.2,4.1,906,high_amplitude,True,,407.0,1,101,8,development,S101R08E00,0,4,train
1,12.5,4.1,907,high_amplitude,True,,323.0,0,101,8,development,S101R08E01,1,4,train
2,20.8,4.1,908,high_amplitude,True,,357.0,0,101,8,development,S101R08E02,1,4,train
3,29.1,4.1,909,high_amplitude,True,,349.0,1,101,8,development,S101R08E03,0,4,train
4,37.4,4.1,910,high_amplitude,True,,291.0,1,101,8,development,S101R08E04,1,4,train
5,45.7,4.1,911,high_amplitude,True,,338.0,0,101,8,development,S101R08E05,1,4,train
6,54.0,4.1,912,high_amplitude,True,,349.99999999999994,0,101,8,development,S101R08E06,1,4,train
7,62.3,4.1,913,high_amplitude,True,,323.0,1,101,8,development,S101R08E07,0,4,train
8,70.6,4.1,914,high_amplitude,True,,423.0,1,101,8,development,S101R08E08,1,4,train
9,78.9,4.1,915,high_amplitude,True,,343.0,0,101,8,development,S101R08E09,0,4,train
10,87.2,4.1,916,high_amplitude,True,,383.0,1,101,8,development,S101R08E10,1,4,train
11,95.5,4.1,917,high_amplitude,True,,307.0,0,101,8,development,S101R08E11,0,4,train
12,103.8,4.1,918,high_amplitude,True,,335.0,1,101,8,development,S101R08E12,0,4,train
13,112.1,4.1,919,high_amplitude,True,,318.00000000000006,0,101,8,development,S101R08E13,0,4,train
14,120.4,4.1,920,high_amplitude,True,,381.0,1,101,8,development,S101R08E14,1,4,train
0,4.2,4.1,921,high_amplitude,True,,350.0,0,101,12,development,S101R12E00,1,4,train
1,12.5,4.1,922,high_amplitude,True,,326.0,1,101,12,development,S101R12E01,0,4,train
2,20.8,4.1,923,high_amplitude,True,,285.0,0,101,12,development,S101R12E02,0,4,train
3,29.1,4.1,924,high_amplitude,True,,323.99999999999994,1,101,12,development,S101R12E03,0,4,train
4,37.4,4.1,925,high_amplitude,True,,354.99999999999994,1,101,12,development,S101R12E04,1,4,train
5,45.7,4.1,926,high_amplitude,True,,354.99999999999994,0,101,12,development,S101R12E05,0,4,train
6,54.0,4.1,927,high_amplitude,True,,277.0,1,101,12,development,S101R12E06,1,4,train
7,62.3,4.1,928,high_amplitude,True,,314.99999999999994,0,101,12,development,S101R12E07,0,4,train
8,70.6,4.1,929,high_amplitude,True,,331.0,1,101,12,development,S101R12E08,0,4,train
9,78.9,4.1,930,high_amplitude,True,,286.0,0,101,12,development,S101R12E09,0,4,train
10,87.2,4.1,931,high_amplitude,True,,336.99999999999994,1,101,12,development,S101R12E10,1,4,train
11,95.5,4.1,932,high_amplitude,True,,274.99999999999994,0,101,12,development,S101R12E11,0,4,train
12,103.8,4.1,933,high_amplitude,True,,301.99999999999994,0,101,12,development,S101R12E12,0,4,train
13,112.1,4.1,934,high_amplitude,True,,285.0,1,101,12,development,S101R12E13,1,4,train
14,120.4,4.1,935,high_amplitude,True,,298.0,1,101,12,development,S101R12E14,1,4,train
0,4.1,4.1,936,high_amplitude,True,,254.0,1,26,4,development,S026R04E00,1,4,train
1,12.3,4.1,937,high_amplitude,True,,246.00000000000003,0,26,4,development,S026R04E01,0,4,train
2,20.5,4.1,938,high_amplitude,True,,250.99999999999997,1,26,4,development,S026R04E02,1,4,train
3,28.7,4.1,939,ok,False,,154.0,0,26,4,development,S026R04E03,0,4,train
4,36.9,4.1,940,ok,False,,196.0,1,26,4,development,S026R04E04,1,4,train
5,45.1,4.1,941,ok,False,,134.99999999999997,0,26,4,development,S026R04E05,1,4,train
6,53.3,4.1,942,high_amplitude,True,,231.0,0,26,4,development,S026R04E06,1,4,train
7,61.5,4.1,943,high_amplitude,True,,301.0,1,26,4,development,S026R04E07,1,4,train
8,69.7,4.1,944,high_amplitude,True,,239.0,0,26,4,development,S026R04E08,1,4,train
9,77.9,4.1,945,high_amplitude,True,,255.00000000000003,1,26,4,development,S026R04E09,1,4,train
10,86.1,4.1,946,high_amplitude,True,,248.99999999999997,0,26,4,development,S026R04E10,0,4,train
11,94.3,4.1,947,ok,False,,194.0,1,26,4,development,S026R04E11,1,4,train
12,102.5,4.1,948,high_amplitude,True,,246.00000000000003,1,26,4,development,S026R04E12,1,4,train
13,110.7,4.1,949,ok,False,,126.0,0,26,4,development,S026R04E13,1,4,train
14,118.9,4.1,950,high_amplitude,True,,234.99999999999997,0,26,4,development,S026R04E14,0,4,train
0,4.1,4.1,951,high_amplitude,True,,243.0,0,26,8,development,S026R08E00,0,4,train
1,12.3,4.1,952,ok,False,,91.0,1,26,8,development,S026R08E01,0,4,train
2,20.5,4.1,953,high_amplitude,True,,237.00000000000003,0,26,8,development,S026R08E02,0,4,train
3,28.7,4.1,954,high_amplitude,True,,250.0,1,26,8,development,S026R08E03,0,4,train
4,36.9,4.1,955,ok,False,,114.0,1,26,8,development,S026R08E04,0,4,train
5,45.1,4.1,956,ok,False,,105.0,0,26,8,development,S026R08E05,0,4,train
6,53.3,4.1,957,high_amplitude,True,,239.99999999999997,1,26,8,development,S026R08E06,0,4,train
7,61.5,4.1,958,high_amplitude,True,,245.0,0,26,8,development,S026R08E07,0,4,train
8,69.7,4.1,959,ok,False,,102.0,1,26,8,development,S026R08E08,1,4,train
9,77.9,4.1,960,ok,False,,124.0,0,26,8,development,S026R08E09,0,4,train
10,86.1,4.1,961,ok,False,,118.0,1,26,8,development,S026R08E10,1,4,train
11,94.3,4.1,962,ok,False,,128.0,0,26,8,development,S026R08E11,0,4,train
12,102.5,4.1,963,high_amplitude,True,,251.00000000000003,1,26,8,development,S026R08E12,0,4,train
13,110.7,4.1,964,high_amplitude,True,,225.0,0,26,8,development,S026R08E13,0,4,train
14,118.9,4.1,965,high_amplitude,True,,236.0,0,26,8,development,S026R08E14,0,4,train
0,4.1,4.1,966,ok,False,,113.0,0,26,12,development,S026R12E00,0,4,train
1,12.3,4.1,967,high_amplitude,True,,260.0,1,26,12,development,S026R12E01,0,4,train
2,20.5,4.1,968,high_amplitude,True,,239.99999999999997,1,26,12,development,S026R12E02,0,4,train
3,28.7,4.1,969,ok,False,,195.0,0,26,12,development,S026R12E03,0,4,train
4,36.9,4.1,970,ok,False,,85.0,1,26,12,development,S026R12E04,1,4,train
5,45.1,4.1,971,ok,False,,98.0,0,26,12,development,S026R12E05,0,4,train
6,53.3,4.1,972,high_amplitude,True,,245.0,0,26,12,development,S026R12E06,0,4,train
7,61.5,4.1,973,high_amplitude,True,,212.0,1,26,12,development,S026R12E07,1,4,train
8,69.7,4.1,974,high_amplitude,True,,236.0,0,26,12,development,S026R12E08,0,4,train
9,77.9,4.1,975,high_amplitude,True,,217.00000000000003,1,26,12,development,S026R12E09,0,4,train
10,86.1,4.1,976,high_amplitude,True,,237.00000000000003,0,26,12,development,S026R12E10,0,4,train
11,94.3,4.1,977,high_amplitude,True,,223.0,1,26,12,development,S026R12E11,0,4,train
12,102.5,4.1,978,high_amplitude,True,,241.0,0,26,12,development,S026R12E12,0,4,train
13,110.7,4.1,979,high_amplitude,True,,222.0,1,26,12,development,S026R12E13,0,4,train
14,118.9,4.1,980,high_amplitude,True,,255.00000000000003,0,26,12,development,S026R12E14,0,4,train
0,4.1,4.1,981,high_amplitude,True,,492.99999999999994,0,59,4,development,S059R04E00,0,4,train
1,12.3,4.1,982,high_amplitude,True,,701.0,1,59,4,development,S059R04E01,0,4,train
2,20.5,4.1,983,high_amplitude,True,,539.0,0,59,4,development,S059R04E02,0,4,train
3,28.7,4.1,984,high_amplitude,True,,915.0,1,59,4,development,S059R04E03,0,4,train
4,36.9,4.1,985,high_amplitude,True,,1125.9999999999998,0,59,4,development,S059R04E04,0,4,train
5,45.1,4.1,986,high_amplitude,True,,461.0,1,59,4,development,S059R04E05,0,4,train
6,53.3,4.1,987,high_amplitude,True,,1217.0,0,59,4,development,S059R04E06,0,4,train
7,61.5,4.1,988,high_amplitude,True,,1374.0,1,59,4,development,S059R04E07,1,4,train
8,69.7,4.1,989,high_amplitude,True,,917.0,1,59,4,development,S059R04E08,1,4,train
9,77.9,4.1,990,high_amplitude,True,,514.9999999999999,0,59,4,development,S059R04E09,1,4,train
10,86.1,4.1,991,high_amplitude,True,,1043.9999999999998,0,59,4,development,S059R04E10,1,4,train
11,94.3,4.1,992,high_amplitude,True,,1158.9999999999998,1,59,4,development,S059R04E11,0,4,train
12,102.5,4.1,993,high_amplitude,True,,1006.0,1,59,4,development,S059R04E12,0,4,train
13,110.7,4.1,994,high_amplitude,True,,824.0,0,59,4,development,S059R04E13,0,4,train
14,118.9,4.1,995,high_amplitude,True,,944.0,0,59,4,development,S059R04E14,1,4,train
0,4.1,4.1,996,high_amplitude,True,,767.0,0,59,8,development,S059R08E00,1,4,train
1,12.3,4.1,997,high_amplitude,True,,457.0,1,59,8,development,S059R08E01,1,4,train
2,20.5,4.1,998,high_amplitude,True,,963.0,1,59,8,development,S059R08E02,1,4,train
3,28.7,4.1,999,high_amplitude,True,,928.0,0,59,8,development,S059R08E03,1,4,train
4,36.9,4.1,1000,high_amplitude,True,,728.9999999999999,0,59,8,development,S059R08E04,1,4,train
5,45.1,4.1,1001,high_amplitude,True,,407.0,1,59,8,development,S059R08E05,0,4,train
6,53.3,4.1,1002,high_amplitude,True,,1014.0,0,59,8,development,S059R08E06,1,4,train
7,61.5,4.1,1003,high_amplitude,True,,1131.0,1,59,8,development,S059R08E07,1,4,train
8,69.7,4.1,1004,high_amplitude,True,,1134.0,0,59,8,development,S059R08E08,0,4,train
9,77.9,4.1,1005,high_amplitude,True,,1197.9999999999998,1,59,8,development,S059R08E09,0,4,train
10,86.1,4.1,1006,high_amplitude,True,,1050.0,0,59,8,development,S059R08E10,1,4,train
11,94.3,4.1,1007,high_amplitude,True,,465.0,1,59,8,development,S059R08E11,0,4,train
12,102.5,4.1,1008,high_amplitude,True,,545.0,0,59,8,development,S059R08E12,0,4,train
13,110.7,4.1,1009,high_amplitude,True,,887.0,1,59,8,development,S059R08E13,0,4,train
14,118.9,4.1,1010,high_amplitude,True,,952.0,0,59,8,development,S059R08E14,1,4,train
0,4.1,4.1,1011,high_amplitude,True,,1183.0,1,59,12,development,S059R12E00,1,4,train
1,12.3,4.1,1012,high_amplitude,True,,506.99999999999994,0,59,12,development,S059R12E01,0,4,train
2,20.5,4.1,1013,high_amplitude,True,,1044.0,1,59,12,development,S059R12E02,1,4,train
3,28.7,4.1,1014,high_amplitude,True,,354.99999999999994,0,59,12,development,S059R12E03,0,4,train
4,36.9,4.1,1015,high_amplitude,True,,1357.0,1,59,12,development,S059R12E04,1,4,train
5,45.1,4.1,1016,high_amplitude,True,,821.9999999999999,0,59,12,development,S059R12E05,0,4,train
6,53.3,4.1,1017,high_amplitude,True,,875.9999999999999,1,59,12,development,S059R12E06,0,4,train
7,61.5,4.1,1018,high_amplitude,True,,1017.9999999999998,0,59,12,development,S059R12E07,1,4,train
8,69.7,4.1,1019,high_amplitude,True,,1128.0,1,59,12,development,S059R12E08,0,4,train
9,77.9,4.1,1020,high_amplitude,True,,933.0,0,59,12,development,S059R12E09,0,4,train
10,86.1,4.1,1021,high_amplitude,True,,741.9999999999999,1,59,12,development,S059R12E10,0,4,train
11,94.3,4.1,1022,high_amplitude,True,,916.0,0,59,12,development,S059R12E11,0,4,train
12,102.5,4.1,1023,high_amplitude,True,,1042.0,0,59,12,development,S059R12E12,0,4,train
13,110.7,4.1,1024,high_amplitude,True,,1149.0,1,59,12,development,S059R12E13,1,4,train
14,118.9,4.1,1025,high_amplitude,True,,759.9999999999999,0,59,12,development,S059R12E14,1,4,train
0,4.1,4.15,1026,ok,False,,64.0,0,89,4,development,S089R04E00,0,4,train
1,12.3,4.15,1027,high_amplitude,True,,207.0,1,89,4,development,S089R04E01,1,4,train
2,20.5,4.15,1028,ok,False,,77.0,0,89,4,development,S089R04E02,0,4,train
3,28.7,4.15,1029,ok,False,,66.0,1,89,4,development,S089R04E03,1,4,train
4,36.9,4.15,1030,ok,False,,75.0,0,89,4,development,S089R04E04,0,4,train
5,45.1,4.15,1031,ok,False,,64.0,1,89,4,development,S089R04E05,0,4,train
6,53.3,4.15,1032,ok,False,,70.99999999999999,0,89,4,development,S089R04E06,0,4,train
7,61.5,4.15,1033,ok,False,,72.99999999999999,1,89,4,development,S089R04E07,0,4,train
8,69.7,4.15,1034,ok,False,,82.99999999999999,1,89,4,development,S089R04E08,0,4,train
9,77.9,4.15,1035,ok,False,,82.0,0,89,4,development,S089R04E09,0,4,train
10,86.1,4.15,1036,ok,False,,76.0,1,89,4,development,S089R04E10,0,4,train
11,94.3,4.15,1037,ok,False,,73.0,0,89,4,development,S089R04E11,1,4,train
12,102.5,4.15,1038,high_amplitude,True,,232.0,0,89,4,development,S089R04E12,1,4,train
13,110.7,4.15,1039,ok,False,,125.0,1,89,4,development,S089R04E13,0,4,train
14,118.9,4.1,1040,high_amplitude,True,,205.0,0,89,4,development,S089R04E14,0,4,train
0,4.1,4.15,1041,ok,False,,69.0,0,89,8,development,S089R08E00,1,4,train
1,12.3,4.15,1042,ok,False,,46.0,1,89,8,development,S089R08E01,1,4,train
2,20.5,4.15,1043,high_amplitude,True,,201.99999999999997,1,89,8,development,S089R08E02,0,4,train
3,28.7,4.15,1044,high_amplitude,True,,214.0,0,89,8,development,S089R08E03,0,4,train
4,36.9,4.15,1045,ok,False,,192.99999999999997,1,89,8,development,S089R08E04,0,4,train
5,45.1,4.15,1046,ok,False,,195.0,0,89,8,development,S089R08E05,1,4,train
6,53.3,4.15,1047,ok,False,,172.99999999999997,1,89,8,development,S089R08E06,1,4,train
7,61.5,4.15,1048,high_amplitude,True,,201.99999999999997,0,89,8,development,S089R08E07,0,4,train
8,69.7,4.15,1049,high_amplitude,True,,201.99999999999997,0,89,8,development,S089R08E08,0,4,train
9,77.9,4.15,1050,ok,False,,179.99999999999997,1,89,8,development,S089R08E09,0,4,train
10,86.1,4.15,1051,high_amplitude,True,,207.0,0,89,8,development,S089R08E10,0,4,train
11,94.3,4.15,1052,ok,False,,191.0,1,89,8,development,S089R08E11,1,4,train
12,102.5,4.15,1053,ok,False,,174.99999999999997,1,89,8,development,S089R08E12,1,4,train
13,110.7,4.15,1054,high_amplitude,True,,210.99999999999997,0,89,8,development,S089R08E13,1,4,train
14,118.9,4.1,1055,high_amplitude,True,,207.0,0,89,8,development,S089R08E14,1,4,train
0,4.1,4.15,1056,high_amplitude,True,,227.0,0,89,12,development,S089R12E00,1,4,train
1,12.3,4.15,1057,ok,False,,189.0,1,89,12,development,S089R12E01,0,4,train
2,20.5,4.15,1058,high_amplitude,True,,207.0,0,89,12,development,S089R12E02,1,4,train
3,28.7,4.15,1059,high_amplitude,True,,222.99999999999997,1,89,12,development,S089R12E03,1,4,train
4,36.9,4.15,1060,high_amplitude,True,,207.0,0,89,12,development,S089R12E04,1,4,train
5,45.1,4.15,1061,high_amplitude,True,,212.0,1,89,12,development,S089R12E05,1,4,train
6,53.3,4.15,1062,ok,False,,163.0,1,89,12,development,S089R12E06,0,4,train
7,61.5,4.15,1063,high_amplitude,True,,215.0,0,89,12,development,S089R12E07,0,4,train
8,69.7,4.15,1064,ok,False,,161.0,0,89,12,development,S089R12E08,1,4,train
9,77.9,4.15,1065,high_amplitude,True,,221.99999999999997,1,89,12,development,S089R12E09,1,4,train
10,86.1,4.15,1066,high_amplitude,True,,208.0,0,89,12,development,S089R12E10,1,4,train
11,94.3,4.15,1067,high_amplitude,True,,217.0,1,89,12,development,S089R12E11,1,4,train
12,102.5,4.15,1068,high_amplitude,True,,208.99999999999997,0,89,12,development,S089R12E12,0,4,train
13,110.7,4.15,1069,high_amplitude,True,,202.0,1,89,12,development,S089R12E13,1,4,train
14,118.9,4.1,1070,ok,False,,172.0,0,89,12,development,S089R12E14,0,4,train
0,4.1,4.1,1071,high_amplitude,True,,399.00000000000006,1,68,4,development,S068R04E00,0,4,train
1,12.3,4.1,1072,high_amplitude,True,,491.0,0,68,4,development,S068R04E01,0,4,train
2,20.5,4.1,1073,high_amplitude,True,,785.0,0,68,4,development,S068R04E02,0,4,train
3,28.7,4.1,1074,high_amplitude,True,,454.0,1,68,4,development,S068R04E03,0,4,train
4,36.9,4.1,1075,high_amplitude,True,,692.9999999999999,1,68,4,development,S068R04E04,1,4,train
5,45.1,4.1,1076,high_amplitude,True,,437.0,0,68,4,development,S068R04E05,1,4,train
6,53.3,4.1,1077,high_amplitude,True,,637.0,1,68,4,development,S068R04E06,1,4,train
7,61.5,4.1,1078,high_amplitude,True,,1017.0,0,68,4,development,S068R04E07,0,4,train
8,69.7,4.1,1079,high_amplitude,True,,609.0,1,68,4,development,S068R04E08,0,4,train
9,77.9,4.1,1080,high_amplitude,True,,454.0,0,68,4,development,S068R04E09,0,4,train
10,86.1,4.1,1081,high_amplitude,True,,598.0,0,68,4,development,S068R04E10,0,4,train
11,94.3,4.1,1082,high_amplitude,True,,379.0,1,68,4,development,S068R04E11,1,4,train
12,102.5,4.1,1083,high_amplitude,True,,448.0,1,68,4,development,S068R04E12,1,4,train
13,110.7,4.1,1084,high_amplitude,True,,611.0,0,68,4,development,S068R04E13,0,4,train
14,118.9,4.1,1085,high_amplitude,True,,1092.9999999999998,0,68,4,development,S068R04E14,0,4,train
0,4.1,4.1,1086,high_amplitude,True,,508.0,1,68,8,development,S068R08E00,1,4,train
1,12.3,4.1,1087,high_amplitude,True,,381.0,0,68,8,development,S068R08E01,1,4,train
2,20.5,4.1,1088,high_amplitude,True,,1225.0,1,68,8,development,S068R08E02,1,4,train
3,28.7,4.1,1089,high_amplitude,True,,488.0,0,68,8,development,S068R08E03,0,4,train
4,36.9,4.1,1090,high_amplitude,True,,436.0,0,68,8,development,S068R08E04,0,4,train
5,45.1,4.1,1091,high_amplitude,True,,819.0,1,68,8,development,S068R08E05,1,4,train
6,53.3,4.1,1092,high_amplitude,True,,727.0,1,68,8,development,S068R08E06,1,4,train
7,61.5,4.1,1093,high_amplitude,True,,469.0,0,68,8,development,S068R08E07,0,4,train
8,69.7,4.1,1094,high_amplitude,True,,544.9999999999999,0,68,8,development,S068R08E08,0,4,train
9,77.9,4.1,1095,high_amplitude,True,,496.99999999999994,1,68,8,development,S068R08E09,0,4,train
10,86.1,4.1,1096,high_amplitude,True,,521.0,0,68,8,development,S068R08E10,1,4,train
11,94.3,4.1,1097,high_amplitude,True,,457.99999999999994,1,68,8,development,S068R08E11,0,4,train
12,102.5,4.1,1098,high_amplitude,True,,680.0,1,68,8,development,S068R08E12,1,4,train
13,110.7,4.1,1099,high_amplitude,True,,609.0,0,68,8,development,S068R08E13,0,4,train
14,118.9,4.1,1100,high_amplitude,True,,583.0,1,68,8,development,S068R08E14,1,4,train
0,4.1,4.1,1101,high_amplitude,True,,707.0,0,68,12,development,S068R12E00,1,4,train
1,12.3,4.1,1102,high_amplitude,True,,1222.0,1,68,12,development,S068R12E01,0,4,train
2,20.5,4.1,1103,high_amplitude,True,,1115.9999999999998,0,68,12,development,S068R12E02,0,4,train
3,28.7,4.1,1104,high_amplitude,True,,811.0,1,68,12,development,S068R12E03,0,4,train
4,36.9,4.1,1105,high_amplitude,True,,407.0,1,68,12,development,S068R12E04,1,4,train
5,45.1,4.1,1106,high_amplitude,True,,799.0,0,68,12,development,S068R12E05,0,4,train
6,53.3,4.1,1107,high_amplitude,True,,758.0,0,68,12,development,S068R12E06,0,4,train
7,61.5,4.1,1108,high_amplitude,True,,540.9999999999999,1,68,12,development,S068R12E07,1,4,train
8,69.7,4.1,1109,high_amplitude,True,,421.0,1,68,12,development,S068R12E08,1,4,train
9,77.9,4.1,1110,high_amplitude,True,,799.9999999999999,0,68,12,development,S068R12E09,0,4,train
10,86.1,4.1,1111,high_amplitude,True,,753.0,0,68,12,development,S068R12E10,1,4,train
11,94.3,4.1,1112,high_amplitude,True,,625.9999999999999,1,68,12,development,S068R12E11,1,4,train
12,102.5,4.1,1113,high_amplitude,True,,735.0,0,68,12,development,S068R12E12,0,4,train
13,110.7,4.1,1114,high_amplitude,True,,766.9999999999999,1,68,12,development,S068R12E13,1,4,train
14,118.9,4.1,1115,high_amplitude,True,,479.99999999999994,1,68,12,development,S068R12E14,1,4,train
0,4.1,4.1,1116,high_amplitude,True,,303.0,0,14,4,development,S014R04E00,1,4,train
1,12.3,4.1,1117,high_amplitude,True,,619.0,1,14,4,development,S014R04E01,1,4,train
2,20.5,4.1,1118,high_amplitude,True,,208.99999999999997,1,14,4,development,S014R04E02,1,4,train
3,28.7,4.1,1119,high_amplitude,True,,294.99999999999994,0,14,4,development,S014R04E03,0,4,train
4,36.9,4.1,1120,high_amplitude,True,,330.0,0,14,4,development,S014R04E04,1,4,train
5,45.1,4.1,1121,high_amplitude,True,,264.0,1,14,4,development,S014R04E05,1,4,train
6,53.3,4.1,1122,high_amplitude,True,,235.0,1,14,4,development,S014R04E06,1,4,train
7,61.5,4.1,1123,high_amplitude,True,,243.0,0,14,4,development,S014R04E07,0,4,train
8,69.7,4.1,1124,high_amplitude,True,,258.0,0,14,4,development,S014R04E08,0,4,train
9,77.9,4.1,1125,high_amplitude,True,,223.0,1,14,4,development,S014R04E09,1,4,train
10,86.1,4.1,1126,high_amplitude,True,,216.0,0,14,4,development,S014R04E10,0,4,train
11,94.3,4.1,1127,high_amplitude,True,,237.00000000000003,1,14,4,development,S014R04E11,1,4,train
12,102.5,4.1,1128,high_amplitude,True,,237.99999999999997,0,14,4,development,S014R04E12,0,4,train
13,110.7,4.1,1129,high_amplitude,True,,370.0,1,14,4,development,S014R04E13,1,4,train
14,118.9,4.1,1130,ok,False,,196.0,1,14,4,development,S014R04E14,1,4,train
0,4.1,4.1,1131,high_amplitude,True,,255.00000000000003,0,14,8,development,S014R08E00,0,4,train
1,12.3,4.1,1132,high_amplitude,True,,296.99999999999994,1,14,8,development,S014R08E01,1,4,train
2,20.5,4.1,1133,high_amplitude,True,,397.0,0,14,8,development,S014R08E02,0,4,train
3,28.7,4.1,1134,high_amplitude,True,,274.0,1,14,8,development,S014R08E03,1,4,train
4,36.9,4.1,1135,high_amplitude,True,,291.0,0,14,8,development,S014R08E04,0,4,train
5,45.1,4.1,1136,ok,False,,199.0,1,14,8,development,S014R08E05,1,4,train
6,53.3,4.1,1137,high_amplitude,True,,606.0,1,14,8,development,S014R08E06,1,4,train
7,61.5,4.1,1138,high_amplitude,True,,265.0,0,14,8,development,S014R08E07,0,4,train
8,69.7,4.1,1139,high_amplitude,True,,234.0,0,14,8,development,S014R08E08,0,4,train
9,77.9,4.1,1140,high_amplitude,True,,534.0,1,14,8,development,S014R08E09,1,4,train
10,86.1,4.1,1141,high_amplitude,True,,208.00000000000003,0,14,8,development,S014R08E10,0,4,train
11,94.3,4.1,1142,high_amplitude,True,,614.0,1,14,8,development,S014R08E11,0,4,train
12,102.5,4.1,1143,high_amplitude,True,,237.99999999999997,0,14,8,development,S014R08E12,1,4,train
13,110.7,4.1,1144,high_amplitude,True,,365.0,1,14,8,development,S014R08E13,1,4,train
14,118.9,4.1,1145,high_amplitude,True,,387.0,1,14,8,development,S014R08E14,1,4,train
0,4.1,4.1,1146,high_amplitude,True,,287.99999999999994,1,14,12,development,S014R12E00,0,4,train
1,12.3,4.1,1147,high_amplitude,True,,252.99999999999997,0,14,12,development,S014R12E01,0,4,train
2,20.5,4.1,1148,high_amplitude,True,,247.99999999999991,0,14,12,development,S014R12E02,1,4,train
3,28.7,4.1,1149,high_amplitude,True,,299.0,1,14,12,development,S014R12E03,1,4,train
4,36.9,4.1,1150,high_amplitude,True,,256.0,0,14,12,development,S014R12E04,0,4,train
5,45.1,4.1,1151,high_amplitude,True,,611.0,1,14,12,development,S014R12E05,1,4,train
6,53.3,4.1,1152,high_amplitude,True,,605.0,0,14,12,development,S014R12E06,0,4,train
7,61.5,4.1,1153,high_amplitude,True,,274.0,1,14,12,development,S014R12E07,1,4,train
8,69.7,4.1,1154,high_amplitude,True,,381.99999999999994,0,14,12,development,S014R12E08,0,4,train
9,77.9,4.1,1155,high_amplitude,True,,487.0,1,14,12,development,S014R12E09,1,4,train
10,86.1,4.1,1156,high_amplitude,True,,298.0,0,14,12,development,S014R12E10,0,4,train
11,94.3,4.1,1157,high_amplitude,True,,251.00000000000003,1,14,12,development,S014R12E11,0,4,train
12,102.5,4.1,1158,high_amplitude,True,,367.00000000000006,0,14,12,development,S014R12E12,0,4,train
13,110.7,4.1,1159,high_amplitude,True,,307.0,1,14,12,development,S014R12E13,1,4,train
14,118.9,4.1,1160,high_amplitude,True,,396.0,0,14,12,development,S014R12E14,0,4,train
0,4.1,4.1,1161,high_amplitude,True,,665.9999999999999,1,39,4,development,S039R04E00,0,4,train
1,12.3,4.1,1162,high_amplitude,True,,465.0,0,39,4,development,S039R04E01,0,4,train
2,20.5,4.1,1163,high_amplitude,True,,414.0,1,39,4,development,S039R04E02,1,4,train
3,28.7,4.1,1164,high_amplitude,True,,735.0,0,39,4,development,S039R04E03,0,4,train
4,36.9,4.1,1165,high_amplitude,True,,740.0,0,39,4,development,S039R04E04,0,4,train
5,45.1,4.1,1166,high_amplitude,True,,1072.0,1,39,4,development,S039R04E05,0,4,train
6,53.3,4.1,1167,high_amplitude,True,,625.0,0,39,4,development,S039R04E06,0,4,train
7,61.5,4.1,1168,high_amplitude,True,,525.0,1,39,4,development,S039R04E07,1,4,train
8,69.7,4.1,1169,high_amplitude,True,,539.0,1,39,4,development,S039R04E08,0,4,train
9,77.9,4.1,1170,high_amplitude,True,,838.9999999999999,0,39,4,development,S039R04E09,0,4,train
10,86.1,4.1,1171,high_amplitude,True,,665.0,0,39,4,development,S039R04E10,1,4,train
11,94.3,4.1,1172,high_amplitude,True,,531.9999999999999,1,39,4,development,S039R04E11,1,4,train
12,102.5,4.1,1173,high_amplitude,True,,598.0,1,39,4,development,S039R04E12,1,4,train
13,110.7,4.1,1174,high_amplitude,True,,601.0,0,39,4,development,S039R04E13,1,4,train
14,118.9,4.1,1175,high_amplitude,True,,925.0,0,39,4,development,S039R04E14,0,4,train
0,4.1,4.1,1176,high_amplitude,True,,802.9999999999999,1,39,8,development,S039R08E00,0,4,train
1,12.3,4.1,1177,high_amplitude,True,,1056.0,0,39,8,development,S039R08E01,0,4,train
2,20.5,4.1,1178,high_amplitude,True,,978.0,1,39,8,development,S039R08E02,1,4,train
3,28.7,4.1,1179,high_amplitude,True,,1063.9999999999998,0,39,8,development,S039R08E03,0,4,train
4,36.9,4.1,1180,high_amplitude,True,,1229.0,1,39,8,development,S039R08E04,1,4,train
5,45.1,4.1,1181,high_amplitude,True,,777.9999999999999,0,39,8,development,S039R08E05,1,4,train
6,53.3,4.1,1182,high_amplitude,True,,1020.0,1,39,8,development,S039R08E06,0,4,train
7,61.5,4.1,1183,high_amplitude,True,,937.0,0,39,8,development,S039R08E07,0,4,train
8,69.7,4.1,1184,high_amplitude,True,,962.0,1,39,8,development,S039R08E08,0,4,train
9,77.9,4.1,1185,high_amplitude,True,,1060.0,0,39,8,development,S039R08E09,0,4,train
10,86.1,4.1,1186,high_amplitude,True,,708.0,1,39,8,development,S039R08E10,1,4,train
11,94.3,4.1,1187,high_amplitude,True,,900.0,0,39,8,development,S039R08E11,0,4,train
12,102.5,4.1,1188,high_amplitude,True,,1264.0,0,39,8,development,S039R08E12,1,4,train
13,110.7,4.1,1189,high_amplitude,True,,743.0,1,39,8,development,S039R08E13,0,4,train
14,118.9,4.1,1190,high_amplitude,True,,1222.0,0,39,8,development,S039R08E14,1,4,train
0,4.1,4.1,1191,high_amplitude,True,,841.9999999999999,0,39,12,development,S039R12E00,0,4,train
1,12.3,4.1,1192,high_amplitude,True,,1158.9999999999998,1,39,12,development,S039R12E01,0,4,train
2,20.5,4.1,1193,high_amplitude,True,,1186.0,1,39,12,development,S039R12E02,1,4,train
3,28.7,4.1,1194,high_amplitude,True,,1266.0,0,39,12,development,S039R12E03,1,4,train
4,36.9,4.1,1195,high_amplitude,True,,1060.0,1,39,12,development,S039R12E04,0,4,train
5,45.1,4.1,1196,high_amplitude,True,,1034.0,0,39,12,development,S039R12E05,0,4,train
6,53.3,4.1,1197,high_amplitude,True,,717.9999999999999,0,39,12,development,S039R12E06,0,4,train
7,61.5,4.1,1198,high_amplitude,True,,1231.0,1,39,12,development,S039R12E07,1,4,train
8,69.7,4.1,1199,high_amplitude,True,,1167.0,0,39,12,development,S039R12E08,0,4,train
9,77.9,4.1,1200,high_amplitude,True,,902.0,1,39,12,development,S039R12E09,0,4,train
10,86.1,4.1,1201,high_amplitude,True,,606.0,0,39,12,development,S039R12E10,0,4,train
11,94.3,4.1,1202,high_amplitude,True,,1121.0,1,39,12,development,S039R12E11,1,4,train
12,102.5,4.1,1203,high_amplitude,True,,974.0,1,39,12,development,S039R12E12,1,4,train
13,110.7,4.1,1204,high_amplitude,True,,1050.0,0,39,12,development,S039R12E13,1,4,train
14,118.9,4.1,1205,high_amplitude,True,,1194.0,1,39,12,development,S039R12E14,1,4,train
0,4.1,4.1,1206,ok,False,,79.0,1,18,4,development,S018R04E00,0,4,train
1,12.3,4.1,1207,ok,False,,76.0,0,18,4,development,S018R04E01,0,4,train
2,20.5,4.1,1208,ok,False,,87.0,0,18,4,development,S018R04E02,1,4,train
3,28.7,4.1,1209,ok,False,,87.0,1,18,4,development,S018R04E03,0,4,train
4,36.9,4.1,1210,ok,False,,80.99999999999999,0,18,4,development,S018R04E04,0,4,train
5,45.1,4.1,1211,ok,False,,85.0,1,18,4,development,S018R04E05,0,4,train
6,53.3,4.1,1212,ok,False,,89.0,1,18,4,development,S018R04E06,1,4,train
7,61.5,4.1,1213,high_amplitude,True,,233.0,0,18,4,development,S018R04E07,0,4,train
8,69.7,4.1,1214,ok,False,,70.99999999999999,0,18,4,development,S018R04E08,1,4,train
9,77.9,4.1,1215,high_amplitude,True,,234.0,1,18,4,development,S018R04E09,0,4,train
10,86.1,4.1,1216,high_amplitude,True,,217.0,0,18,4,development,S018R04E10,1,4,train
11,94.3,4.1,1217,ok,False,,83.0,1,18,4,development,S018R04E11,1,4,train
12,102.5,4.1,1218,ok,False,,79.0,1,18,4,development,S018R04E12,0,4,train
13,110.7,4.1,1219,high_amplitude,True,,218.0,0,18,4,development,S018R04E13,0,4,train
14,118.9,4.1,1220,ok,False,,166.0,1,18,4,development,S018R04E14,0,4,train
0,4.1,4.1,1221,ok,False,,70.99999999999999,1,18,8,development,S018R08E00,1,4,train
1,12.3,4.1,1222,ok,False,,86.0,0,18,8,development,S018R08E01,0,4,train
2,20.5,4.1,1223,high_amplitude,True,,236.99999999999997,0,18,8,development,S018R08E02,1,4,train
3,28.7,4.1,1224,high_amplitude,True,,208.99999999999997,1,18,8,development,S018R08E03,1,4,train
4,36.9,4.1,1225,high_amplitude,True,,241.0,0,18,8,development,S018R08E04,1,4,train
5,45.1,4.1,1226,ok,False,,110.0,1,18,8,development,S018R08E05,1,4,train
6,53.3,4.1,1227,ok,False,,121.0,0,18,8,development,S018R08E06,1,4,train
7,61.5,4.1,1228,high_amplitude,True,,251.00000000000003,1,18,8,development,S018R08E07,0,4,train
8,69.7,4.1,1229,high_amplitude,True,,252.99999999999997,0,18,8,development,S018R08E08,1,4,train
9,77.9,4.1,1230,high_amplitude,True,,237.99999999999997,1,18,8,development,S018R08E09,0,4,train
10,86.1,4.1,1231,high_amplitude,True,,224.0,0,18,8,development,S018R08E10,0,4,train
11,94.3,4.1,1232,high_amplitude,True,,239.0,1,18,8,development,S018R08E11,1,4,train
12,102.5,4.1,1233,high_amplitude,True,,239.99999999999997,1,18,8,development,S018R08E12,0,4,train
13,110.7,4.1,1234,high_amplitude,True,,237.99999999999997,0,18,8,development,S018R08E13,1,4,train
14,118.9,4.1,1235,high_amplitude,True,,251.00000000000003,0,18,8,development,S018R08E14,1,4,train
0,4.1,4.1,1236,high_amplitude,True,,239.99999999999997,0,18,12,development,S018R12E00,0,4,train
1,12.3,4.1,1237,high_amplitude,True,,252.0,1,18,12,development,S018R12E01,0,4,train
2,20.5,4.1,1238,high_amplitude,True,,228.0,1,18,12,development,S018R12E02,1,4,train
3,28.7,4.1,1239,high_amplitude,True,,219.0,0,18,12,development,S018R12E03,1,4,train
4,36.9,4.1,1240,high_amplitude,True,,239.99999999999997,0,18,12,development,S018R12E04,0,4,train
5,45.1,4.1,1241,high_amplitude,True,,230.99999999999997,1,18,12,development,S018R12E05,0,4,train
6,53.3,4.1,1242,high_amplitude,True,,237.99999999999997,0,18,12,development,S018R12E06,0,4,train
7,61.5,4.1,1243,high_amplitude,True,,243.0,1,18,12,development,S018R12E07,1,4,train
8,69.7,4.1,1244,high_amplitude,True,,237.00000000000003,1,18,12,development,S018R12E08,0,4,train
9,77.9,4.1,1245,high_amplitude,True,,237.99999999999997,0,18,12,development,S018R12E09,1,4,train
10,86.1,4.1,1246,high_amplitude,True,,248.0,1,18,12,development,S018R12E10,1,4,train
11,94.3,4.1,1247,high_amplitude,True,,230.0,0,18,12,development,S018R12E11,0,4,train
12,102.5,4.1,1248,high_amplitude,True,,218.0,0,18,12,development,S018R12E12,1,4,train
13,110.7,4.1,1249,high_amplitude,True,,222.0,1,18,12,development,S018R12E13,0,4,train
14,118.9,4.1,1250,high_amplitude,True,,227.0,1,18,12,development,S018R12E14,1,4,train
0,4.1,4.1,1296,high_amplitude,True,,388.0,0,82,4,development,S082R04E00,0,4,train
1,12.3,4.1,1297,high_amplitude,True,,389.0,1,82,4,development,S082R04E01,1,4,train
2,20.5,4.1,1298,high_amplitude,True,,366.0,0,82,4,development,S082R04E02,0,4,train
3,28.7,4.1,1299,high_amplitude,True,,383.0,1,82,4,development,S082R04E03,1,4,train
4,36.9,4.1,1300,high_amplitude,True,,362.0,0,82,4,development,S082R04E04,1,4,train
5,45.1,4.1,1301,high_amplitude,True,,370.0,1,82,4,development,S082R04E05,1,4,train
6,53.3,4.1,1302,high_amplitude,True,,384.0,0,82,4,development,S082R04E06,0,4,train
7,61.5,4.1,1303,high_amplitude,True,,356.0,1,82,4,development,S082R04E07,0,4,train
8,69.7,4.1,1304,high_amplitude,True,,350.99999999999994,1,82,4,development,S082R04E08,1,4,train
9,77.9,4.1,1305,high_amplitude,True,,414.0,0,82,4,development,S082R04E09,0,4,train
10,86.1,4.1,1306,high_amplitude,True,,341.0,1,82,4,development,S082R04E10,0,4,train
11,94.3,4.1,1307,high_amplitude,True,,368.0,0,82,4,development,S082R04E11,1,4,train
12,102.5,4.1,1308,high_amplitude,True,,336.0,1,82,4,development,S082R04E12,1,4,train
13,110.7,4.1,1309,high_amplitude,True,,365.0,0,82,4,development,S082R04E13,1,4,train
14,118.9,4.1,1310,high_amplitude,True,,325.0,0,82,4,development,S082R04E14,0,4,train
0,4.1,4.1,1311,high_amplitude,True,,208.0,0,82,8,development,S082R08E00,0,4,train
1,12.3,4.1,1312,high_amplitude,True,,265.99999999999994,1,82,8,development,S082R08E01,1,4,train
2,20.5,4.1,1313,high_amplitude,True,,291.0,0,82,8,development,S082R08E02,0,4,train
3,28.7,4.1,1314,high_amplitude,True,,339.0,1,82,8,development,S082R08E03,1,4,train
4,36.9,4.1,1315,high_amplitude,True,,322.0,1,82,8,development,S082R08E04,1,4,train
5,45.1,4.1,1316,high_amplitude,True,,445.0,0,82,8,development,S082R08E05,0,4,train
6,53.3,4.1,1317,high_amplitude,True,,513.9999999999999,1,82,8,development,S082R08E06,1,4,train
7,61.5,4.1,1318,high_amplitude,True,,398.0,0,82,8,development,S082R08E07,1,4,train
8,69.7,4.1,1319,high_amplitude,True,,448.99999999999994,0,82,8,development,S082R08E08,1,4,train
9,77.9,4.1,1320,high_amplitude,True,,281.0,1,82,8,development,S082R08E09,1,4,train
10,86.1,4.1,1321,high_amplitude,True,,423.0,0,82,8,development,S082R08E10,1,4,train
11,94.3,4.1,1322,high_amplitude,True,,424.0,1,82,8,development,S082R08E11,1,4,train
12,102.5,4.1,1323,high_amplitude,True,,392.0,0,82,8,development,S082R08E12,0,4,train
13,110.7,4.1,1324,high_amplitude,True,,301.99999999999994,1,82,8,development,S082R08E13,0,4,train
14,118.9,4.1,1325,high_amplitude,True,,260.00000000000006,1,82,8,development,S082R08E14,0,4,train
0,4.1,4.1,1326,high_amplitude,True,,272.99999999999994,0,82,12,development,S082R12E00,0,4,train
1,12.3,4.1,1327,high_amplitude,True,,291.0,1,82,12,development,S082R12E01,1,4,train
2,20.5,4.1,1328,high_amplitude,True,,510.99999999999994,1,82,12,development,S082R12E02,1,4,train
3,28.7,4.1,1329,high_amplitude,True,,488.0,0,82,12,development,S082R12E03,1,4,train
4,36.9,4.1,1330,high_amplitude,True,,441.0,0,82,12,development,S082R12E04,1,4,train
5,45.1,4.1,1331,high_amplitude,True,,341.99999999999994,1,82,12,development,S082R12E05,1,4,train
6,53.3,4.1,1332,high_amplitude,True,,450.99999999999994,0,82,12,development,S082R12E06,0,4,train
7,61.5,4.1,1333,high_amplitude,True,,465.0,1,82,12,development,S082R12E07,1,4,train
8,69.7,4.1,1334,high_amplitude,True,,245.0,0,82,12,development,S082R12E08,0,4,train
9,77.9,4.1,1335,high_amplitude,True,,330.0,1,82,12,development,S082R12E09,1,4,train
10,86.1,4.1,1336,high_amplitude,True,,254.0,0,82,12,development,S082R12E10,1,4,train
11,94.3,4.1,1337,high_amplitude,True,,307.0,1,82,12,development,S082R12E11,0,4,train
12,102.5,4.1,1338,high_amplitude,True,,250.0,1,82,12,development,S082R12E12,1,4,train
13,110.7,4.1,1339,ok,False,,199.99999999999997,0,82,12,development,S082R12E13,1,4,train
14,118.9,4.1,1340,high_amplitude,True,,416.99999999999994,0,82,12,development,S082R12E14,0,4,train
0,4.1,4.1,171,high_amplitude,True,,451.0,0,15,4,development,S015R04E00,1,4,validation
1,12.3,4.1,172,high_amplitude,True,,411.0,1,15,4,development,S015R04E01,1,4,validation
2,20.5,4.1,173,high_amplitude,True,,492.99999999999994,0,15,4,development,S015R04E02,1,4,validation
3,28.7,4.1,174,high_amplitude,True,,463.0,1,15,4,development,S015R04E03,1,4,validation
4,36.9,4.1,175,high_amplitude,True,,419.0,1,15,4,development,S015R04E04,1,4,validation
5,45.1,4.1,176,high_amplitude,True,,463.0,0,15,4,development,S015R04E05,1,4,validation
6,53.3,4.1,177,high_amplitude,True,,341.0,0,15,4,development,S015R04E06,1,4,validation
7,61.5,4.1,178,high_amplitude,True,,359.99999999999994,1,15,4,development,S015R04E07,1,4,validation
8,69.7,4.1,179,high_amplitude,True,,387.0,0,15,4,development,S015R04E08,1,4,validation
9,77.9,4.1,180,high_amplitude,True,,349.0,1,15,4,development,S015R04E09,1,4,validation
10,86.1,4.1,181,high_amplitude,True,,359.99999999999994,1,15,4,development,S015R04E10,1,4,validation
11,94.3,4.1,182,high_amplitude,True,,372.99999999999994,0,15,4,development,S015R04E11,0,4,validation
12,102.5,4.1,183,high_amplitude,True,,327.99999999999994,1,15,4,development,S015R04E12,1,4,validation
13,110.7,4.1,184,high_amplitude,True,,338.0,0,15,4,development,S015R04E13,1,4,validation
14,118.9,4.1,185,high_amplitude,True,,318.00000000000006,1,15,4,development,S015R04E14,1,4,validation
0,4.1,4.1,186,high_amplitude,True,,307.0,1,15,8,development,S015R08E00,1,4,validation
1,12.3,4.1,187,high_amplitude,True,,335.0,0,15,8,development,S015R08E01,1,4,validation
2,20.5,4.1,188,high_amplitude,True,,327.0,1,15,8,development,S015R08E02,1,4,validation
3,28.7,4.1,189,high_amplitude,True,,296.99999999999994,0,15,8,development,S015R08E03,0,4,validation
4,36.9,4.1,190,high_amplitude,True,,323.99999999999994,0,15,8,development,S015R08E04,1,4,validation
5,45.1,4.1,191,high_amplitude,True,,420.99999999999994,1,15,8,development,S015R08E05,1,4,validation
6,53.3,4.1,192,high_amplitude,True,,383.0,1,15,8,development,S015R08E06,0,4,validation
7,61.5,4.1,193,high_amplitude,True,,434.0,0,15,8,development,S015R08E07,1,4,validation
8,69.7,4.1,194,high_amplitude,True,,376.99999999999994,1,15,8,development,S015R08E08,1,4,validation
9,77.9,4.1,195,high_amplitude,True,,358.99999999999994,0,15,8,development,S015R08E09,0,4,validation
10,86.1,4.1,196,high_amplitude,True,,363.0,0,15,8,development,S015R08E10,1,4,validation
11,94.3,4.1,197,high_amplitude,True,,303.0,1,15,8,development,S015R08E11,1,4,validation
12,102.5,4.1,198,high_amplitude,True,,338.0,0,15,8,development,S015R08E12,0,4,validation
13,110.7,4.1,199,high_amplitude,True,,304.0,1,15,8,development,S015R08E13,1,4,validation
14,118.9,4.1,200,high_amplitude,True,,314.0,0,15,8,development,S015R08E14,1,4,validation
0,4.1,4.1,201,high_amplitude,True,,312.0,1,15,12,development,S015R12E00,1,4,validation
1,12.3,4.1,202,high_amplitude,True,,250.99999999999997,0,15,12,development,S015R12E01,0,4,validation
2,20.5,4.1,203,high_amplitude,True,,276.0,1,15,12,development,S015R12E02,1,4,validation
3,28.7,4.1,204,high_amplitude,True,,301.99999999999994,0,15,12,development,S015R12E03,0,4,validation
4,36.9,4.1,205,high_amplitude,True,,517.0,0,15,12,development,S015R12E04,1,4,validation
5,45.1,4.1,206,high_amplitude,True,,239.99999999999997,1,15,12,development,S015R12E05,1,4,validation
6,53.3,4.1,207,high_amplitude,True,,294.0,1,15,12,development,S015R12E06,1,4,validation
7,61.5,4.1,208,high_amplitude,True,,290.0,0,15,12,development,S015R12E07,1,4,validation
8,69.7,4.1,209,high_amplitude,True,,398.0,1,15,12,development,S015R12E08,1,4,validation
9,77.9,4.1,210,high_amplitude,True,,486.0,0,15,12,development,S015R12E09,1,4,validation
10,86.1,4.1,211,high_amplitude,True,,445.0,0,15,12,development,S015R12E10,0,4,validation
11,94.3,4.1,212,high_amplitude,True,,330.0,1,15,12,development,S015R12E11,1,4,validation
12,102.5,4.1,213,high_amplitude,True,,313.0,0,15,12,development,S015R12E12,1,4,validation
13,110.7,4.1,214,high_amplitude,True,,281.99999999999994,1,15,12,development,S015R12E13,1,4,validation
14,118.9,4.1,215,high_amplitude,True,,271.0,0,15,12,development,S015R12E14,1,4,validation
0,4.1,4.1,261,high_amplitude,True,,272.99999999999994,1,36,4,development,S036R04E00,1,4,validation
1,12.3,4.1,262,high_amplitude,True,,345.99999999999994,0,36,4,development,S036R04E01,1,4,validation
2,20.5,4.1,263,high_amplitude,True,,1042.0,1,36,4,development,S036R04E02,0,4,validation
3,28.7,4.1,264,high_amplitude,True,,497.99999999999994,0,36,4,development,S036R04E03,1,4,validation
4,36.9,4.1,265,high_amplitude,True,,513.9999999999999,0,36,4,development,S036R04E04,0,4,validation
5,45.1,4.1,266,high_amplitude,True,,416.00000000000006,1,36,4,development,S036R04E05,1,4,validation
6,53.3,4.1,267,high_amplitude,True,,279.0,1,36,4,development,S036R04E06,1,4,validation
7,61.5,4.1,268,high_amplitude,True,,378.0,0,36,4,development,S036R04E07,0,4,validation
8,69.7,4.1,269,high_amplitude,True,,517.0,0,36,4,development,S036R04E08,1,4,validation
9,77.9,4.1,270,high_amplitude,True,,294.0,1,36,4,development,S036R04E09,1,4,validation
10,86.1,4.1,271,high_amplitude,True,,401.0,0,36,4,development,S036R04E10,0,4,validation
11,94.3,4.1,272,high_amplitude,True,,339.0,1,36,4,development,S036R04E11,1,4,validation
12,102.5,4.1,273,high_amplitude,True,,296.0,0,36,4,development,S036R04E12,1,4,validation
13,110.7,4.1,274,high_amplitude,True,,577.0,1,36,4,development,S036R04E13,0,4,validation
14,118.9,4.1,275,high_amplitude,True,,534.0,0,36,4,development,S036R04E14,0,4,validation
0,4.1,4.1,276,high_amplitude,True,,343.0,0,36,8,development,S036R08E00,0,4,validation
1,12.3,4.1,277,high_amplitude,True,,320.0,1,36,8,development,S036R08E01,0,4,validation
2,20.5,4.1,278,high_amplitude,True,,420.0,1,36,8,development,S036R08E02,0,4,validation
3,28.7,4.1,279,high_amplitude,True,,807.9999999999999,0,36,8,development,S036R08E03,1,4,validation
4,36.9,4.1,280,high_amplitude,True,,655.0,0,36,8,development,S036R08E04,1,4,validation
5,45.1,4.1,281,high_amplitude,True,,625.0,1,36,8,development,S036R08E05,1,4,validation
6,53.3,4.1,282,high_amplitude,True,,841.0,0,36,8,development,S036R08E06,1,4,validation
7,61.5,4.1,283,high_amplitude,True,,1044.0,1,36,8,development,S036R08E07,0,4,validation
8,69.7,4.1,284,high_amplitude,True,,1112.9999999999998,1,36,8,development,S036R08E08,1,4,validation
9,77.9,4.1,285,high_amplitude,True,,1049.0,0,36,8,development,S036R08E09,1,4,validation
10,86.1,4.1,286,high_amplitude,True,,501.99999999999994,1,36,8,development,S036R08E10,1,4,validation
11,94.3,4.1,287,high_amplitude,True,,426.99999999999994,0,36,8,development,S036R08E11,0,4,validation
12,102.5,4.1,288,high_amplitude,True,,747.0,1,36,8,development,S036R08E12,0,4,validation
13,110.7,4.1,289,high_amplitude,True,,365.99999999999994,0,36,8,development,S036R08E13,0,4,validation
14,118.9,4.1,290,high_amplitude,True,,398.0,1,36,8,development,S036R08E14,0,4,validation
0,4.1,4.1,291,high_amplitude,True,,359.0,0,36,12,development,S036R12E00,1,4,validation
1,12.3,4.1,292,high_amplitude,True,,763.0,1,36,12,development,S036R12E01,1,4,validation
2,20.5,4.1,293,high_amplitude,True,,1082.0,1,36,12,development,S036R12E02,1,4,validation
3,28.7,4.1,294,high_amplitude,True,,639.0,0,36,12,development,S036R12E03,0,4,validation
4,36.9,4.1,295,high_amplitude,True,,812.9999999999999,1,36,12,development,S036R12E04,0,4,validation
5,45.1,4.1,296,high_amplitude,True,,1056.0,0,36,12,development,S036R12E05,1,4,validation
6,53.3,4.1,297,high_amplitude,True,,1112.9999999999998,0,36,12,development,S036R12E06,0,4,validation
7,61.5,4.1,298,high_amplitude,True,,811.0,1,36,12,development,S036R12E07,0,4,validation
8,69.7,4.1,299,high_amplitude,True,,761.0,1,36,12,development,S036R12E08,1,4,validation
9,77.9,4.1,300,high_amplitude,True,,904.0,0,36,12,development,S036R12E09,1,4,validation
10,86.1,4.1,301,high_amplitude,True,,792.9999999999999,1,36,12,development,S036R12E10,0,4,validation
11,94.3,4.1,302,high_amplitude,True,,776.0,0,36,12,development,S036R12E11,1,4,validation
12,102.5,4.1,303,high_amplitude,True,,794.9999999999999,0,36,12,development,S036R12E12,1,4,validation
13,110.7,4.1,304,high_amplitude,True,,730.0,1,36,12,development,S036R12E13,1,4,validation
14,118.9,4.1,305,high_amplitude,True,,1088.0,0,36,12,development,S036R12E14,1,4,validation
0,4.1,4.1,306,high_amplitude,True,,910.0,1,70,4,development,S070R04E00,0,4,validation
1,12.3,4.1,307,high_amplitude,True,,821.0,0,70,4,development,S070R04E01,1,4,validation
2,20.5,4.1,308,high_amplitude,True,,518.9999999999999,1,70,4,development,S070R04E02,0,4,validation
3,28.7,4.1,309,high_amplitude,True,,718.0,0,70,4,development,S070R04E03,1,4,validation
4,36.9,4.1,310,high_amplitude,True,,822.0,0,70,4,development,S070R04E04,0,4,validation
5,45.1,4.1,311,high_amplitude,True,,722.0,1,70,4,development,S070R04E05,0,4,validation
6,53.3,4.1,312,high_amplitude,True,,634.9999999999999,1,70,4,development,S070R04E06,0,4,validation
7,61.5,4.1,313,high_amplitude,True,,816.9999999999999,0,70,4,development,S070R04E07,0,4,validation
8,69.7,4.1,314,high_amplitude,True,,861.9999999999999,0,70,4,development,S070R04E08,0,4,validation
9,77.9,4.1,315,high_amplitude,True,,797.0,1,70,4,development,S070R04E09,0,4,validation
10,86.1,4.1,316,high_amplitude,True,,783.0000000000001,0,70,4,development,S070R04E10,0,4,validation
11,94.3,4.1,317,high_amplitude,True,,426.99999999999994,1,70,4,development,S070R04E11,0,4,validation
12,102.5,4.1,318,high_amplitude,True,,655.9999999999999,1,70,4,development,S070R04E12,1,4,validation
13,110.7,4.1,319,high_amplitude,True,,727.9999999999999,0,70,4,development,S070R04E13,0,4,validation
14,118.9,4.1,320,high_amplitude,True,,745.0,1,70,4,development,S070R04E14,0,4,validation
0,4.1,4.1,321,high_amplitude,True,,902.0,1,70,8,development,S070R08E00,0,4,validation
1,12.3,4.1,322,high_amplitude,True,,647.0,0,70,8,development,S070R08E01,0,4,validation
2,20.5,4.1,323,high_amplitude,True,,408.99999999999994,0,70,8,development,S070R08E02,1,4,validation
3,28.7,4.1,324,high_amplitude,True,,902.0,1,70,8,development,S070R08E03,0,4,validation
4,36.9,4.1,325,high_amplitude,True,,452.99999999999994,1,70,8,development,S070R08E04,0,4,validation
5,45.1,4.1,326,high_amplitude,True,,793.0,0,70,8,development,S070R08E05,0,4,validation
6,53.3,4.1,327,high_amplitude,True,,761.0,1,70,8,development,S070R08E06,0,4,validation
7,61.5,4.1,328,high_amplitude,True,,907.0,0,70,8,development,S070R08E07,0,4,validation
8,69.7,4.1,329,high_amplitude,True,,412.99999999999994,1,70,8,development,S070R08E08,1,4,validation
9,77.9,4.1,330,high_amplitude,True,,708.0,0,70,8,development,S070R08E09,0,4,validation
10,86.1,4.1,331,high_amplitude,True,,500.99999999999994,1,70,8,development,S070R08E10,0,4,validation
11,94.3,4.1,332,high_amplitude,True,,834.0,0,70,8,development,S070R08E11,1,4,validation
12,102.5,4.1,333,high_amplitude,True,,799.0,0,70,8,development,S070R08E12,1,4,validation
13,110.7,4.1,334,high_amplitude,True,,759.0,1,70,8,development,S070R08E13,0,4,validation
14,118.9,4.1,335,high_amplitude,True,,683.0,0,70,8,development,S070R08E14,0,4,validation
0,4.1,4.1,336,high_amplitude,True,,348.0,1,70,12,development,S070R12E00,0,4,validation
1,12.3,4.1,337,high_amplitude,True,,410.0,0,70,12,development,S070R12E01,0,4,validation
2,20.5,4.1,338,high_amplitude,True,,372.0,0,70,12,development,S070R12E02,0,4,validation
3,28.7,4.1,339,high_amplitude,True,,368.99999999999994,1,70,12,development,S070R12E03,0,4,validation
4,36.9,4.1,340,high_amplitude,True,,401.0,0,70,12,development,S070R12E04,0,4,validation
5,45.1,4.1,341,high_amplitude,True,,387.0,1,70,12,development,S070R12E05,0,4,validation
6,53.3,4.1,342,high_amplitude,True,,322.0,0,70,12,development,S070R12E06,0,4,validation
7,61.5,4.1,343,high_amplitude,True,,383.99999999999994,1,70,12,development,S070R12E07,1,4,validation
8,69.7,4.1,344,high_amplitude,True,,518.0,0,70,12,development,S070R12E08,0,4,validation
9,77.9,4.1,345,high_amplitude,True,,443.0,1,70,12,development,S070R12E09,0,4,validation
10,86.1,4.1,346,high_amplitude,True,,514.9999999999999,0,70,12,development,S070R12E10,0,4,validation
11,94.3,4.1,347,high_amplitude,True,,419.0,1,70,12,development,S070R12E11,1,4,validation
12,102.5,4.1,348,high_amplitude,True,,892.9999999999999,0,70,12,development,S070R12E12,1,4,validation
13,110.7,4.1,349,high_amplitude,True,,606.0,1,70,12,development,S070R12E13,0,4,validation
14,118.9,4.1,350,high_amplitude,True,,374.0,1,70,12,development,S070R12E14,0,4,validation
0,4.1,4.1,711,high_amplitude,True,,401.0,1,87,4,development,S087R04E00,1,4,validation
1,12.3,4.1,712,high_amplitude,True,,289.0,0,87,4,development,S087R04E01,1,4,validation
2,20.5,4.1,713,high_amplitude,True,,318.0,0,87,4,development,S087R04E02,1,4,validation
3,28.7,4.1,714,high_amplitude,True,,472.99999999999994,1,87,4,development,S087R04E03,1,4,validation
4,36.9,4.1,715,high_amplitude,True,,380.0,0,87,4,development,S087R04E04,1,4,validation
5,45.1,4.1,716,high_amplitude,True,,428.0,1,87,4,development,S087R04E05,1,4,validation
6,53.3,4.1,717,high_amplitude,True,,505.99999999999994,0,87,4,development,S087R04E06,1,4,validation
7,61.5,4.1,718,high_amplitude,True,,746.9999999999999,1,87,4,development,S087R04E07,1,4,validation
8,69.7,4.1,719,high_amplitude,True,,392.0,0,87,4,development,S087R04E08,1,4,validation
9,77.9,4.1,720,high_amplitude,True,,815.0,1,87,4,development,S087R04E09,1,4,validation
10,86.1,4.1,721,high_amplitude,True,,486.0,0,87,4,development,S087R04E10,1,4,validation
11,94.3,4.1,722,high_amplitude,True,,330.0,1,87,4,development,S087R04E11,1,4,validation
12,102.5,4.1,723,high_amplitude,True,,1050.0,0,87,4,development,S087R04E12,1,4,validation
13,110.7,4.1,724,high_amplitude,True,,379.0,1,87,4,development,S087R04E13,1,4,validation
14,118.9,4.1,725,high_amplitude,True,,548.0,0,87,4,development,S087R04E14,1,4,validation
0,4.1,4.1,726,high_amplitude,True,,278.0,1,87,8,development,S087R08E00,1,4,validation
1,12.3,4.1,727,high_amplitude,True,,358.0,0,87,8,development,S087R08E01,1,4,validation
2,20.5,4.1,728,high_amplitude,True,,392.0,0,87,8,development,S087R08E02,1,4,validation
3,28.7,4.1,729,high_amplitude,True,,384.0,1,87,8,development,S087R08E03,1,4,validation
4,36.9,4.1,730,high_amplitude,True,,484.99999999999994,0,87,8,development,S087R08E04,1,4,validation
5,45.1,4.1,731,high_amplitude,True,,352.0,1,87,8,development,S087R08E05,1,4,validation
6,53.3,4.1,732,high_amplitude,True,,362.0,1,87,8,development,S087R08E06,1,4,validation
7,61.5,4.1,733,high_amplitude,True,,383.0,0,87,8,development,S087R08E07,1,4,validation
8,69.7,4.1,734,high_amplitude,True,,406.0,0,87,8,development,S087R08E08,1,4,validation
9,77.9,4.1,735,high_amplitude,True,,381.0,1,87,8,development,S087R08E09,1,4,validation
10,86.1,4.1,736,high_amplitude,True,,341.0,1,87,8,development,S087R08E10,1,4,validation
11,94.3,4.1,737,high_amplitude,True,,450.0,0,87,8,development,S087R08E11,1,4,validation
12,102.5,4.1,738,high_amplitude,True,,503.0,0,87,8,development,S087R08E12,1,4,validation
13,110.7,4.1,739,high_amplitude,True,,457.99999999999994,1,87,8,development,S087R08E13,1,4,validation
14,118.9,4.1,740,high_amplitude,True,,436.0,1,87,8,development,S087R08E14,1,4,validation
0,4.1,4.1,741,high_amplitude,True,,336.00000000000006,1,87,12,development,S087R12E00,1,4,validation
1,12.3,4.1,742,high_amplitude,True,,320.0,0,87,12,development,S087R12E01,0,4,validation
2,20.5,4.1,743,high_amplitude,True,,345.0,1,87,12,development,S087R12E02,1,4,validation
3,28.7,4.1,744,high_amplitude,True,,619.0,0,87,12,development,S087R12E03,1,4,validation
4,36.9,4.1,745,high_amplitude,True,,334.0,0,87,12,development,S087R12E04,1,4,validation
5,45.1,4.1,746,high_amplitude,True,,327.0,1,87,12,development,S087R12E05,1,4,validation
6,53.3,4.1,747,high_amplitude,True,,910.0,0,87,12,development,S087R12E06,1,4,validation
7,61.5,4.1,748,high_amplitude,True,,318.0,1,87,12,development,S087R12E07,1,4,validation
8,69.7,4.1,749,high_amplitude,True,,355.0,1,87,12,development,S087R12E08,1,4,validation
9,77.9,4.1,750,high_amplitude,True,,387.0,0,87,12,development,S087R12E09,1,4,validation
10,86.1,4.1,751,high_amplitude,True,,375.0,1,87,12,development,S087R12E10,1,4,validation
11,94.3,4.1,752,high_amplitude,True,,352.0,0,87,12,development,S087R12E11,1,4,validation
12,102.5,4.1,753,high_amplitude,True,,567.0,1,87,12,development,S087R12E12,1,4,validation
13,110.7,4.1,754,high_amplitude,True,,445.0,0,87,12,development,S087R12E13,1,4,validation
14,118.9,4.1,755,high_amplitude,True,,388.0,1,87,12,development,S087R12E14,1,4,validation
0,4.1,4.1,1251,high_amplitude,True,,206.0,0,55,4,development,S055R04E00,0,4,validation
1,12.3,4.1,1252,ok,False,,194.0,1,55,4,development,S055R04E01,0,4,validation
2,20.5,4.1,1253,high_amplitude,True,,212.0,0,55,4,development,S055R04E02,0,4,validation
3,28.7,4.1,1254,high_amplitude,True,,214.0,1,55,4,development,S055R04E03,1,4,validation
4,36.9,4.1,1255,high_amplitude,True,,226.00000000000003,1,55,4,development,S055R04E04,0,4,validation
5,45.1,4.1,1256,high_amplitude,True,,216.0,0,55,4,development,S055R04E05,0,4,validation
6,53.3,4.1,1257,high_amplitude,True,,203.0,0,55,4,development,S055R04E06,1,4,validation
7,61.5,4.1,1258,high_amplitude,True,,228.99999999999997,1,55,4,development,S055R04E07,1,4,validation
8,69.7,4.1,1259,high_amplitude,True,,239.99999999999997,1,55,4,development,S055R04E08,0,4,validation
9,77.9,4.1,1260,ok,False,,199.0,0,55,4,development,S055R04E09,0,4,validation
10,86.1,4.1,1261,high_amplitude,True,,230.0,0,55,4,development,S055R04E10,0,4,validation
11,94.3,4.1,1262,high_amplitude,True,,233.0,1,55,4,development,S055R04E11,0,4,validation
12,102.5,4.1,1263,high_amplitude,True,,226.0,1,55,4,development,S055R04E12,0,4,validation
13,110.7,4.1,1264,high_amplitude,True,,217.0,0,55,4,development,S055R04E13,0,4,validation
14,118.9,4.1,1265,high_amplitude,True,,221.0,0,55,4,development,S055R04E14,0,4,validation
0,4.1,4.1,1266,high_amplitude,True,,233.0,1,55,8,development,S055R08E00,0,4,validation
1,12.3,4.1,1267,high_amplitude,True,,213.0,0,55,8,development,S055R08E01,0,4,validation
2,20.5,4.1,1268,high_amplitude,True,,215.0,1,55,8,development,S055R08E02,1,4,validation
3,28.7,4.1,1269,high_amplitude,True,,214.0,0,55,8,development,S055R08E03,1,4,validation
4,36.9,4.1,1270,high_amplitude,True,,212.99999999999997,0,55,8,development,S055R08E04,0,4,validation
5,45.1,4.1,1271,high_amplitude,True,,241.99999999999997,1,55,8,development,S055R08E05,1,4,validation
6,53.3,4.1,1272,high_amplitude,True,,212.99999999999997,1,55,8,development,S055R08E06,1,4,validation
7,61.5,4.1,1273,high_amplitude,True,,223.0,0,55,8,development,S055R08E07,0,4,validation
8,69.7,4.1,1274,high_amplitude,True,,230.99999999999997,0,55,8,development,S055R08E08,0,4,validation
9,77.9,4.1,1275,high_amplitude,True,,239.99999999999997,1,55,8,development,S055R08E09,1,4,validation
10,86.1,4.1,1276,high_amplitude,True,,223.99999999999997,0,55,8,development,S055R08E10,0,4,validation
11,94.3,4.1,1277,high_amplitude,True,,221.99999999999997,1,55,8,development,S055R08E11,1,4,validation
12,102.5,4.1,1278,high_amplitude,True,,201.99999999999997,1,55,8,development,S055R08E12,1,4,validation
13,110.7,4.1,1279,high_amplitude,True,,259.0,0,55,8,development,S055R08E13,0,4,validation
14,118.9,4.1,1280,high_amplitude,True,,218.0,0,55,8,development,S055R08E14,1,4,validation
0,4.1,4.1,1281,high_amplitude,True,,223.0,0,55,12,development,S055R12E00,0,4,validation
1,12.3,4.1,1282,high_amplitude,True,,250.0,1,55,12,development,S055R12E01,1,4,validation
2,20.5,4.1,1283,high_amplitude,True,,226.0,1,55,12,development,S055R12E02,1,4,validation
3,28.7,4.1,1284,high_amplitude,True,,221.0,0,55,12,development,S055R12E03,0,4,validation
4,36.9,4.1,1285,high_amplitude,True,,256.99999999999994,1,55,12,development,S055R12E04,1,4,validation
5,45.1,4.1,1286,high_amplitude,True,,210.99999999999997,0,55,12,development,S055R12E05,0,4,validation
6,53.3,4.1,1287,high_amplitude,True,,256.99999999999994,1,55,12,development,S055R12E06,0,4,validation
7,61.5,4.1,1288,high_amplitude,True,,230.0,0,55,12,development,S055R12E07,1,4,validation
8,69.7,4.1,1289,high_amplitude,True,,234.0,0,55,12,development,S055R12E08,1,4,validation
9,77.9,4.1,1290,ok,False,,197.0,1,55,12,development,S055R12E09,1,4,validation
10,86.1,4.1,1291,high_amplitude,True,,207.0,1,55,12,development,S055R12E10,1,4,validation
11,94.3,4.1,1292,high_amplitude,True,,232.99999999999997,0,55,12,development,S055R12E11,1,4,validation
12,102.5,4.1,1293,high_amplitude,True,,260.0,0,55,12,development,S055R12E12,1,4,validation
13,110.7,4.1,1294,high_amplitude,True,,223.99999999999997,1,55,12,development,S055R12E13,1,4,validation
14,118.9,4.1,1295,high_amplitude,True,,235.0,1,55,12,development,S055R12E14,1,4,validation
